id;arquivo_origem;linha_origem;valor_pago_centavos;pagamento_positivo
29;despesas_es_2024_completo_parte_01.csv;30;0;0
83;despesas_es_2024_completo_parte_01.csv;84;293810;1
197;despesas_es_2024_completo_parte_01.csv;198;407;1
203;despesas_es_2024_completo_parte_01.csv;204;11618082;1
244;despesas_es_2024_completo_parte_01.csv;245;0;0
330;despesas_es_2024_completo_parte_01.csv;331;0;0
453;despesas_es_2024_completo_parte_01.csv;454;0;0
562;despesas_es_2024_completo_parte_01.csv;563;8813881;1
570;despesas_es_2024_completo_parte_01.csv;571;359592;1
592;despesas_es_2024_completo_parte_01.csv;593;409761;1
782;despesas_es_2024_completo_parte_01.csv;783;0;0
870;despesas_es_2024_completo_parte_01.csv;871;123018;1
871;despesas_es_2024_completo_parte_01.csv;872;5857487;1
964;despesas_es_2024_completo_parte_01.csv;965;140800;1
993;despesas_es_2024_completo_parte_01.csv;994;8800;1
1209;despesas_es_2024_completo_parte_01.csv;1210;0;0
1262;despesas_es_2024_completo_parte_01.csv;1263;30677;1
1294;despesas_es_2024_completo_parte_01.csv;1295;106578;1
1393;despesas_es_2024_completo_parte_01.csv;1394;0;0
1409;despesas_es_2024_completo_parte_01.csv;1410;0;0
1457;despesas_es_2024_completo_parte_01.csv;1458;0;0
1478;despesas_es_2024_completo_parte_01.csv;1479;0;0
1481;despesas_es_2024_completo_parte_01.csv;1482;0;0
1505;despesas_es_2024_completo_parte_01.csv;1506;0;0
1526;despesas_es_2024_completo_parte_01.csv;1527;0;0
1533;despesas_es_2024_completo_parte_01.csv;1534;0;0
1563;despesas_es_2024_completo_parte_01.csv;1564;0;0
1595;despesas_es_2024_completo_parte_01.csv;1596;1489824;1
1702;despesas_es_2024_completo_parte_01.csv;1703;1696286;1
1729;despesas_es_2024_completo_parte_01.csv;1730;793298;1
1766;despesas_es_2024_completo_parte_01.csv;1767;191783;1
1872;despesas_es_2024_completo_parte_01.csv;1873;2545;1
1999;despesas_es_2024_completo_parte_01.csv;2000;0;0
2013;despesas_es_2024_completo_parte_01.csv;2014;0;0
2028;despesas_es_2024_completo_parte_01.csv;2029;0;0
2049;despesas_es_2024_completo_parte_01.csv;2050;0;0
2070;despesas_es_2024_completo_parte_01.csv;2071;0;0
2116;despesas_es_2024_completo_parte_01.csv;2117;0;0
2142;despesas_es_2024_completo_parte_01.csv;2143;0;0
2239;despesas_es_2024_completo_parte_01.csv;2240;0;0
2243;despesas_es_2024_completo_parte_01.csv;2244;0;0
2244;despesas_es_2024_completo_parte_01.csv;2245;0;0
2264;despesas_es_2024_completo_parte_01.csv;2265;0;0
2305;despesas_es_2024_completo_parte_01.csv;2306;0;0
2334;despesas_es_2024_completo_parte_01.csv;2335;0;0
2405;despesas_es_2024_completo_parte_01.csv;2406;0;0
2406;despesas_es_2024_completo_parte_01.csv;2407;0;0
2490;despesas_es_2024_completo_parte_01.csv;2491;0;0
2606;despesas_es_2024_completo_parte_01.csv;2607;1215293;1
2754;despesas_es_2024_completo_parte_01.csv;2755;195000;1
2778;despesas_es_2024_completo_parte_01.csv;2779;0;0
2857;despesas_es_2024_completo_parte_01.csv;2858;0;0
2911;despesas_es_2024_completo_parte_01.csv;2912;550000;1
2929;despesas_es_2024_completo_parte_01.csv;2930;1569285;1
2947;despesas_es_2024_completo_parte_01.csv;2948;113388;1
2980;despesas_es_2024_completo_parte_01.csv;2981;5713;1
3005;despesas_es_2024_completo_parte_01.csv;3006;8800;1
3076;despesas_es_2024_completo_parte_01.csv;3077;30800;1
3111;despesas_es_2024_completo_parte_01.csv;3112;1223279;1
3209;despesas_es_2024_completo_parte_01.csv;3210;52800;1
3244;despesas_es_2024_completo_parte_01.csv;3245;61056;1
3263;despesas_es_2024_completo_parte_01.csv;3264;22000;1
3315;despesas_es_2024_completo_parte_01.csv;3316;28079;1
3364;despesas_es_2024_completo_parte_01.csv;3365;0;0
3519;despesas_es_2024_completo_parte_01.csv;3520;0;0
3521;despesas_es_2024_completo_parte_01.csv;3522;0;0
3597;despesas_es_2024_completo_parte_01.csv;3598;0;0
3642;despesas_es_2024_completo_parte_01.csv;3643;0;0
3644;despesas_es_2024_completo_parte_01.csv;3645;0;0
3659;despesas_es_2024_completo_parte_01.csv;3660;0;0
3757;despesas_es_2024_completo_parte_01.csv;3758;0;0
3850;despesas_es_2024_completo_parte_01.csv;3851;31386;1
3892;despesas_es_2024_completo_parte_01.csv;3893;109321;1
3928;despesas_es_2024_completo_parte_01.csv;3929;30000000;1
3950;despesas_es_2024_completo_parte_01.csv;3951;7383;1
4068;despesas_es_2024_completo_parte_01.csv;4069;22000;1
4156;despesas_es_2024_completo_parte_01.csv;4157;0;0
4315;despesas_es_2024_completo_parte_01.csv;4316;23057;1
4320;despesas_es_2024_completo_parte_01.csv;4321;12156;1
4349;despesas_es_2024_completo_parte_01.csv;4350;0;0
4358;despesas_es_2024_completo_parte_01.csv;4359;75898;1
4566;despesas_es_2024_completo_parte_01.csv;4567;0;0
4701;despesas_es_2024_completo_parte_01.csv;4702;215102;1
4735;despesas_es_2024_completo_parte_01.csv;4736;0;0
4796;despesas_es_2024_completo_parte_01.csv;4797;17600;1
4907;despesas_es_2024_completo_parte_01.csv;4908;1628623;1
4914;despesas_es_2024_completo_parte_01.csv;4915;0;0
4941;despesas_es_2024_completo_parte_01.csv;4942;0;0
4944;despesas_es_2024_completo_parte_01.csv;4945;0;0
5014;despesas_es_2024_completo_parte_01.csv;5015;0;0
5154;despesas_es_2024_completo_parte_01.csv;5155;2268;1
5187;despesas_es_2024_completo_parte_01.csv;5188;0;0
5254;despesas_es_2024_completo_parte_01.csv;5255;67106;1
5333;despesas_es_2024_completo_parte_01.csv;5334;0;0
5343;despesas_es_2024_completo_parte_01.csv;5344;0;0
5390;despesas_es_2024_completo_parte_01.csv;5391;0;0
5397;despesas_es_2024_completo_parte_01.csv;5398;0;0
5473;despesas_es_2024_completo_parte_01.csv;5474;0;0
5513;despesas_es_2024_completo_parte_01.csv;5514;0;0
5534;despesas_es_2024_completo_parte_01.csv;5535;0;0
5585;despesas_es_2024_completo_parte_01.csv;5586;8800;1
5643;despesas_es_2024_completo_parte_01.csv;5644;0;0
5667;despesas_es_2024_completo_parte_01.csv;5668;0;0
5743;despesas_es_2024_completo_parte_01.csv;5744;0;0
5765;despesas_es_2024_completo_parte_01.csv;5766;0;0
5844;despesas_es_2024_completo_parte_01.csv;5845;591373;1
5882;despesas_es_2024_completo_parte_01.csv;5883;8800;1
5924;despesas_es_2024_completo_parte_01.csv;5925;0;0
6000;despesas_es_2024_completo_parte_01.csv;6001;1176090;1
6010;despesas_es_2024_completo_parte_01.csv;6011;8800;1
6056;despesas_es_2024_completo_parte_01.csv;6057;74800;1
6082;despesas_es_2024_completo_parte_01.csv;6083;371380;1
6102;despesas_es_2024_completo_parte_01.csv;6103;344973;1
6103;despesas_es_2024_completo_parte_01.csv;6104;108765;1
6300;despesas_es_2024_completo_parte_01.csv;6301;0;0
6316;despesas_es_2024_completo_parte_01.csv;6317;22453;1
6358;despesas_es_2024_completo_parte_01.csv;6359;4136;1
6493;despesas_es_2024_completo_parte_01.csv;6494;200000;1
6523;despesas_es_2024_completo_parte_01.csv;6524;0;0
6577;despesas_es_2024_completo_parte_01.csv;6578;0;0
6588;despesas_es_2024_completo_parte_01.csv;6589;0;0
6642;despesas_es_2024_completo_parte_01.csv;6643;0;0
6721;despesas_es_2024_completo_parte_01.csv;6722;-8800;0
6748;despesas_es_2024_completo_parte_01.csv;6749;5723524;1
6972;despesas_es_2024_completo_parte_01.csv;6973;27647;1
7003;despesas_es_2024_completo_parte_01.csv;7004;0;0
7068;despesas_es_2024_completo_parte_01.csv;7069;78151;1
7069;despesas_es_2024_completo_parte_01.csv;7070;522499;1
7216;despesas_es_2024_completo_parte_01.csv;7217;3393600;1
7299;despesas_es_2024_completo_parte_01.csv;7300;30699;1
7397;despesas_es_2024_completo_parte_01.csv;7398;72957;1
7398;despesas_es_2024_completo_parte_01.csv;7399;409810;1
7434;despesas_es_2024_completo_parte_01.csv;7435;553524;1
7524;despesas_es_2024_completo_parte_01.csv;7525;0;0
7526;despesas_es_2024_completo_parte_01.csv;7527;0;0
7622;despesas_es_2024_completo_parte_01.csv;7623;-577387;0
7694;despesas_es_2024_completo_parte_01.csv;7695;1105044;1
7715;despesas_es_2024_completo_parte_01.csv;7716;240759;1
7746;despesas_es_2024_completo_parte_01.csv;7747;1666748;1
7780;despesas_es_2024_completo_parte_01.csv;7781;0;0
7802;despesas_es_2024_completo_parte_01.csv;7803;0;0
7808;despesas_es_2024_completo_parte_01.csv;7809;0;0
7858;despesas_es_2024_completo_parte_01.csv;7859;0;0
7892;despesas_es_2024_completo_parte_01.csv;7893;0;0
7916;despesas_es_2024_completo_parte_01.csv;7917;8800;1
7930;despesas_es_2024_completo_parte_01.csv;7931;0;0
7978;despesas_es_2024_completo_parte_01.csv;7979;519897;1
7984;despesas_es_2024_completo_parte_01.csv;7985;2113928;1
8061;despesas_es_2024_completo_parte_01.csv;8062;843957;1
8138;despesas_es_2024_completo_parte_01.csv;8139;3321;1
8171;despesas_es_2024_completo_parte_01.csv;8172;0;0
8252;despesas_es_2024_completo_parte_01.csv;8253;0;0
8272;despesas_es_2024_completo_parte_01.csv;8273;0;0
8288;despesas_es_2024_completo_parte_01.csv;8289;273193;1
8291;despesas_es_2024_completo_parte_01.csv;8292;3338;1
8294;despesas_es_2024_completo_parte_01.csv;8295;4401037;1
8310;despesas_es_2024_completo_parte_01.csv;8311;0;0
8402;despesas_es_2024_completo_parte_01.csv;8403;0;0
8403;despesas_es_2024_completo_parte_01.csv;8404;0;0
8455;despesas_es_2024_completo_parte_01.csv;8456;21668;1
8609;despesas_es_2024_completo_parte_01.csv;8610;1050000;1
8830;despesas_es_2024_completo_parte_01.csv;8831;0;0
8839;despesas_es_2024_completo_parte_01.csv;8840;8800;1
8874;despesas_es_2024_completo_parte_01.csv;8875;0;0
8960;despesas_es_2024_completo_parte_01.csv;8961;0;0
9051;despesas_es_2024_completo_parte_01.csv;9052;124412;1
9063;despesas_es_2024_completo_parte_01.csv;9064;0;0
9076;despesas_es_2024_completo_parte_01.csv;9077;1387550;1
9179;despesas_es_2024_completo_parte_01.csv;9180;8800;1
9190;despesas_es_2024_completo_parte_01.csv;9191;1214950;1
9357;despesas_es_2024_completo_parte_01.csv;9358;0;0
9403;despesas_es_2024_completo_parte_01.csv;9404;0;0
9415;despesas_es_2024_completo_parte_01.csv;9416;0;0
9424;despesas_es_2024_completo_parte_01.csv;9425;0;0
9496;despesas_es_2024_completo_parte_01.csv;9497;0;0
9563;despesas_es_2024_completo_parte_01.csv;9564;0;0
9630;despesas_es_2024_completo_parte_01.csv;9631;0;0
9648;despesas_es_2024_completo_parte_01.csv;9649;0;0
9710;despesas_es_2024_completo_parte_01.csv;9711;0;0
9735;despesas_es_2024_completo_parte_01.csv;9736;0;0
9769;despesas_es_2024_completo_parte_01.csv;9770;0;0
9773;despesas_es_2024_completo_parte_01.csv;9774;0;0
9809;despesas_es_2024_completo_parte_01.csv;9810;0;0
9832;despesas_es_2024_completo_parte_01.csv;9833;0;0
9886;despesas_es_2024_completo_parte_01.csv;9887;0;0
9890;despesas_es_2024_completo_parte_01.csv;9891;0;0
9959;despesas_es_2024_completo_parte_01.csv;9960;0;0
9968;despesas_es_2024_completo_parte_01.csv;9969;0;0
10037;despesas_es_2024_completo_parte_01.csv;10038;0;0
10061;despesas_es_2024_completo_parte_01.csv;10062;1018143;1
10076;despesas_es_2024_completo_parte_01.csv;10077;0;0
10078;despesas_es_2024_completo_parte_01.csv;10079;0;0
10097;despesas_es_2024_completo_parte_01.csv;10098;0;0
10133;despesas_es_2024_completo_parte_01.csv;10134;143058;1
10169;despesas_es_2024_completo_parte_01.csv;10170;0;0
10183;despesas_es_2024_completo_parte_01.csv;10184;3530464;1
10246;despesas_es_2024_completo_parte_01.csv;10247;0;0
10260;despesas_es_2024_completo_parte_01.csv;10261;16039;1
10283;despesas_es_2024_completo_parte_01.csv;10284;0;0
10352;despesas_es_2024_completo_parte_01.csv;10353;91;1
10383;despesas_es_2024_completo_parte_01.csv;10384;0;0
10412;despesas_es_2024_completo_parte_01.csv;10413;548119;1
10434;despesas_es_2024_completo_parte_01.csv;10435;0;0
10533;despesas_es_2024_completo_parte_01.csv;10534;29910;1
10578;despesas_es_2024_completo_parte_01.csv;10579;0;0
10583;despesas_es_2024_completo_parte_01.csv;10584;0;0
10711;despesas_es_2024_completo_parte_01.csv;10712;0;0
10839;despesas_es_2024_completo_parte_01.csv;10840;0;0
10930;despesas_es_2024_completo_parte_01.csv;10931;7902;1
11258;despesas_es_2024_completo_parte_01.csv;11259;0;0
11293;despesas_es_2024_completo_parte_01.csv;11294;200000;1
11442;despesas_es_2024_completo_parte_01.csv;11443;85148;1
11479;despesas_es_2024_completo_parte_01.csv;11480;0;0
11558;despesas_es_2024_completo_parte_01.csv;11559;44151;1
11682;despesas_es_2024_completo_parte_01.csv;11683;558250;1
11699;despesas_es_2024_completo_parte_01.csv;11700;0;0
11723;despesas_es_2024_completo_parte_01.csv;11724;0;0
11797;despesas_es_2024_completo_parte_01.csv;11798;247131;1
11807;despesas_es_2024_completo_parte_01.csv;11808;813008;1
11937;despesas_es_2024_completo_parte_01.csv;11938;183203;1
12001;despesas_es_2024_completo_parte_01.csv;12002;5117310;1
12015;despesas_es_2024_completo_parte_01.csv;12016;7000000;1
12103;despesas_es_2024_completo_parte_01.csv;12104;1024073;1
12257;despesas_es_2024_completo_parte_01.csv;12258;0;0
12267;despesas_es_2024_completo_parte_01.csv;12268;52800;1
12461;despesas_es_2024_completo_parte_01.csv;12462;0;0
12465;despesas_es_2024_completo_parte_01.csv;12466;0;0
12626;despesas_es_2024_completo_parte_01.csv;12627;0;0
12721;despesas_es_2024_completo_parte_01.csv;12722;378096;1
12730;despesas_es_2024_completo_parte_01.csv;12731;132112;1
12741;despesas_es_2024_completo_parte_01.csv;12742;0;0
12810;despesas_es_2024_completo_parte_01.csv;12811;340051;1
12868;despesas_es_2024_completo_parte_01.csv;12869;0;0
12903;despesas_es_2024_completo_parte_01.csv;12904;0;0
12959;despesas_es_2024_completo_parte_01.csv;12960;0;0
13021;despesas_es_2024_completo_parte_01.csv;13022;87750;1
13072;despesas_es_2024_completo_parte_01.csv;13073;-740269;0
13083;despesas_es_2024_completo_parte_01.csv;13084;27050;1
13164;despesas_es_2024_completo_parte_01.csv;13165;0;0
13237;despesas_es_2024_completo_parte_01.csv;13238;1181;1
13258;despesas_es_2024_completo_parte_01.csv;13259;1368000;1
13285;despesas_es_2024_completo_parte_01.csv;13286;0;0
13387;despesas_es_2024_completo_parte_01.csv;13388;0;0
13432;despesas_es_2024_completo_parte_01.csv;13433;0;0
13436;despesas_es_2024_completo_parte_01.csv;13437;0;0
13450;despesas_es_2024_completo_parte_01.csv;13451;0;0
13533;despesas_es_2024_completo_parte_01.csv;13534;0;0
13575;despesas_es_2024_completo_parte_01.csv;13576;0;0
13621;despesas_es_2024_completo_parte_01.csv;13622;0;0
13629;despesas_es_2024_completo_parte_01.csv;13630;0;0
13743;despesas_es_2024_completo_parte_01.csv;13744;0;0
13748;despesas_es_2024_completo_parte_01.csv;13749;8800;1
13814;despesas_es_2024_completo_parte_01.csv;13815;0;0
13844;despesas_es_2024_completo_parte_01.csv;13845;30800;1
13865;despesas_es_2024_completo_parte_01.csv;13866;0;0
13891;despesas_es_2024_completo_parte_01.csv;13892;118939;1
13913;despesas_es_2024_completo_parte_01.csv;13914;18382;1
13961;despesas_es_2024_completo_parte_01.csv;13962;4205506;1
13979;despesas_es_2024_completo_parte_01.csv;13980;0;0
14038;despesas_es_2024_completo_parte_01.csv;14039;0;0
14048;despesas_es_2024_completo_parte_01.csv;14049;0;0
14090;despesas_es_2024_completo_parte_01.csv;14091;8800;1
14208;despesas_es_2024_completo_parte_01.csv;14209;0;0
14224;despesas_es_2024_completo_parte_01.csv;14225;0;0
14242;despesas_es_2024_completo_parte_01.csv;14243;0;0
14264;despesas_es_2024_completo_parte_01.csv;14265;0;0
14265;despesas_es_2024_completo_parte_01.csv;14266;0;0
14271;despesas_es_2024_completo_parte_01.csv;14272;864500;1
14332;despesas_es_2024_completo_parte_01.csv;14333;0;0
14387;despesas_es_2024_completo_parte_01.csv;14388;2773418;1
14411;despesas_es_2024_completo_parte_01.csv;14412;0;0
14494;despesas_es_2024_completo_parte_01.csv;14495;0;0
14555;despesas_es_2024_completo_parte_01.csv;14556;0;0
14576;despesas_es_2024_completo_parte_01.csv;14577;0;0
14884;despesas_es_2024_completo_parte_01.csv;14885;998934;1
14935;despesas_es_2024_completo_parte_01.csv;14936;-62105;0
14961;despesas_es_2024_completo_parte_01.csv;14962;0;0
15020;despesas_es_2024_completo_parte_01.csv;15021;0;0
15033;despesas_es_2024_completo_parte_01.csv;15034;4360;1
15035;despesas_es_2024_completo_parte_01.csv;15036;0;0
15070;despesas_es_2024_completo_parte_01.csv;15071;0;0
15096;despesas_es_2024_completo_parte_01.csv;15097;88452;1
15163;despesas_es_2024_completo_parte_01.csv;15164;0;0
15296;despesas_es_2024_completo_parte_01.csv;15297;0;0
15308;despesas_es_2024_completo_parte_01.csv;15309;0;0
15384;despesas_es_2024_completo_parte_01.csv;15385;0;0
15430;despesas_es_2024_completo_parte_01.csv;15431;0;0
15473;despesas_es_2024_completo_parte_01.csv;15474;0;0
15547;despesas_es_2024_completo_parte_01.csv;15548;0;0
15558;despesas_es_2024_completo_parte_01.csv;15559;3924326;1
15822;despesas_es_2024_completo_parte_01.csv;15823;15796;1
15913;despesas_es_2024_completo_parte_01.csv;15914;0;0
15916;despesas_es_2024_completo_parte_01.csv;15917;0;0
15964;despesas_es_2024_completo_parte_01.csv;15965;0;0
16035;despesas_es_2024_completo_parte_01.csv;16036;0;0
16050;despesas_es_2024_completo_parte_01.csv;16051;0;0
16061;despesas_es_2024_completo_parte_01.csv;16062;0;0
16110;despesas_es_2024_completo_parte_01.csv;16111;0;0
16214;despesas_es_2024_completo_parte_01.csv;16215;908331;1
16231;despesas_es_2024_completo_parte_01.csv;16232;14151;1
16238;despesas_es_2024_completo_parte_01.csv;16239;8800;1
16288;despesas_es_2024_completo_parte_01.csv;16289;163222;1
16300;despesas_es_2024_completo_parte_01.csv;16301;67356480;1
16332;despesas_es_2024_completo_parte_01.csv;16333;6937638;1
16364;despesas_es_2024_completo_parte_01.csv;16365;0;0
16393;despesas_es_2024_completo_parte_01.csv;16394;28000;1
16481;despesas_es_2024_completo_parte_01.csv;16482;6864;1
16520;despesas_es_2024_completo_parte_01.csv;16521;195031;1
16527;despesas_es_2024_completo_parte_01.csv;16528;94403826;1
16555;despesas_es_2024_completo_parte_01.csv;16556;0;0
16563;despesas_es_2024_completo_parte_01.csv;16564;553524;1
16582;despesas_es_2024_completo_parte_01.csv;16583;510874;1
16627;despesas_es_2024_completo_parte_01.csv;16628;4564483;1
16675;despesas_es_2024_completo_parte_01.csv;16676;1972765;1
16694;despesas_es_2024_completo_parte_01.csv;16695;0;0
16742;despesas_es_2024_completo_parte_01.csv;16743;108254;1
16815;despesas_es_2024_completo_parte_01.csv;16816;11824280;1
16855;despesas_es_2024_completo_parte_01.csv;16856;0;0
17010;despesas_es_2024_completo_parte_01.csv;17011;44864;1
17152;despesas_es_2024_completo_parte_01.csv;17153;17910;1
17156;despesas_es_2024_completo_parte_01.csv;17157;715893;1
17169;despesas_es_2024_completo_parte_01.csv;17170;48079329;1
17182;despesas_es_2024_completo_parte_01.csv;17183;0;0
17198;despesas_es_2024_completo_parte_01.csv;17199;605;1
17333;despesas_es_2024_completo_parte_01.csv;17334;334447;1
17549;despesas_es_2024_completo_parte_01.csv;17550;0;0
17650;despesas_es_2024_completo_parte_01.csv;17651;0;0
17729;despesas_es_2024_completo_parte_01.csv;17730;19270;1
17758;despesas_es_2024_completo_parte_01.csv;17759;0;0
17833;despesas_es_2024_completo_parte_01.csv;17834;0;0
17955;despesas_es_2024_completo_parte_01.csv;17956;0;0
18018;despesas_es_2024_completo_parte_01.csv;18019;0;0
18038;despesas_es_2024_completo_parte_01.csv;18039;7127808;1
18098;despesas_es_2024_completo_parte_01.csv;18099;0;0
18157;despesas_es_2024_completo_parte_01.csv;18158;1097684;1
18230;despesas_es_2024_completo_parte_01.csv;18231;104369071;1
18251;despesas_es_2024_completo_parte_01.csv;18252;613737;1
18281;despesas_es_2024_completo_parte_01.csv;18282;0;0
18415;despesas_es_2024_completo_parte_01.csv;18416;0;0
18489;despesas_es_2024_completo_parte_01.csv;18490;18279;1
18560;despesas_es_2024_completo_parte_01.csv;18561;27419;1
18600;despesas_es_2024_completo_parte_01.csv;18601;0;0
18697;despesas_es_2024_completo_parte_01.csv;18698;11992851;1
18734;despesas_es_2024_completo_parte_01.csv;18735;50000;1
18747;despesas_es_2024_completo_parte_01.csv;18748;0;0
18759;despesas_es_2024_completo_parte_01.csv;18760;0;0
18806;despesas_es_2024_completo_parte_01.csv;18807;1368987;1
18816;despesas_es_2024_completo_parte_01.csv;18817;187266;1
18888;despesas_es_2024_completo_parte_01.csv;18889;0;0
18917;despesas_es_2024_completo_parte_01.csv;18918;2393388;1
18925;despesas_es_2024_completo_parte_01.csv;18926;851059;1
18977;despesas_es_2024_completo_parte_01.csv;18978;12213138;1
18978;despesas_es_2024_completo_parte_01.csv;18979;16590632;1
19052;despesas_es_2024_completo_parte_01.csv;19053;0;0
19149;despesas_es_2024_completo_parte_01.csv;19150;56342;1
19233;despesas_es_2024_completo_parte_01.csv;19234;316800;1
19238;despesas_es_2024_completo_parte_01.csv;19239;1500000;1
19367;despesas_es_2024_completo_parte_01.csv;19368;0;0
19477;despesas_es_2024_completo_parte_01.csv;19478;372875;1
19483;despesas_es_2024_completo_parte_01.csv;19484;8800;1
19508;despesas_es_2024_completo_parte_01.csv;19509;2464800;1
19539;despesas_es_2024_completo_parte_01.csv;19540;742435;1
19549;despesas_es_2024_completo_parte_01.csv;19550;-390933;0
19552;despesas_es_2024_completo_parte_01.csv;19553;-426712;0
19676;despesas_es_2024_completo_parte_01.csv;19677;60000;1
19703;despesas_es_2024_completo_parte_01.csv;19704;87750;1
19709;despesas_es_2024_completo_parte_01.csv;19710;302400;1
19721;despesas_es_2024_completo_parte_01.csv;19722;0;0
19767;despesas_es_2024_completo_parte_01.csv;19768;160056;1
19781;despesas_es_2024_completo_parte_01.csv;19782;8800;1
19808;despesas_es_2024_completo_parte_01.csv;19809;0;0
19841;despesas_es_2024_completo_parte_01.csv;19842;0;0
19869;despesas_es_2024_completo_parte_01.csv;19870;11511564;1
19905;despesas_es_2024_completo_parte_01.csv;19906;10562;1
19915;despesas_es_2024_completo_parte_01.csv;19916;92046;1
19923;despesas_es_2024_completo_parte_01.csv;19924;2802013;1
19950;despesas_es_2024_completo_parte_01.csv;19951;7123;1
19954;despesas_es_2024_completo_parte_01.csv;19955;6052;1
19971;despesas_es_2024_completo_parte_01.csv;19972;0;0
20056;despesas_es_2024_completo_parte_01.csv;20057;4306;1
20148;despesas_es_2024_completo_parte_01.csv;20149;0;0
20160;despesas_es_2024_completo_parte_01.csv;20161;631602;1
20193;despesas_es_2024_completo_parte_01.csv;20194;0;0
20195;despesas_es_2024_completo_parte_01.csv;20196;0;0
20209;despesas_es_2024_completo_parte_01.csv;20210;0;0
20307;despesas_es_2024_completo_parte_01.csv;20308;10308155;1
20373;despesas_es_2024_completo_parte_01.csv;20374;0;0
20398;despesas_es_2024_completo_parte_01.csv;20399;333990;1
20431;despesas_es_2024_completo_parte_01.csv;20432;2408568;1
20506;despesas_es_2024_completo_parte_01.csv;20507;120284;1
20568;despesas_es_2024_completo_parte_01.csv;20569;21699;1
20659;despesas_es_2024_completo_parte_01.csv;20660;96800;1
20667;despesas_es_2024_completo_parte_01.csv;20668;44315;1
20793;despesas_es_2024_completo_parte_01.csv;20794;0;0
20861;despesas_es_2024_completo_parte_01.csv;20862;0;0
20887;despesas_es_2024_completo_parte_01.csv;20888;1894118;1
20914;despesas_es_2024_completo_parte_01.csv;20915;0;0
21009;despesas_es_2024_completo_parte_01.csv;21010;0;0
21047;despesas_es_2024_completo_parte_01.csv;21048;0;0
21080;despesas_es_2024_completo_parte_01.csv;21081;57476;1
21162;despesas_es_2024_completo_parte_01.csv;21163;0;0
21204;despesas_es_2024_completo_parte_01.csv;21205;0;0
21217;despesas_es_2024_completo_parte_01.csv;21218;0;0
21227;despesas_es_2024_completo_parte_01.csv;21228;0;0
21286;despesas_es_2024_completo_parte_01.csv;21287;0;0
21333;despesas_es_2024_completo_parte_01.csv;21334;0;0
21397;despesas_es_2024_completo_parte_01.csv;21398;1527016;1
21407;despesas_es_2024_completo_parte_01.csv;21408;0;0
21500;despesas_es_2024_completo_parte_01.csv;21501;743127;1
21509;despesas_es_2024_completo_parte_01.csv;21510;0;0
21669;despesas_es_2024_completo_parte_01.csv;21670;0;0
21673;despesas_es_2024_completo_parte_01.csv;21674;0;0
21694;despesas_es_2024_completo_parte_01.csv;21695;0;0
21727;despesas_es_2024_completo_parte_01.csv;21728;0;0
21743;despesas_es_2024_completo_parte_01.csv;21744;0;0
21748;despesas_es_2024_completo_parte_01.csv;21749;0;0
21947;despesas_es_2024_completo_parte_01.csv;21948;0;0
21974;despesas_es_2024_completo_parte_01.csv;21975;0;0
21994;despesas_es_2024_completo_parte_01.csv;21995;0;0
22006;despesas_es_2024_completo_parte_01.csv;22007;0;0
22016;despesas_es_2024_completo_parte_01.csv;22017;63467912;1
22189;despesas_es_2024_completo_parte_01.csv;22190;0;0
22270;despesas_es_2024_completo_parte_01.csv;22271;0;0
22320;despesas_es_2024_completo_parte_01.csv;22321;0;0
22457;despesas_es_2024_completo_parte_01.csv;22458;2000000;1
22568;despesas_es_2024_completo_parte_01.csv;22569;1091921;1
22572;despesas_es_2024_completo_parte_01.csv;22573;0;0
22594;despesas_es_2024_completo_parte_01.csv;22595;0;0
22668;despesas_es_2024_completo_parte_01.csv;22669;0;0
22677;despesas_es_2024_completo_parte_01.csv;22678;0;0
22686;despesas_es_2024_completo_parte_01.csv;22687;78657;1
22725;despesas_es_2024_completo_parte_01.csv;22726;0;0
22732;despesas_es_2024_completo_parte_01.csv;22733;0;0
22835;despesas_es_2024_completo_parte_01.csv;22836;0;0
22929;despesas_es_2024_completo_parte_01.csv;22930;0;0
22965;despesas_es_2024_completo_parte_01.csv;22966;0;0
23076;despesas_es_2024_completo_parte_01.csv;23077;425000;1
23113;despesas_es_2024_completo_parte_01.csv;23114;752698;1
23183;despesas_es_2024_completo_parte_01.csv;23184;511379;1
23220;despesas_es_2024_completo_parte_01.csv;23221;197;1
23245;despesas_es_2024_completo_parte_01.csv;23246;25174;1
23307;despesas_es_2024_completo_parte_01.csv;23308;30800;1
23358;despesas_es_2024_completo_parte_01.csv;23359;0;0
23570;despesas_es_2024_completo_parte_01.csv;23571;0;0
23587;despesas_es_2024_completo_parte_01.csv;23588;0;0
23654;despesas_es_2024_completo_parte_01.csv;23655;0;0
23802;despesas_es_2024_completo_parte_01.csv;23803;0;0
23816;despesas_es_2024_completo_parte_01.csv;23817;0;0
23819;despesas_es_2024_completo_parte_01.csv;23820;0;0
23859;despesas_es_2024_completo_parte_01.csv;23860;0;0
23882;despesas_es_2024_completo_parte_01.csv;23883;0;0
23913;despesas_es_2024_completo_parte_01.csv;23914;0;0
23954;despesas_es_2024_completo_parte_01.csv;23955;0;0
24003;despesas_es_2024_completo_parte_01.csv;24004;0;0
24037;despesas_es_2024_completo_parte_01.csv;24038;0;0
24059;despesas_es_2024_completo_parte_01.csv;24060;0;0
24083;despesas_es_2024_completo_parte_01.csv;24084;0;0
24200;despesas_es_2024_completo_parte_01.csv;24201;0;0
24291;despesas_es_2024_completo_parte_01.csv;24292;0;0
24318;despesas_es_2024_completo_parte_01.csv;24319;0;0
24319;despesas_es_2024_completo_parte_01.csv;24320;0;0
24456;despesas_es_2024_completo_parte_01.csv;24457;0;0
24457;despesas_es_2024_completo_parte_01.csv;24458;0;0
24483;despesas_es_2024_completo_parte_01.csv;24484;0;0
24559;despesas_es_2024_completo_parte_01.csv;24560;0;0
24563;despesas_es_2024_completo_parte_01.csv;24564;0;0
24579;despesas_es_2024_completo_parte_01.csv;24580;0;0
24581;despesas_es_2024_completo_parte_01.csv;24582;0;0
24597;despesas_es_2024_completo_parte_01.csv;24598;0;0
24652;despesas_es_2024_completo_parte_01.csv;24653;0;0
24695;despesas_es_2024_completo_parte_01.csv;24696;250000;1
24696;despesas_es_2024_completo_parte_01.csv;24697;599325;1
24740;despesas_es_2024_completo_parte_01.csv;24741;281394;1
24785;despesas_es_2024_completo_parte_01.csv;24786;0;0
24938;despesas_es_2024_completo_parte_01.csv;24939;0;0
25063;despesas_es_2024_completo_parte_01.csv;25064;200000;1
25071;despesas_es_2024_completo_parte_01.csv;25072;0;0
25118;despesas_es_2024_completo_parte_01.csv;25119;0;0
25136;despesas_es_2024_completo_parte_01.csv;25137;0;0
25144;despesas_es_2024_completo_parte_01.csv;25145;0;0
25258;despesas_es_2024_completo_parte_01.csv;25259;155949;1
25282;despesas_es_2024_completo_parte_01.csv;25283;0;0
25348;despesas_es_2024_completo_parte_01.csv;25349;117205;1
25373;despesas_es_2024_completo_parte_01.csv;25374;0;0
25387;despesas_es_2024_completo_parte_01.csv;25388;0;0
25400;despesas_es_2024_completo_parte_01.csv;25401;0;0
25437;despesas_es_2024_completo_parte_01.csv;25438;0;0
25686;despesas_es_2024_completo_parte_01.csv;25687;118500;1
25725;despesas_es_2024_completo_parte_01.csv;25726;0;0
25752;despesas_es_2024_completo_parte_01.csv;25753;0;0
25833;despesas_es_2024_completo_parte_01.csv;25834;8893440;1
25839;despesas_es_2024_completo_parte_01.csv;25840;7983276;1
25862;despesas_es_2024_completo_parte_01.csv;25863;0;0
25966;despesas_es_2024_completo_parte_01.csv;25967;272800;1
25981;despesas_es_2024_completo_parte_01.csv;25982;300000;1
26015;despesas_es_2024_completo_parte_01.csv;26016;0;0
26036;despesas_es_2024_completo_parte_01.csv;26037;0;0
26171;despesas_es_2024_completo_parte_01.csv;26172;955200;1
26190;despesas_es_2024_completo_parte_01.csv;26191;1704596;1
26230;despesas_es_2024_completo_parte_01.csv;26231;8800;1
26254;despesas_es_2024_completo_parte_01.csv;26255;0;0
26263;despesas_es_2024_completo_parte_01.csv;26264;0;0
26349;despesas_es_2024_completo_parte_01.csv;26350;4495;1
26443;despesas_es_2024_completo_parte_01.csv;26444;0;0
26466;despesas_es_2024_completo_parte_01.csv;26467;10215;1
26515;despesas_es_2024_completo_parte_01.csv;26516;0;0
26574;despesas_es_2024_completo_parte_01.csv;26575;220000;1
26583;despesas_es_2024_completo_parte_01.csv;26584;0;0
26678;despesas_es_2024_completo_parte_01.csv;26679;234161;1
26771;despesas_es_2024_completo_parte_01.csv;26772;0;0
26814;despesas_es_2024_completo_parte_01.csv;26815;0;0
26853;despesas_es_2024_completo_parte_01.csv;26854;2343378;1
26887;despesas_es_2024_completo_parte_01.csv;26888;482661;1
26993;despesas_es_2024_completo_parte_01.csv;26994;0;0
27039;despesas_es_2024_completo_parte_01.csv;27040;0;0
27181;despesas_es_2024_completo_parte_01.csv;27182;0;0
27323;despesas_es_2024_completo_parte_01.csv;27324;0;0
27392;despesas_es_2024_completo_parte_01.csv;27393;-311130;0
27431;despesas_es_2024_completo_parte_01.csv;27432;0;0
27510;despesas_es_2024_completo_parte_01.csv;27511;0;0
27539;despesas_es_2024_completo_parte_01.csv;27540;0;0
27606;despesas_es_2024_completo_parte_01.csv;27607;0;0
27647;despesas_es_2024_completo_parte_01.csv;27648;0;0
27705;despesas_es_2024_completo_parte_01.csv;27706;0;0
27739;despesas_es_2024_completo_parte_01.csv;27740;0;0
27896;despesas_es_2024_completo_parte_01.csv;27897;0;0
28184;despesas_es_2024_completo_parte_01.csv;28185;0;0
28192;despesas_es_2024_completo_parte_01.csv;28193;0;0
28214;despesas_es_2024_completo_parte_01.csv;28215;0;0
28222;despesas_es_2024_completo_parte_01.csv;28223;0;0
28257;despesas_es_2024_completo_parte_01.csv;28258;0;0
28287;despesas_es_2024_completo_parte_01.csv;28288;0;0
28366;despesas_es_2024_completo_parte_01.csv;28367;0;0
28373;despesas_es_2024_completo_parte_01.csv;28374;0;0
28390;despesas_es_2024_completo_parte_01.csv;28391;0;0
28397;despesas_es_2024_completo_parte_01.csv;28398;0;0
28400;despesas_es_2024_completo_parte_01.csv;28401;0;0
28438;despesas_es_2024_completo_parte_01.csv;28439;0;0
28503;despesas_es_2024_completo_parte_01.csv;28504;0;0
28506;despesas_es_2024_completo_parte_01.csv;28507;0;0
28511;despesas_es_2024_completo_parte_01.csv;28512;0;0
28552;despesas_es_2024_completo_parte_01.csv;28553;0;0
28564;despesas_es_2024_completo_parte_01.csv;28565;0;0
28607;despesas_es_2024_completo_parte_01.csv;28608;0;0
28672;despesas_es_2024_completo_parte_01.csv;28673;0;0
28677;despesas_es_2024_completo_parte_01.csv;28678;0;0
28685;despesas_es_2024_completo_parte_01.csv;28686;0;0
28690;despesas_es_2024_completo_parte_01.csv;28691;0;0
28917;despesas_es_2024_completo_parte_01.csv;28918;0;0
28964;despesas_es_2024_completo_parte_01.csv;28965;0;0
28971;despesas_es_2024_completo_parte_01.csv;28972;0;0
28996;despesas_es_2024_completo_parte_01.csv;28997;0;0
29146;despesas_es_2024_completo_parte_01.csv;29147;0;0
29147;despesas_es_2024_completo_parte_01.csv;29148;0;0
29204;despesas_es_2024_completo_parte_01.csv;29205;0;0
29226;despesas_es_2024_completo_parte_01.csv;29227;0;0
29234;despesas_es_2024_completo_parte_01.csv;29235;0;0
29238;despesas_es_2024_completo_parte_01.csv;29239;1013;1
29278;despesas_es_2024_completo_parte_01.csv;29279;0;0
29293;despesas_es_2024_completo_parte_01.csv;29294;0;0
29396;despesas_es_2024_completo_parte_01.csv;29397;0;0
29451;despesas_es_2024_completo_parte_01.csv;29452;0;0
29524;despesas_es_2024_completo_parte_01.csv;29525;0;0
29545;despesas_es_2024_completo_parte_01.csv;29546;8800;1
29647;despesas_es_2024_completo_parte_01.csv;29648;0;0
29692;despesas_es_2024_completo_parte_01.csv;29693;0;0
29880;despesas_es_2024_completo_parte_01.csv;29881;88922;1
29885;despesas_es_2024_completo_parte_01.csv;29886;8800;1
29948;despesas_es_2024_completo_parte_01.csv;29949;230147527;1
30158;despesas_es_2024_completo_parte_01.csv;30159;987836;1
30171;despesas_es_2024_completo_parte_01.csv;30172;13394;1
30187;despesas_es_2024_completo_parte_01.csv;30188;2991744;1
30201;despesas_es_2024_completo_parte_01.csv;30202;0;0
30208;despesas_es_2024_completo_parte_01.csv;30209;39600;1
30244;despesas_es_2024_completo_parte_01.csv;30245;0;0
30327;despesas_es_2024_completo_parte_01.csv;30328;0;0
30368;despesas_es_2024_completo_parte_01.csv;30369;770727;1
30395;despesas_es_2024_completo_parte_01.csv;30396;1985885;1
30459;despesas_es_2024_completo_parte_01.csv;30460;0;0
30482;despesas_es_2024_completo_parte_01.csv;30483;0;0
30502;despesas_es_2024_completo_parte_01.csv;30503;0;0
30664;despesas_es_2024_completo_parte_01.csv;30665;8800;1
30686;despesas_es_2024_completo_parte_01.csv;30687;59532;1
30705;despesas_es_2024_completo_parte_01.csv;30706;0;0
30758;despesas_es_2024_completo_parte_01.csv;30759;230549;1
30814;despesas_es_2024_completo_parte_01.csv;30815;0;0
30852;despesas_es_2024_completo_parte_01.csv;30853;0;0
30880;despesas_es_2024_completo_parte_01.csv;30881;318;1
30948;despesas_es_2024_completo_parte_01.csv;30949;0;0
30994;despesas_es_2024_completo_parte_01.csv;30995;0;0
31044;despesas_es_2024_completo_parte_01.csv;31045;0;0
31095;despesas_es_2024_completo_parte_01.csv;31096;0;0
31105;despesas_es_2024_completo_parte_01.csv;31106;3043200;1
31138;despesas_es_2024_completo_parte_01.csv;31139;0;0
31273;despesas_es_2024_completo_parte_01.csv;31274;0;0
31294;despesas_es_2024_completo_parte_01.csv;31295;0;0
31299;despesas_es_2024_completo_parte_01.csv;31300;0;0
31349;despesas_es_2024_completo_parte_01.csv;31350;74800;1
31465;despesas_es_2024_completo_parte_01.csv;31466;2518858;1
31514;despesas_es_2024_completo_parte_01.csv;31515;40602;1
31532;despesas_es_2024_completo_parte_01.csv;31533;0;0
31579;despesas_es_2024_completo_parte_01.csv;31580;0;0
31622;despesas_es_2024_completo_parte_01.csv;31623;186766;1
31694;despesas_es_2024_completo_parte_01.csv;31695;8800;1
31722;despesas_es_2024_completo_parte_01.csv;31723;1953394;1
31786;despesas_es_2024_completo_parte_01.csv;31787;0;0
31807;despesas_es_2024_completo_parte_01.csv;31808;245;1
31836;despesas_es_2024_completo_parte_01.csv;31837;0;0
31845;despesas_es_2024_completo_parte_01.csv;31846;18850;1
31864;despesas_es_2024_completo_parte_01.csv;31865;2078648;1
31907;despesas_es_2024_completo_parte_01.csv;31908;0;0
31981;despesas_es_2024_completo_parte_01.csv;31982;0;0
32085;despesas_es_2024_completo_parte_01.csv;32086;0;0
32107;despesas_es_2024_completo_parte_01.csv;32108;0;0
32174;despesas_es_2024_completo_parte_01.csv;32175;10655;1
32235;despesas_es_2024_completo_parte_01.csv;32236;0;0
32255;despesas_es_2024_completo_parte_01.csv;32256;2860;1
32284;despesas_es_2024_completo_parte_01.csv;32285;12945;1
32293;despesas_es_2024_completo_parte_01.csv;32294;0;0
32310;despesas_es_2024_completo_parte_01.csv;32311;320554;1
32323;despesas_es_2024_completo_parte_01.csv;32324;0;0
32451;despesas_es_2024_completo_parte_01.csv;32452;0;0
32567;despesas_es_2024_completo_parte_01.csv;32568;0;0
32721;despesas_es_2024_completo_parte_01.csv;32722;0;0
32773;despesas_es_2024_completo_parte_01.csv;32774;0;0
32861;despesas_es_2024_completo_parte_01.csv;32862;0;0
33074;despesas_es_2024_completo_parte_01.csv;33075;0;0
33088;despesas_es_2024_completo_parte_01.csv;33089;0;0
33127;despesas_es_2024_completo_parte_01.csv;33128;700000;1
33294;despesas_es_2024_completo_parte_01.csv;33295;0;0
33302;despesas_es_2024_completo_parte_01.csv;33303;5519611;1
33522;despesas_es_2024_completo_parte_01.csv;33523;404402;1
33528;despesas_es_2024_completo_parte_01.csv;33529;18442;1
33575;despesas_es_2024_completo_parte_01.csv;33576;0;0
33595;despesas_es_2024_completo_parte_01.csv;33596;0;0
33617;despesas_es_2024_completo_parte_01.csv;33618;58350674;1
33723;despesas_es_2024_completo_parte_01.csv;33724;52800;1
33794;despesas_es_2024_completo_parte_01.csv;33795;0;0
33817;despesas_es_2024_completo_parte_01.csv;33818;0;0
33857;despesas_es_2024_completo_parte_01.csv;33858;1441197;1
33929;despesas_es_2024_completo_parte_01.csv;33930;0;0
33948;despesas_es_2024_completo_parte_01.csv;33949;0;0
33961;despesas_es_2024_completo_parte_01.csv;33962;0;0
33986;despesas_es_2024_completo_parte_01.csv;33987;0;0
34039;despesas_es_2024_completo_parte_01.csv;34040;69452;1
34068;despesas_es_2024_completo_parte_01.csv;34069;30800;1
34106;despesas_es_2024_completo_parte_01.csv;34107;0;0
34145;despesas_es_2024_completo_parte_01.csv;34146;57670;1
34168;despesas_es_2024_completo_parte_01.csv;34169;0;0
34232;despesas_es_2024_completo_parte_01.csv;34233;0;0
34272;despesas_es_2024_completo_parte_01.csv;34273;0;0
34315;despesas_es_2024_completo_parte_01.csv;34316;395363;1
34350;despesas_es_2024_completo_parte_01.csv;34351;38271;1
34420;despesas_es_2024_completo_parte_01.csv;34421;0;0
34442;despesas_es_2024_completo_parte_01.csv;34443;0;0
34485;despesas_es_2024_completo_parte_01.csv;34486;15000;1
34576;despesas_es_2024_completo_parte_01.csv;34577;0;0
34781;despesas_es_2024_completo_parte_01.csv;34782;633744;1
34811;despesas_es_2024_completo_parte_01.csv;34812;0;0
34838;despesas_es_2024_completo_parte_01.csv;34839;0;0
34842;despesas_es_2024_completo_parte_01.csv;34843;0;0
34886;despesas_es_2024_completo_parte_01.csv;34887;0;0
34952;despesas_es_2024_completo_parte_01.csv;34953;0;0
34969;despesas_es_2024_completo_parte_01.csv;34970;0;0
35079;despesas_es_2024_completo_parte_01.csv;35080;113700;1
35219;despesas_es_2024_completo_parte_01.csv;35220;0;0
35222;despesas_es_2024_completo_parte_01.csv;35223;0;0
35345;despesas_es_2024_completo_parte_01.csv;35346;52636;1
35380;despesas_es_2024_completo_parte_01.csv;35381;9674;1
35396;despesas_es_2024_completo_parte_01.csv;35397;8800;1
35417;despesas_es_2024_completo_parte_01.csv;35418;0;0
35448;despesas_es_2024_completo_parte_01.csv;35449;246830;1
35483;despesas_es_2024_completo_parte_01.csv;35484;384775;1
35524;despesas_es_2024_completo_parte_01.csv;35525;130;1
35560;despesas_es_2024_completo_parte_01.csv;35561;219340;1
35583;despesas_es_2024_completo_parte_01.csv;35584;144939;1
35642;despesas_es_2024_completo_parte_01.csv;35643;2802;1
35682;despesas_es_2024_completo_parte_01.csv;35683;2833528;1
35704;despesas_es_2024_completo_parte_01.csv;35705;40948;1
35800;despesas_es_2024_completo_parte_01.csv;35801;0;0
35827;despesas_es_2024_completo_parte_01.csv;35828;0;0
35907;despesas_es_2024_completo_parte_01.csv;35908;-75000;0
35956;despesas_es_2024_completo_parte_01.csv;35957;5727970;1
36056;despesas_es_2024_completo_parte_01.csv;36057;0;0
36061;despesas_es_2024_completo_parte_01.csv;36062;0;0
36099;despesas_es_2024_completo_parte_01.csv;36100;335797;1
36166;despesas_es_2024_completo_parte_01.csv;36167;0;0
36180;despesas_es_2024_completo_parte_01.csv;36181;0;0
36192;despesas_es_2024_completo_parte_01.csv;36193;1045502;1
36236;despesas_es_2024_completo_parte_01.csv;36237;0;0
36262;despesas_es_2024_completo_parte_01.csv;36263;-10331;0
36349;despesas_es_2024_completo_parte_01.csv;36350;31242;1
36423;despesas_es_2024_completo_parte_01.csv;36424;0;0
36463;despesas_es_2024_completo_parte_01.csv;36464;0;0
36527;despesas_es_2024_completo_parte_01.csv;36528;0;0
36544;despesas_es_2024_completo_parte_01.csv;36545;0;0
36578;despesas_es_2024_completo_parte_01.csv;36579;0;0
36627;despesas_es_2024_completo_parte_01.csv;36628;0;0
36655;despesas_es_2024_completo_parte_01.csv;36656;0;0
36695;despesas_es_2024_completo_parte_01.csv;36696;0;0
36703;despesas_es_2024_completo_parte_01.csv;36704;0;0
36834;despesas_es_2024_completo_parte_01.csv;36835;0;0
36879;despesas_es_2024_completo_parte_01.csv;36880;0;0
36891;despesas_es_2024_completo_parte_01.csv;36892;0;0
36917;despesas_es_2024_completo_parte_01.csv;36918;0;0
37065;despesas_es_2024_completo_parte_01.csv;37066;0;0
37069;despesas_es_2024_completo_parte_01.csv;37070;0;0
37084;despesas_es_2024_completo_parte_01.csv;37085;0;0
37086;despesas_es_2024_completo_parte_01.csv;37087;0;0
37135;despesas_es_2024_completo_parte_01.csv;37136;0;0
37145;despesas_es_2024_completo_parte_01.csv;37146;0;0
37174;despesas_es_2024_completo_parte_01.csv;37175;0;0
37190;despesas_es_2024_completo_parte_01.csv;37191;0;0
37238;despesas_es_2024_completo_parte_01.csv;37239;0;0
37242;despesas_es_2024_completo_parte_01.csv;37243;0;0
37369;despesas_es_2024_completo_parte_01.csv;37370;0;0
37399;despesas_es_2024_completo_parte_01.csv;37400;0;0
37419;despesas_es_2024_completo_parte_01.csv;37420;0;0
37472;despesas_es_2024_completo_parte_01.csv;37473;6444;1
37488;despesas_es_2024_completo_parte_01.csv;37489;83221;1
37546;despesas_es_2024_completo_parte_01.csv;37547;0;0
37565;despesas_es_2024_completo_parte_01.csv;37566;8382500;1
37607;despesas_es_2024_completo_parte_01.csv;37608;0;0
37646;despesas_es_2024_completo_parte_01.csv;37647;936000;1
37651;despesas_es_2024_completo_parte_01.csv;37652;0;0
37688;despesas_es_2024_completo_parte_01.csv;37689;0;0
37721;despesas_es_2024_completo_parte_01.csv;37722;0;0
37790;despesas_es_2024_completo_parte_01.csv;37791;1764422;1
37797;despesas_es_2024_completo_parte_01.csv;37798;0;0
37817;despesas_es_2024_completo_parte_01.csv;37818;0;0
37889;despesas_es_2024_completo_parte_01.csv;37890;75000;1
38007;despesas_es_2024_completo_parte_01.csv;38008;11074758;1
38030;despesas_es_2024_completo_parte_01.csv;38031;0;0
38042;despesas_es_2024_completo_parte_01.csv;38043;31520;1
38062;despesas_es_2024_completo_parte_01.csv;38063;0;0
38096;despesas_es_2024_completo_parte_01.csv;38097;0;0
38117;despesas_es_2024_completo_parte_01.csv;38118;18668168;1
38202;despesas_es_2024_completo_parte_01.csv;38203;0;0
38235;despesas_es_2024_completo_parte_01.csv;38236;-1218540;0
38458;despesas_es_2024_completo_parte_01.csv;38459;-60000;0
38466;despesas_es_2024_completo_parte_01.csv;38467;0;0
38471;despesas_es_2024_completo_parte_01.csv;38472;0;0
38486;despesas_es_2024_completo_parte_01.csv;38487;0;0
38528;despesas_es_2024_completo_parte_01.csv;38529;0;0
38529;despesas_es_2024_completo_parte_01.csv;38530;0;0
38548;despesas_es_2024_completo_parte_01.csv;38549;0;0
38587;despesas_es_2024_completo_parte_01.csv;38588;0;0
38652;despesas_es_2024_completo_parte_01.csv;38653;1365962;1
38707;despesas_es_2024_completo_parte_01.csv;38708;0;0
38719;despesas_es_2024_completo_parte_01.csv;38720;0;0
38743;despesas_es_2024_completo_parte_01.csv;38744;0;0
38750;despesas_es_2024_completo_parte_01.csv;38751;0;0
38851;despesas_es_2024_completo_parte_01.csv;38852;0;0
38867;despesas_es_2024_completo_parte_01.csv;38868;0;0
38892;despesas_es_2024_completo_parte_01.csv;38893;0;0
38971;despesas_es_2024_completo_parte_01.csv;38972;0;0
38979;despesas_es_2024_completo_parte_01.csv;38980;0;0
38991;despesas_es_2024_completo_parte_01.csv;38992;0;0
38997;despesas_es_2024_completo_parte_01.csv;38998;0;0
39139;despesas_es_2024_completo_parte_01.csv;39140;8800;1
39140;despesas_es_2024_completo_parte_01.csv;39141;25920;1
39150;despesas_es_2024_completo_parte_01.csv;39151;208614;1
39211;despesas_es_2024_completo_parte_01.csv;39212;8800;1
39212;despesas_es_2024_completo_parte_01.csv;39213;61416026;1
39224;despesas_es_2024_completo_parte_01.csv;39225;95476;1
39230;despesas_es_2024_completo_parte_01.csv;39231;0;0
39237;despesas_es_2024_completo_parte_01.csv;39238;71400;1
39280;despesas_es_2024_completo_parte_01.csv;39281;544873;1
39330;despesas_es_2024_completo_parte_01.csv;39331;0;0
39363;despesas_es_2024_completo_parte_01.csv;39364;22927875;1
39375;despesas_es_2024_completo_parte_01.csv;39376;0;0
39479;despesas_es_2024_completo_parte_01.csv;39480;0;0
39493;despesas_es_2024_completo_parte_01.csv;39494;1488;1
39517;despesas_es_2024_completo_parte_01.csv;39518;0;0
39543;despesas_es_2024_completo_parte_01.csv;39544;0;0
39589;despesas_es_2024_completo_parte_01.csv;39590;0;0
39598;despesas_es_2024_completo_parte_01.csv;39599;2202180;1
39748;despesas_es_2024_completo_parte_01.csv;39749;0;0
39757;despesas_es_2024_completo_parte_01.csv;39758;0;0
39791;despesas_es_2024_completo_parte_01.csv;39792;0;0
39808;despesas_es_2024_completo_parte_01.csv;39809;0;0
39829;despesas_es_2024_completo_parte_01.csv;39830;0;0
39849;despesas_es_2024_completo_parte_01.csv;39850;457912;1
39856;despesas_es_2024_completo_parte_01.csv;39857;0;0
39912;despesas_es_2024_completo_parte_01.csv;39913;4752;1
39917;despesas_es_2024_completo_parte_01.csv;39918;52409;1
40046;despesas_es_2024_completo_parte_01.csv;40047;18799;1
40175;despesas_es_2024_completo_parte_01.csv;40176;298680;1
40254;despesas_es_2024_completo_parte_01.csv;40255;0;0
40286;despesas_es_2024_completo_parte_01.csv;40287;0;0
40365;despesas_es_2024_completo_parte_01.csv;40366;0;0
40408;despesas_es_2024_completo_parte_01.csv;40409;0;0
40467;despesas_es_2024_completo_parte_01.csv;40468;0;0
40524;despesas_es_2024_completo_parte_01.csv;40525;0;0
40535;despesas_es_2024_completo_parte_01.csv;40536;0;0
40577;despesas_es_2024_completo_parte_01.csv;40578;0;0
40620;despesas_es_2024_completo_parte_01.csv;40621;0;0
40645;despesas_es_2024_completo_parte_01.csv;40646;0;0
40659;despesas_es_2024_completo_parte_01.csv;40660;0;0
40713;despesas_es_2024_completo_parte_01.csv;40714;0;0
40769;despesas_es_2024_completo_parte_01.csv;40770;0;0
40833;despesas_es_2024_completo_parte_01.csv;40834;0;0
40835;despesas_es_2024_completo_parte_01.csv;40836;0;0
41079;despesas_es_2024_completo_parte_01.csv;41080;0;0
41083;despesas_es_2024_completo_parte_01.csv;41084;0;0
41095;despesas_es_2024_completo_parte_01.csv;41096;0;0
41109;despesas_es_2024_completo_parte_01.csv;41110;0;0
41215;despesas_es_2024_completo_parte_01.csv;41216;0;0
41229;despesas_es_2024_completo_parte_01.csv;41230;792311;1
41244;despesas_es_2024_completo_parte_01.csv;41245;0;0
41335;despesas_es_2024_completo_parte_01.csv;41336;158;1
41347;despesas_es_2024_completo_parte_01.csv;41348;0;0
41394;despesas_es_2024_completo_parte_01.csv;41395;0;0
41418;despesas_es_2024_completo_parte_01.csv;41419;0;0
41519;despesas_es_2024_completo_parte_01.csv;41520;9334799;1
41573;despesas_es_2024_completo_parte_01.csv;41574;588348;1
41628;despesas_es_2024_completo_parte_01.csv;41629;8100;1
41698;despesas_es_2024_completo_parte_01.csv;41699;261613;1
41744;despesas_es_2024_completo_parte_01.csv;41745;0;0
41753;despesas_es_2024_completo_parte_01.csv;41754;0;0
41774;despesas_es_2024_completo_parte_01.csv;41775;0;0
41808;despesas_es_2024_completo_parte_01.csv;41809;75000;1
41907;despesas_es_2024_completo_parte_01.csv;41908;0;0
41916;despesas_es_2024_completo_parte_01.csv;41917;0;0
41924;despesas_es_2024_completo_parte_01.csv;41925;0;0
41964;despesas_es_2024_completo_parte_01.csv;41965;0;0
42057;despesas_es_2024_completo_parte_01.csv;42058;423852;1
42080;despesas_es_2024_completo_parte_01.csv;42081;8800;1
42103;despesas_es_2024_completo_parte_01.csv;42104;184157;1
42132;despesas_es_2024_completo_parte_01.csv;42133;646609;1
42257;despesas_es_2024_completo_parte_01.csv;42258;0;0
42274;despesas_es_2024_completo_parte_01.csv;42275;0;0
42285;despesas_es_2024_completo_parte_01.csv;42286;0;0
42294;despesas_es_2024_completo_parte_01.csv;42295;0;0
42321;despesas_es_2024_completo_parte_01.csv;42322;0;0
42386;despesas_es_2024_completo_parte_01.csv;42387;0;0
42387;despesas_es_2024_completo_parte_01.csv;42388;0;0
42414;despesas_es_2024_completo_parte_01.csv;42415;188900;1
42468;despesas_es_2024_completo_parte_01.csv;42469;0;0
42528;despesas_es_2024_completo_parte_01.csv;42529;0;0
42579;despesas_es_2024_completo_parte_01.csv;42580;0;0
42623;despesas_es_2024_completo_parte_01.csv;42624;0;0
42650;despesas_es_2024_completo_parte_01.csv;42651;0;0
42694;despesas_es_2024_completo_parte_01.csv;42695;0;0
42698;despesas_es_2024_completo_parte_01.csv;42699;0;0
42723;despesas_es_2024_completo_parte_01.csv;42724;0;0
42767;despesas_es_2024_completo_parte_01.csv;42768;0;0
42802;despesas_es_2024_completo_parte_01.csv;42803;0;0
42938;despesas_es_2024_completo_parte_01.csv;42939;0;0
43024;despesas_es_2024_completo_parte_01.csv;43025;0;0
43053;despesas_es_2024_completo_parte_01.csv;43054;0;0
43082;despesas_es_2024_completo_parte_01.csv;43083;0;0
43094;despesas_es_2024_completo_parte_01.csv;43095;0;0
43097;despesas_es_2024_completo_parte_01.csv;43098;0;0
43277;despesas_es_2024_completo_parte_01.csv;43278;0;0
43424;despesas_es_2024_completo_parte_01.csv;43425;0;0
43530;despesas_es_2024_completo_parte_01.csv;43531;0;0
43548;despesas_es_2024_completo_parte_01.csv;43549;0;0
43582;despesas_es_2024_completo_parte_01.csv;43583;0;0
43605;despesas_es_2024_completo_parte_01.csv;43606;0;0
43714;despesas_es_2024_completo_parte_01.csv;43715;0;0
43722;despesas_es_2024_completo_parte_01.csv;43723;0;0
43751;despesas_es_2024_completo_parte_01.csv;43752;0;0
43768;despesas_es_2024_completo_parte_01.csv;43769;0;0
43927;despesas_es_2024_completo_parte_01.csv;43928;0;0
44015;despesas_es_2024_completo_parte_01.csv;44016;191442;1
44074;despesas_es_2024_completo_parte_01.csv;44075;52800;1
44105;despesas_es_2024_completo_parte_01.csv;44106;0;0
44205;despesas_es_2024_completo_parte_01.csv;44206;0;0
44280;despesas_es_2024_completo_parte_01.csv;44281;0;0
44316;despesas_es_2024_completo_parte_01.csv;44317;0;0
44594;despesas_es_2024_completo_parte_01.csv;44595;0;0
44620;despesas_es_2024_completo_parte_01.csv;44621;0;0
44687;despesas_es_2024_completo_parte_01.csv;44688;0;0
44718;despesas_es_2024_completo_parte_01.csv;44719;601978;1
44753;despesas_es_2024_completo_parte_01.csv;44754;151654;1
44770;despesas_es_2024_completo_parte_01.csv;44771;0;0
44834;despesas_es_2024_completo_parte_01.csv;44835;89218;1
44842;despesas_es_2024_completo_parte_01.csv;44843;8800;1
44895;despesas_es_2024_completo_parte_01.csv;44896;0;0
44928;despesas_es_2024_completo_parte_01.csv;44929;0;0
45009;despesas_es_2024_completo_parte_01.csv;45010;0;0
45163;despesas_es_2024_completo_parte_01.csv;45164;0;0
45182;despesas_es_2024_completo_parte_01.csv;45183;0;0
45191;despesas_es_2024_completo_parte_01.csv;45192;0;0
45207;despesas_es_2024_completo_parte_01.csv;45208;0;0
45306;despesas_es_2024_completo_parte_01.csv;45307;0;0
45312;despesas_es_2024_completo_parte_01.csv;45313;8800;1
45396;despesas_es_2024_completo_parte_01.csv;45397;0;0
45399;despesas_es_2024_completo_parte_01.csv;45400;0;0
45503;despesas_es_2024_completo_parte_01.csv;45504;0;0
45513;despesas_es_2024_completo_parte_01.csv;45514;0;0
45539;despesas_es_2024_completo_parte_01.csv;45540;19753;1
45625;despesas_es_2024_completo_parte_01.csv;45626;0;0
45628;despesas_es_2024_completo_parte_01.csv;45629;0;0
45633;despesas_es_2024_completo_parte_01.csv;45634;4608;1
45734;despesas_es_2024_completo_parte_01.csv;45735;342219;1
45836;despesas_es_2024_completo_parte_01.csv;45837;0;0
45895;despesas_es_2024_completo_parte_01.csv;45896;0;0
46071;despesas_es_2024_completo_parte_01.csv;46072;23640;1
46175;despesas_es_2024_completo_parte_01.csv;46176;0;0
46295;despesas_es_2024_completo_parte_01.csv;46296;2301762;1
46417;despesas_es_2024_completo_parte_01.csv;46418;16873385;1
46471;despesas_es_2024_completo_parte_01.csv;46472;184053;1
46500;despesas_es_2024_completo_parte_01.csv;46501;74800;1
46597;despesas_es_2024_completo_parte_01.csv;46598;0;0
46777;despesas_es_2024_completo_parte_01.csv;46778;7511538;1
46838;despesas_es_2024_completo_parte_01.csv;46839;0;0
46887;despesas_es_2024_completo_parte_01.csv;46888;422565;1
46922;despesas_es_2024_completo_parte_01.csv;46923;0;0
47065;despesas_es_2024_completo_parte_01.csv;47066;0;0
47193;despesas_es_2024_completo_parte_01.csv;47194;0;0
47251;despesas_es_2024_completo_parte_01.csv;47252;0;0
47303;despesas_es_2024_completo_parte_01.csv;47304;0;0
47327;despesas_es_2024_completo_parte_01.csv;47328;0;0
47463;despesas_es_2024_completo_parte_01.csv;47464;0;0
47480;despesas_es_2024_completo_parte_01.csv;47481;0;0
47524;despesas_es_2024_completo_parte_01.csv;47525;0;0
47640;despesas_es_2024_completo_parte_01.csv;47641;0;0
47688;despesas_es_2024_completo_parte_01.csv;47689;0;0
47700;despesas_es_2024_completo_parte_01.csv;47701;0;0
47794;despesas_es_2024_completo_parte_01.csv;47795;0;0
47942;despesas_es_2024_completo_parte_01.csv;47943;0;0
48060;despesas_es_2024_completo_parte_01.csv;48061;0;0
48079;despesas_es_2024_completo_parte_01.csv;48080;0;0
48099;despesas_es_2024_completo_parte_01.csv;48100;0;0
48106;despesas_es_2024_completo_parte_01.csv;48107;0;0
48110;despesas_es_2024_completo_parte_01.csv;48111;0;0
48168;despesas_es_2024_completo_parte_01.csv;48169;0;0
48191;despesas_es_2024_completo_parte_01.csv;48192;0;0
48382;despesas_es_2024_completo_parte_01.csv;48383;1598025;1
48383;despesas_es_2024_completo_parte_01.csv;48384;876782;1
48417;despesas_es_2024_completo_parte_01.csv;48418;2067743;1
48494;despesas_es_2024_completo_parte_01.csv;48495;660608;1
48570;despesas_es_2024_completo_parte_01.csv;48571;0;0
48578;despesas_es_2024_completo_parte_01.csv;48579;286700;1
48709;despesas_es_2024_completo_parte_01.csv;48710;0;0
48812;despesas_es_2024_completo_parte_01.csv;48813;4113;1
48830;despesas_es_2024_completo_parte_01.csv;48831;26878;1
48929;despesas_es_2024_completo_parte_01.csv;48930;0;0
48971;despesas_es_2024_completo_parte_01.csv;48972;8800;1
49104;despesas_es_2024_completo_parte_01.csv;49105;7169;1
49128;despesas_es_2024_completo_parte_01.csv;49129;0;0
49138;despesas_es_2024_completo_parte_01.csv;49139;96800;1
49167;despesas_es_2024_completo_parte_01.csv;49168;0;0
49248;despesas_es_2024_completo_parte_01.csv;49249;451046;1
49334;despesas_es_2024_completo_parte_01.csv;49335;0;0
49341;despesas_es_2024_completo_parte_01.csv;49342;0;0
49359;despesas_es_2024_completo_parte_01.csv;49360;0;0
49364;despesas_es_2024_completo_parte_01.csv;49365;0;0
49384;despesas_es_2024_completo_parte_01.csv;49385;845130;1
49392;despesas_es_2024_completo_parte_01.csv;49393;0;0
49401;despesas_es_2024_completo_parte_01.csv;49402;0;0
49480;despesas_es_2024_completo_parte_01.csv;49481;0;0
49494;despesas_es_2024_completo_parte_01.csv;49495;0;0
49559;despesas_es_2024_completo_parte_01.csv;49560;0;0
49619;despesas_es_2024_completo_parte_01.csv;49620;5766;1
49696;despesas_es_2024_completo_parte_01.csv;49697;0;0
49730;despesas_es_2024_completo_parte_01.csv;49731;44491;1
49786;despesas_es_2024_completo_parte_01.csv;49787;0;0
49792;despesas_es_2024_completo_parte_01.csv;49793;0;0
49835;despesas_es_2024_completo_parte_01.csv;49836;68875;1
49872;despesas_es_2024_completo_parte_01.csv;49873;765552;1
49951;despesas_es_2024_completo_parte_01.csv;49952;0;0
50030;despesas_es_2024_completo_parte_01.csv;50031;0;0
50043;despesas_es_2024_completo_parte_01.csv;50044;0;0
50089;despesas_es_2024_completo_parte_01.csv;50090;0;0
50140;despesas_es_2024_completo_parte_01.csv;50141;0;0
50164;despesas_es_2024_completo_parte_01.csv;50165;0;0
50199;despesas_es_2024_completo_parte_01.csv;50200;0;0
50206;despesas_es_2024_completo_parte_01.csv;50207;0;0
50222;despesas_es_2024_completo_parte_01.csv;50223;0;0
50234;despesas_es_2024_completo_parte_01.csv;50235;0;0
50299;despesas_es_2024_completo_parte_01.csv;50300;0;0
50376;despesas_es_2024_completo_parte_01.csv;50377;0;0
50415;despesas_es_2024_completo_parte_01.csv;50416;0;0
50508;despesas_es_2024_completo_parte_01.csv;50509;0;0
50534;despesas_es_2024_completo_parte_01.csv;50535;0;0
50560;despesas_es_2024_completo_parte_01.csv;50561;0;0
50603;despesas_es_2024_completo_parte_01.csv;50604;20333333;1
50635;despesas_es_2024_completo_parte_01.csv;50636;123065;1
50638;despesas_es_2024_completo_parte_01.csv;50639;118415;1
50831;despesas_es_2024_completo_parte_01.csv;50832;812400;1
51042;despesas_es_2024_completo_parte_01.csv;51043;0;0
51054;despesas_es_2024_completo_parte_01.csv;51055;0;0
51105;despesas_es_2024_completo_parte_01.csv;51106;0;0
51168;despesas_es_2024_completo_parte_01.csv;51169;0;0
51192;despesas_es_2024_completo_parte_01.csv;51193;328790;1
51218;despesas_es_2024_completo_parte_01.csv;51219;523315;1
51319;despesas_es_2024_completo_parte_01.csv;51320;2681179;1
51370;despesas_es_2024_completo_parte_01.csv;51371;3808209;1
51375;despesas_es_2024_completo_parte_01.csv;51376;420888;1
51376;despesas_es_2024_completo_parte_01.csv;51377;1003125;1
51378;despesas_es_2024_completo_parte_01.csv;51379;144000;1
51392;despesas_es_2024_completo_parte_01.csv;51393;0;0
51468;despesas_es_2024_completo_parte_01.csv;51469;0;0
51490;despesas_es_2024_completo_parte_01.csv;51491;200000;1
51554;despesas_es_2024_completo_parte_01.csv;51555;0;0
51576;despesas_es_2024_completo_parte_01.csv;51577;18930210;1
51633;despesas_es_2024_completo_parte_01.csv;51634;0;0
51700;despesas_es_2024_completo_parte_01.csv;51701;2298225;1
51738;despesas_es_2024_completo_parte_01.csv;51739;1675180;1
51753;despesas_es_2024_completo_parte_01.csv;51754;0;0
51763;despesas_es_2024_completo_parte_01.csv;51764;0;0
51777;despesas_es_2024_completo_parte_01.csv;51778;19115;1
51779;despesas_es_2024_completo_parte_01.csv;51780;44984;1
51789;despesas_es_2024_completo_parte_01.csv;51790;30800;1
51828;despesas_es_2024_completo_parte_01.csv;51829;0;0
51908;despesas_es_2024_completo_parte_01.csv;51909;0;0
51913;despesas_es_2024_completo_parte_01.csv;51914;0;0
51944;despesas_es_2024_completo_parte_01.csv;51945;-180986226;0
51989;despesas_es_2024_completo_parte_01.csv;51990;0;0
52015;despesas_es_2024_completo_parte_01.csv;52016;0;0
52234;despesas_es_2024_completo_parte_01.csv;52235;0;0
52262;despesas_es_2024_completo_parte_01.csv;52263;0;0
52275;despesas_es_2024_completo_parte_01.csv;52276;0;0
52318;despesas_es_2024_completo_parte_01.csv;52319;0;0
52328;despesas_es_2024_completo_parte_01.csv;52329;0;0
52368;despesas_es_2024_completo_parte_01.csv;52369;0;0
52372;despesas_es_2024_completo_parte_01.csv;52373;0;0
52374;despesas_es_2024_completo_parte_01.csv;52375;0;0
52390;despesas_es_2024_completo_parte_01.csv;52391;0;0
52429;despesas_es_2024_completo_parte_01.csv;52430;0;0
52510;despesas_es_2024_completo_parte_01.csv;52511;0;0
52514;despesas_es_2024_completo_parte_01.csv;52515;0;0
52541;despesas_es_2024_completo_parte_01.csv;52542;42447;1
52552;despesas_es_2024_completo_parte_01.csv;52553;272272;1
52601;despesas_es_2024_completo_parte_01.csv;52602;38580;1
52647;despesas_es_2024_completo_parte_01.csv;52648;598507075;1
52750;despesas_es_2024_completo_parte_01.csv;52751;0;0
52763;despesas_es_2024_completo_parte_01.csv;52764;0;0
52787;despesas_es_2024_completo_parte_01.csv;52788;0;0
52939;despesas_es_2024_completo_parte_01.csv;52940;0;0
52952;despesas_es_2024_completo_parte_01.csv;52953;0;0
52999;despesas_es_2024_completo_parte_01.csv;53000;0;0
53016;despesas_es_2024_completo_parte_01.csv;53017;0;0
53100;despesas_es_2024_completo_parte_01.csv;53101;0;0
53144;despesas_es_2024_completo_parte_01.csv;53145;873194;1
53246;despesas_es_2024_completo_parte_01.csv;53247;8800;1
53323;despesas_es_2024_completo_parte_01.csv;53324;0;0
53449;despesas_es_2024_completo_parte_01.csv;53450;0;0
53468;despesas_es_2024_completo_parte_01.csv;53469;185476;1
53472;despesas_es_2024_completo_parte_01.csv;53473;47510;1
53497;despesas_es_2024_completo_parte_01.csv;53498;77637127;1
53601;despesas_es_2024_completo_parte_01.csv;53602;0;0
53696;despesas_es_2024_completo_parte_01.csv;53697;0;0
53746;despesas_es_2024_completo_parte_01.csv;53747;0;0
53756;despesas_es_2024_completo_parte_01.csv;53757;0;0
53785;despesas_es_2024_completo_parte_01.csv;53786;2600;1
53791;despesas_es_2024_completo_parte_01.csv;53792;0;0
53843;despesas_es_2024_completo_parte_01.csv;53844;0;0
53849;despesas_es_2024_completo_parte_01.csv;53850;164488;1
53858;despesas_es_2024_completo_parte_01.csv;53859;0;0
53866;despesas_es_2024_completo_parte_01.csv;53867;282568;1
53905;despesas_es_2024_completo_parte_01.csv;53906;0;0
53985;despesas_es_2024_completo_parte_01.csv;53986;0;0
54008;despesas_es_2024_completo_parte_01.csv;54009;322515;1
54050;despesas_es_2024_completo_parte_01.csv;54051;6507516;1
54120;despesas_es_2024_completo_parte_01.csv;54121;0;0
54125;despesas_es_2024_completo_parte_01.csv;54126;1051246;1
54131;despesas_es_2024_completo_parte_01.csv;54132;0;0
54133;despesas_es_2024_completo_parte_01.csv;54134;0;0
54169;despesas_es_2024_completo_parte_01.csv;54170;0;0
54229;despesas_es_2024_completo_parte_01.csv;54230;145800;1
54260;despesas_es_2024_completo_parte_01.csv;54261;8800;1
54329;despesas_es_2024_completo_parte_01.csv;54330;0;0
54349;despesas_es_2024_completo_parte_01.csv;54350;29350588;1
54355;despesas_es_2024_completo_parte_01.csv;54356;0;0
54397;despesas_es_2024_completo_parte_01.csv;54398;0;0
54418;despesas_es_2024_completo_parte_01.csv;54419;563420;1
54421;despesas_es_2024_completo_parte_01.csv;54422;3011673;1
54509;despesas_es_2024_completo_parte_01.csv;54510;30800;1
54523;despesas_es_2024_completo_parte_01.csv;54524;93627;1
54548;despesas_es_2024_completo_parte_01.csv;54549;2484470;1
54593;despesas_es_2024_completo_parte_01.csv;54594;14965073;1
54604;despesas_es_2024_completo_parte_01.csv;54605;250000;1
54652;despesas_es_2024_completo_parte_01.csv;54653;8800;1
54659;despesas_es_2024_completo_parte_01.csv;54660;50882;1
54665;despesas_es_2024_completo_parte_01.csv;54666;34216;1
54670;despesas_es_2024_completo_parte_01.csv;54671;255;1
54682;despesas_es_2024_completo_parte_01.csv;54683;86962;1
54714;despesas_es_2024_completo_parte_01.csv;54715;0;0
54782;despesas_es_2024_completo_parte_01.csv;54783;0;0
54846;despesas_es_2024_completo_parte_01.csv;54847;0;0
54851;despesas_es_2024_completo_parte_01.csv;54852;0;0
54879;despesas_es_2024_completo_parte_01.csv;54880;0;0
55017;despesas_es_2024_completo_parte_01.csv;55018;0;0
55196;despesas_es_2024_completo_parte_01.csv;55197;1121193;1
55207;despesas_es_2024_completo_parte_01.csv;55208;593352;1
55312;despesas_es_2024_completo_parte_01.csv;55313;8800;1
55324;despesas_es_2024_completo_parte_01.csv;55325;1034250;1
55386;despesas_es_2024_completo_parte_01.csv;55387;0;0
55486;despesas_es_2024_completo_parte_01.csv;55487;265028;1
55488;despesas_es_2024_completo_parte_01.csv;55489;0;0
55498;despesas_es_2024_completo_parte_01.csv;55499;17303978;1
55591;despesas_es_2024_completo_parte_01.csv;55592;0;0
55651;despesas_es_2024_completo_parte_01.csv;55652;45000;1
55749;despesas_es_2024_completo_parte_01.csv;55750;0;0
55785;despesas_es_2024_completo_parte_01.csv;55786;0;0
55800;despesas_es_2024_completo_parte_01.csv;55801;0;0
55862;despesas_es_2024_completo_parte_01.csv;55863;2743;1
55887;despesas_es_2024_completo_parte_01.csv;55888;16894520;1
55896;despesas_es_2024_completo_parte_01.csv;55897;1050000;1
55907;despesas_es_2024_completo_parte_01.csv;55908;0;0
55954;despesas_es_2024_completo_parte_01.csv;55955;0;0
56139;despesas_es_2024_completo_parte_01.csv;56140;8800;1
56145;despesas_es_2024_completo_parte_01.csv;56146;865196;1
56148;despesas_es_2024_completo_parte_01.csv;56149;0;0
56189;despesas_es_2024_completo_parte_01.csv;56190;0;0
56199;despesas_es_2024_completo_parte_01.csv;56200;0;0
56334;despesas_es_2024_completo_parte_01.csv;56335;0;0
56356;despesas_es_2024_completo_parte_01.csv;56357;0;0
56358;despesas_es_2024_completo_parte_01.csv;56359;0;0
56372;despesas_es_2024_completo_parte_01.csv;56373;0;0
56387;despesas_es_2024_completo_parte_01.csv;56388;0;0
56393;despesas_es_2024_completo_parte_01.csv;56394;0;0
56457;despesas_es_2024_completo_parte_01.csv;56458;0;0
56492;despesas_es_2024_completo_parte_01.csv;56493;0;0
56502;despesas_es_2024_completo_parte_01.csv;56503;0;0
56576;despesas_es_2024_completo_parte_01.csv;56577;0;0
56602;despesas_es_2024_completo_parte_01.csv;56603;0;0
56618;despesas_es_2024_completo_parte_01.csv;56619;0;0
56652;despesas_es_2024_completo_parte_01.csv;56653;0;0
56657;despesas_es_2024_completo_parte_01.csv;56658;0;0
56682;despesas_es_2024_completo_parte_01.csv;56683;8800;1
56760;despesas_es_2024_completo_parte_01.csv;56761;18008;1
56767;despesas_es_2024_completo_parte_01.csv;56768;18383;1
56783;despesas_es_2024_completo_parte_01.csv;56784;482661;1
56927;despesas_es_2024_completo_parte_01.csv;56928;581;1
56980;despesas_es_2024_completo_parte_01.csv;56981;0;0
56991;despesas_es_2024_completo_parte_01.csv;56992;0;0
57035;despesas_es_2024_completo_parte_01.csv;57036;0;0
57083;despesas_es_2024_completo_parte_01.csv;57084;0;0
57184;despesas_es_2024_completo_parte_01.csv;57185;0;0
57219;despesas_es_2024_completo_parte_01.csv;57220;0;0
57439;despesas_es_2024_completo_parte_01.csv;57440;500000;1
57476;despesas_es_2024_completo_parte_01.csv;57477;8800;1
57489;despesas_es_2024_completo_parte_01.csv;57490;0;0
57504;despesas_es_2024_completo_parte_01.csv;57505;0;0
57597;despesas_es_2024_completo_parte_01.csv;57598;0;0
57627;despesas_es_2024_completo_parte_01.csv;57628;0;0
57654;despesas_es_2024_completo_parte_01.csv;57655;0;0
57819;despesas_es_2024_completo_parte_01.csv;57820;4644;1
57846;despesas_es_2024_completo_parte_01.csv;57847;0;0
57874;despesas_es_2024_completo_parte_01.csv;57875;0;0
57875;despesas_es_2024_completo_parte_01.csv;57876;0;0
57900;despesas_es_2024_completo_parte_01.csv;57901;50103;1
57918;despesas_es_2024_completo_parte_01.csv;57919;0;0
57960;despesas_es_2024_completo_parte_01.csv;57961;120284;1
57994;despesas_es_2024_completo_parte_01.csv;57995;0;0
58035;despesas_es_2024_completo_parte_01.csv;58036;0;0
58039;despesas_es_2024_completo_parte_01.csv;58040;0;0
58271;despesas_es_2024_completo_parte_01.csv;58272;9360;1
58397;despesas_es_2024_completo_parte_01.csv;58398;0;0
58441;despesas_es_2024_completo_parte_01.csv;58442;-408796;0
58544;despesas_es_2024_completo_parte_01.csv;58545;0;0
58641;despesas_es_2024_completo_parte_01.csv;58642;8800;1
58666;despesas_es_2024_completo_parte_01.csv;58667;200000;1
58689;despesas_es_2024_completo_parte_01.csv;58690;228970;1
58739;despesas_es_2024_completo_parte_01.csv;58740;10759320;1
58763;despesas_es_2024_completo_parte_01.csv;58764;0;0
58787;despesas_es_2024_completo_parte_01.csv;58788;37362781;1
58902;despesas_es_2024_completo_parte_01.csv;58903;0;0
59090;despesas_es_2024_completo_parte_01.csv;59091;0;0
59262;despesas_es_2024_completo_parte_01.csv;59263;31185;1
59277;despesas_es_2024_completo_parte_01.csv;59278;30800;1
59401;despesas_es_2024_completo_parte_01.csv;59402;32302;1
59433;despesas_es_2024_completo_parte_01.csv;59434;0;0
59442;despesas_es_2024_completo_parte_01.csv;59443;22000;1
59536;despesas_es_2024_completo_parte_01.csv;59537;0;0
59693;despesas_es_2024_completo_parte_01.csv;59694;0;0
59724;despesas_es_2024_completo_parte_01.csv;59725;0;0
59753;despesas_es_2024_completo_parte_01.csv;59754;30000000;1
59772;despesas_es_2024_completo_parte_01.csv;59773;11975;1
59798;despesas_es_2024_completo_parte_01.csv;59799;735683;1
59821;despesas_es_2024_completo_parte_01.csv;59822;0;0
59827;despesas_es_2024_completo_parte_01.csv;59828;0;0
59860;despesas_es_2024_completo_parte_01.csv;59861;0;0
59864;despesas_es_2024_completo_parte_01.csv;59865;70804;1
59887;despesas_es_2024_completo_parte_01.csv;59888;20155;1
59950;despesas_es_2024_completo_parte_01.csv;59951;8800;1
60077;despesas_es_2024_completo_parte_01.csv;60078;733360;1
60081;despesas_es_2024_completo_parte_01.csv;60082;241354;1
60084;despesas_es_2024_completo_parte_01.csv;60085;278;1
60164;despesas_es_2024_completo_parte_01.csv;60165;185982;1
60204;despesas_es_2024_completo_parte_01.csv;60205;3105;1
60241;despesas_es_2024_completo_parte_01.csv;60242;0;0
60281;despesas_es_2024_completo_parte_01.csv;60282;97800;1
60340;despesas_es_2024_completo_parte_01.csv;60341;0;0
60358;despesas_es_2024_completo_parte_01.csv;60359;0;0
60444;despesas_es_2024_completo_parte_01.csv;60445;8800;1
60448;despesas_es_2024_completo_parte_01.csv;60449;8800;1
60483;despesas_es_2024_completo_parte_01.csv;60484;0;0
60508;despesas_es_2024_completo_parte_01.csv;60509;6993;1
60513;despesas_es_2024_completo_parte_01.csv;60514;0;0
60656;despesas_es_2024_completo_parte_01.csv;60657;0;0
60692;despesas_es_2024_completo_parte_01.csv;60693;0;0
60701;despesas_es_2024_completo_parte_01.csv;60702;0;0
60722;despesas_es_2024_completo_parte_01.csv;60723;0;0
60756;despesas_es_2024_completo_parte_01.csv;60757;0;0
60779;despesas_es_2024_completo_parte_01.csv;60780;0;0
60858;despesas_es_2024_completo_parte_01.csv;60859;0;0
60861;despesas_es_2024_completo_parte_01.csv;60862;0;0
60914;despesas_es_2024_completo_parte_01.csv;60915;1630200;1
60931;despesas_es_2024_completo_parte_01.csv;60932;2139;1
60933;despesas_es_2024_completo_parte_01.csv;60934;13519;1
60938;despesas_es_2024_completo_parte_01.csv;60939;14925;1
60953;despesas_es_2024_completo_parte_01.csv;60954;0;0
60969;despesas_es_2024_completo_parte_01.csv;60970;0;0
61067;despesas_es_2024_completo_parte_01.csv;61068;0;0
61071;despesas_es_2024_completo_parte_01.csv;61072;0;0
61140;despesas_es_2024_completo_parte_01.csv;61141;964474;1
61232;despesas_es_2024_completo_parte_01.csv;61233;0;0
61289;despesas_es_2024_completo_parte_01.csv;61290;0;0
61335;despesas_es_2024_completo_parte_01.csv;61336;1255952;1
61475;despesas_es_2024_completo_parte_01.csv;61476;8800;1
61487;despesas_es_2024_completo_parte_01.csv;61488;0;0
61517;despesas_es_2024_completo_parte_01.csv;61518;0;0
61523;despesas_es_2024_completo_parte_01.csv;61524;562386;1
61570;despesas_es_2024_completo_parte_01.csv;61571;0;0
61571;despesas_es_2024_completo_parte_01.csv;61572;8800;1
61645;despesas_es_2024_completo_parte_01.csv;61646;0;0
61659;despesas_es_2024_completo_parte_01.csv;61660;0;0
61675;despesas_es_2024_completo_parte_01.csv;61676;199000;1
61737;despesas_es_2024_completo_parte_01.csv;61738;200000;1
61781;despesas_es_2024_completo_parte_01.csv;61782;5148;1
61790;despesas_es_2024_completo_parte_01.csv;61791;50378;1
61792;despesas_es_2024_completo_parte_01.csv;61793;2484;1
61861;despesas_es_2024_completo_parte_01.csv;61862;151200;1
61911;despesas_es_2024_completo_parte_01.csv;61912;8800;1
61920;despesas_es_2024_completo_parte_01.csv;61921;211282;1
61936;despesas_es_2024_completo_parte_01.csv;61937;0;0
61960;despesas_es_2024_completo_parte_01.csv;61961;17436976;1
62005;despesas_es_2024_completo_parte_01.csv;62006;0;0
62025;despesas_es_2024_completo_parte_01.csv;62026;10112;1
62041;despesas_es_2024_completo_parte_01.csv;62042;112443;1
62070;despesas_es_2024_completo_parte_01.csv;62071;15760;1
62085;despesas_es_2024_completo_parte_01.csv;62086;0;0
62155;despesas_es_2024_completo_parte_01.csv;62156;279100;1
62275;despesas_es_2024_completo_parte_01.csv;62276;2368060;1
62284;despesas_es_2024_completo_parte_01.csv;62285;0;0
62332;despesas_es_2024_completo_parte_01.csv;62333;106123231;1
62397;despesas_es_2024_completo_parte_01.csv;62398;0;0
62469;despesas_es_2024_completo_parte_01.csv;62470;248204;1
62485;despesas_es_2024_completo_parte_01.csv;62486;0;0
62513;despesas_es_2024_completo_parte_01.csv;62514;0;0
62519;despesas_es_2024_completo_parte_01.csv;62520;0;0
62522;despesas_es_2024_completo_parte_01.csv;62523;0;0
62556;despesas_es_2024_completo_parte_01.csv;62557;0;0
62577;despesas_es_2024_completo_parte_01.csv;62578;0;0
62654;despesas_es_2024_completo_parte_01.csv;62655;0;0
62839;despesas_es_2024_completo_parte_01.csv;62840;0;0
62894;despesas_es_2024_completo_parte_01.csv;62895;0;0
62903;despesas_es_2024_completo_parte_01.csv;62904;0;0
62917;despesas_es_2024_completo_parte_01.csv;62918;0;0
62931;despesas_es_2024_completo_parte_01.csv;62932;0;0
62962;despesas_es_2024_completo_parte_01.csv;62963;0;0
62967;despesas_es_2024_completo_parte_01.csv;62968;0;0
62988;despesas_es_2024_completo_parte_01.csv;62989;0;0
63018;despesas_es_2024_completo_parte_01.csv;63019;0;0
63121;despesas_es_2024_completo_parte_01.csv;63122;0;0
63181;despesas_es_2024_completo_parte_01.csv;63182;0;0
63195;despesas_es_2024_completo_parte_01.csv;63196;0;0
63200;despesas_es_2024_completo_parte_01.csv;63201;0;0
63242;despesas_es_2024_completo_parte_01.csv;63243;0;0
63430;despesas_es_2024_completo_parte_01.csv;63431;0;0
63517;despesas_es_2024_completo_parte_01.csv;63518;22216;1
63523;despesas_es_2024_completo_parte_01.csv;63524;0;0
63548;despesas_es_2024_completo_parte_01.csv;63549;0;0
63552;despesas_es_2024_completo_parte_01.csv;63553;0;0
63593;despesas_es_2024_completo_parte_01.csv;63594;0;0
63689;despesas_es_2024_completo_parte_01.csv;63690;0;0
63725;despesas_es_2024_completo_parte_01.csv;63726;30800;1
63745;despesas_es_2024_completo_parte_01.csv;63746;0;0
63839;despesas_es_2024_completo_parte_01.csv;63840;0;0
64108;despesas_es_2024_completo_parte_01.csv;64109;0;0
64290;despesas_es_2024_completo_parte_01.csv;64291;0;0
64298;despesas_es_2024_completo_parte_01.csv;64299;0;0
64312;despesas_es_2024_completo_parte_01.csv;64313;84881;1
64344;despesas_es_2024_completo_parte_01.csv;64345;0;0
64417;despesas_es_2024_completo_parte_01.csv;64418;0;0
64440;despesas_es_2024_completo_parte_01.csv;64441;8800;1
64519;despesas_es_2024_completo_parte_01.csv;64520;0;0
64708;despesas_es_2024_completo_parte_01.csv;64709;0;0
64727;despesas_es_2024_completo_parte_01.csv;64728;0;0
64728;despesas_es_2024_completo_parte_01.csv;64729;0;0
64774;despesas_es_2024_completo_parte_01.csv;64775;0;0
64822;despesas_es_2024_completo_parte_01.csv;64823;1077638;1
64844;despesas_es_2024_completo_parte_01.csv;64845;18912;1
64879;despesas_es_2024_completo_parte_01.csv;64880;0;0
64886;despesas_es_2024_completo_parte_01.csv;64887;2880;1
64917;despesas_es_2024_completo_parte_01.csv;64918;0;0
65002;despesas_es_2024_completo_parte_01.csv;65003;0;0
65030;despesas_es_2024_completo_parte_01.csv;65031;482661;1
65063;despesas_es_2024_completo_parte_01.csv;65064;0;0
65087;despesas_es_2024_completo_parte_01.csv;65088;870544;1
65090;despesas_es_2024_completo_parte_01.csv;65091;10399797;1
65108;despesas_es_2024_completo_parte_01.csv;65109;0;0
65115;despesas_es_2024_completo_parte_01.csv;65116;0;0
65124;despesas_es_2024_completo_parte_01.csv;65125;34343;1
65208;despesas_es_2024_completo_parte_01.csv;65209;0;0
65232;despesas_es_2024_completo_parte_01.csv;65233;0;0
65234;despesas_es_2024_completo_parte_01.csv;65235;0;0
65246;despesas_es_2024_completo_parte_01.csv;65247;13525;1
65260;despesas_es_2024_completo_parte_01.csv;65261;1672521;1
65289;despesas_es_2024_completo_parte_01.csv;65290;0;0
65335;despesas_es_2024_completo_parte_01.csv;65336;0;0
65362;despesas_es_2024_completo_parte_01.csv;65363;0;0
65462;despesas_es_2024_completo_parte_01.csv;65463;8800;1
65501;despesas_es_2024_completo_parte_01.csv;65502;0;0
65593;despesas_es_2024_completo_parte_01.csv;65594;23556;1
65630;despesas_es_2024_completo_parte_01.csv;65631;0;0
65637;despesas_es_2024_completo_parte_01.csv;65638;17160;1
65656;despesas_es_2024_completo_parte_01.csv;65657;0;0
65702;despesas_es_2024_completo_parte_01.csv;65703;0;0
65716;despesas_es_2024_completo_parte_01.csv;65717;0;0
65728;despesas_es_2024_completo_parte_01.csv;65729;0;0
65767;despesas_es_2024_completo_parte_01.csv;65768;116189;1
65785;despesas_es_2024_completo_parte_01.csv;65786;0;0
65831;despesas_es_2024_completo_parte_01.csv;65832;0;0
65837;despesas_es_2024_completo_parte_01.csv;65838;0;0
65875;despesas_es_2024_completo_parte_01.csv;65876;0;0
65975;despesas_es_2024_completo_parte_01.csv;65976;0;0
66036;despesas_es_2024_completo_parte_01.csv;66037;43194;1
66133;despesas_es_2024_completo_parte_01.csv;66134;0;0
66379;despesas_es_2024_completo_parte_01.csv;66380;155870483;1
66471;despesas_es_2024_completo_parte_01.csv;66472;0;0
66503;despesas_es_2024_completo_parte_01.csv;66504;0;0
66558;despesas_es_2024_completo_parte_01.csv;66559;0;0
66597;despesas_es_2024_completo_parte_01.csv;66598;0;0
66631;despesas_es_2024_completo_parte_01.csv;66632;0;0
66647;despesas_es_2024_completo_parte_01.csv;66648;0;0
66655;despesas_es_2024_completo_parte_01.csv;66656;0;0
66663;despesas_es_2024_completo_parte_01.csv;66664;0;0
66715;despesas_es_2024_completo_parte_01.csv;66716;0;0
66740;despesas_es_2024_completo_parte_01.csv;66741;0;0
66775;despesas_es_2024_completo_parte_01.csv;66776;96800;1
66798;despesas_es_2024_completo_parte_01.csv;66799;10725825;1
66847;despesas_es_2024_completo_parte_01.csv;66848;396912;1
66902;despesas_es_2024_completo_parte_01.csv;66903;228956;1
66910;despesas_es_2024_completo_parte_01.csv;66911;0;0
67043;despesas_es_2024_completo_parte_01.csv;67044;0;0
67059;despesas_es_2024_completo_parte_01.csv;67060;0;0
67096;despesas_es_2024_completo_parte_01.csv;67097;457220;1
67107;despesas_es_2024_completo_parte_01.csv;67108;4537908;1
67143;despesas_es_2024_completo_parte_01.csv;67144;0;0
67323;despesas_es_2024_completo_parte_01.csv;67324;14044;1
67376;despesas_es_2024_completo_parte_01.csv;67377;0;0
67459;despesas_es_2024_completo_parte_01.csv;67460;0;0
67514;despesas_es_2024_completo_parte_01.csv;67515;83000;1
67533;despesas_es_2024_completo_parte_01.csv;67534;150000;1
67597;despesas_es_2024_completo_parte_01.csv;67598;0;0
67727;despesas_es_2024_completo_parte_01.csv;67728;559666;1
67781;despesas_es_2024_completo_parte_01.csv;67782;1329036;1
67956;despesas_es_2024_completo_parte_01.csv;67957;13006;1
67973;despesas_es_2024_completo_parte_01.csv;67974;0;0
67978;despesas_es_2024_completo_parte_01.csv;67979;354398;1
67983;despesas_es_2024_completo_parte_01.csv;67984;95801;1
68094;despesas_es_2024_completo_parte_01.csv;68095;7457102;1
68119;despesas_es_2024_completo_parte_01.csv;68120;98070;1
68174;despesas_es_2024_completo_parte_01.csv;68175;0;0
68267;despesas_es_2024_completo_parte_01.csv;68268;0;0
68309;despesas_es_2024_completo_parte_01.csv;68310;0;0
68330;despesas_es_2024_completo_parte_01.csv;68331;0;0
68441;despesas_es_2024_completo_parte_01.csv;68442;0;0
68519;despesas_es_2024_completo_parte_01.csv;68520;3218;1
68524;despesas_es_2024_completo_parte_01.csv;68525;0;0
68584;despesas_es_2024_completo_parte_01.csv;68585;0;0
68597;despesas_es_2024_completo_parte_01.csv;68598;0;0
68604;despesas_es_2024_completo_parte_01.csv;68605;4525211;1
68689;despesas_es_2024_completo_parte_01.csv;68690;0;0
68739;despesas_es_2024_completo_parte_01.csv;68740;0;0
68746;despesas_es_2024_completo_parte_01.csv;68747;0;0
68763;despesas_es_2024_completo_parte_01.csv;68764;87750;1
68841;despesas_es_2024_completo_parte_01.csv;68842;3260;1
68870;despesas_es_2024_completo_parte_01.csv;68871;0;0
68952;despesas_es_2024_completo_parte_01.csv;68953;15824461;1
68973;despesas_es_2024_completo_parte_01.csv;68974;0;0
68978;despesas_es_2024_completo_parte_01.csv;68979;0;0
69005;despesas_es_2024_completo_parte_01.csv;69006;0;0
69143;despesas_es_2024_completo_parte_01.csv;69144;10358261;1
69154;despesas_es_2024_completo_parte_01.csv;69155;0;0
69198;despesas_es_2024_completo_parte_01.csv;69199;0;0
69212;despesas_es_2024_completo_parte_01.csv;69213;0;0
69250;despesas_es_2024_completo_parte_01.csv;69251;0;0
69338;despesas_es_2024_completo_parte_01.csv;69339;0;0
69358;despesas_es_2024_completo_parte_01.csv;69359;0;0
69409;despesas_es_2024_completo_parte_01.csv;69410;0;0
69485;despesas_es_2024_completo_parte_01.csv;69486;0;0
69503;despesas_es_2024_completo_parte_01.csv;69504;0;0
69601;despesas_es_2024_completo_parte_01.csv;69602;0;0
69703;despesas_es_2024_completo_parte_01.csv;69704;0;0
69772;despesas_es_2024_completo_parte_01.csv;69773;0;0
69807;despesas_es_2024_completo_parte_01.csv;69808;0;0
69849;despesas_es_2024_completo_parte_01.csv;69850;0;0
69885;despesas_es_2024_completo_parte_01.csv;69886;0;0
69916;despesas_es_2024_completo_parte_01.csv;69917;0;0
69960;despesas_es_2024_completo_parte_01.csv;69961;0;0
69984;despesas_es_2024_completo_parte_01.csv;69985;0;0
70084;despesas_es_2024_completo_parte_01.csv;70085;129447;1
70122;despesas_es_2024_completo_parte_01.csv;70123;406382;1
70138;despesas_es_2024_completo_parte_01.csv;70139;8800;1
70147;despesas_es_2024_completo_parte_01.csv;70148;368979;1
70163;despesas_es_2024_completo_parte_01.csv;70164;13437118;1
70224;despesas_es_2024_completo_parte_01.csv;70225;0;0
70302;despesas_es_2024_completo_parte_01.csv;70303;7520;1
70369;despesas_es_2024_completo_parte_01.csv;70370;52800;1
70429;despesas_es_2024_completo_parte_01.csv;70430;0;0
70505;despesas_es_2024_completo_parte_01.csv;70506;0;0
70518;despesas_es_2024_completo_parte_01.csv;70519;0;0
70566;despesas_es_2024_completo_parte_01.csv;70567;545100;1
70569;despesas_es_2024_completo_parte_01.csv;70570;0;0
70571;despesas_es_2024_completo_parte_01.csv;70572;0;0
70595;despesas_es_2024_completo_parte_01.csv;70596;0;0
70624;despesas_es_2024_completo_parte_01.csv;70625;0;0
70712;despesas_es_2024_completo_parte_01.csv;70713;338827;1
70797;despesas_es_2024_completo_parte_01.csv;70798;2801;1
70858;despesas_es_2024_completo_parte_01.csv;70859;5500;1
70899;despesas_es_2024_completo_parte_01.csv;70900;0;0
70915;despesas_es_2024_completo_parte_01.csv;70916;0;0
71044;despesas_es_2024_completo_parte_01.csv;71045;0;0
71106;despesas_es_2024_completo_parte_01.csv;71107;10118;1
71112;despesas_es_2024_completo_parte_01.csv;71113;3950;1
71117;despesas_es_2024_completo_parte_01.csv;71118;0;0
71176;despesas_es_2024_completo_parte_01.csv;71177;117712;1
71182;despesas_es_2024_completo_parte_01.csv;71183;86118;1
71326;despesas_es_2024_completo_parte_01.csv;71327;-1200000;0
71358;despesas_es_2024_completo_parte_01.csv;71359;0;0
71393;despesas_es_2024_completo_parte_01.csv;71394;0;0
71491;despesas_es_2024_completo_parte_01.csv;71492;382368;1
71757;despesas_es_2024_completo_parte_01.csv;71758;1716;1
71854;despesas_es_2024_completo_parte_01.csv;71855;5835523;1
71891;despesas_es_2024_completo_parte_01.csv;71892;0;0
71938;despesas_es_2024_completo_parte_01.csv;71939;6149731;1
72003;despesas_es_2024_completo_parte_01.csv;72004;1500000;1
72012;despesas_es_2024_completo_parte_01.csv;72013;0;0
72067;despesas_es_2024_completo_parte_01.csv;72068;303700;1
72075;despesas_es_2024_completo_parte_01.csv;72076;0;0
72195;despesas_es_2024_completo_parte_01.csv;72196;27740;1
72268;despesas_es_2024_completo_parte_01.csv;72269;426291;1
72303;despesas_es_2024_completo_parte_01.csv;72304;0;0
72305;despesas_es_2024_completo_parte_01.csv;72306;6520;1
72371;despesas_es_2024_completo_parte_01.csv;72372;0;0
72393;despesas_es_2024_completo_parte_01.csv;72394;960000;1
72573;despesas_es_2024_completo_parte_01.csv;72574;0;0
72614;despesas_es_2024_completo_parte_01.csv;72615;0;0
72695;despesas_es_2024_completo_parte_01.csv;72696;109013;1
72706;despesas_es_2024_completo_parte_01.csv;72707;0;0
72760;despesas_es_2024_completo_parte_01.csv;72761;0;0
72844;despesas_es_2024_completo_parte_01.csv;72845;14430;1
72859;despesas_es_2024_completo_parte_01.csv;72860;0;0
72942;despesas_es_2024_completo_parte_01.csv;72943;0;0
72998;despesas_es_2024_completo_parte_01.csv;72999;0;0
73045;despesas_es_2024_completo_parte_01.csv;73046;0;0
73075;despesas_es_2024_completo_parte_01.csv;73076;0;0
73096;despesas_es_2024_completo_parte_01.csv;73097;0;0
73174;despesas_es_2024_completo_parte_01.csv;73175;0;0
73175;despesas_es_2024_completo_parte_01.csv;73176;0;0
73183;despesas_es_2024_completo_parte_01.csv;73184;48400;1
73241;despesas_es_2024_completo_parte_01.csv;73242;0;0
73257;despesas_es_2024_completo_parte_01.csv;73258;0;0
73284;despesas_es_2024_completo_parte_01.csv;73285;0;0
73293;despesas_es_2024_completo_parte_01.csv;73294;0;0
73351;despesas_es_2024_completo_parte_01.csv;73352;0;0
73386;despesas_es_2024_completo_parte_01.csv;73387;919441;1
73416;despesas_es_2024_completo_parte_01.csv;73417;17718;1
73428;despesas_es_2024_completo_parte_01.csv;73429;0;0
73429;despesas_es_2024_completo_parte_01.csv;73430;0;0
73438;despesas_es_2024_completo_parte_01.csv;73439;0;0
73482;despesas_es_2024_completo_parte_01.csv;73483;0;0
73489;despesas_es_2024_completo_parte_01.csv;73490;0;0
73513;despesas_es_2024_completo_parte_01.csv;73514;0;0
73548;despesas_es_2024_completo_parte_01.csv;73549;9964;1
73652;despesas_es_2024_completo_parte_01.csv;73653;0;0
73703;despesas_es_2024_completo_parte_01.csv;73704;0;0
73831;despesas_es_2024_completo_parte_01.csv;73832;0;0
73864;despesas_es_2024_completo_parte_01.csv;73865;0;0
73876;despesas_es_2024_completo_parte_01.csv;73877;0;0
73979;despesas_es_2024_completo_parte_01.csv;73980;0;0
74115;despesas_es_2024_completo_parte_01.csv;74116;0;0
74124;despesas_es_2024_completo_parte_01.csv;74125;0;0
74133;despesas_es_2024_completo_parte_01.csv;74134;0;0
74141;despesas_es_2024_completo_parte_01.csv;74142;0;0
74165;despesas_es_2024_completo_parte_01.csv;74166;0;0
74224;despesas_es_2024_completo_parte_01.csv;74225;0;0
74238;despesas_es_2024_completo_parte_01.csv;74239;0;0
74397;despesas_es_2024_completo_parte_01.csv;74398;0;0
74420;despesas_es_2024_completo_parte_01.csv;74421;0;0
74437;despesas_es_2024_completo_parte_01.csv;74438;0;0
74492;despesas_es_2024_completo_parte_01.csv;74493;0;0
74681;despesas_es_2024_completo_parte_01.csv;74682;0;0
74701;despesas_es_2024_completo_parte_01.csv;74702;0;0
74803;despesas_es_2024_completo_parte_01.csv;74804;8800;1
74855;despesas_es_2024_completo_parte_01.csv;74856;0;0
74932;despesas_es_2024_completo_parte_01.csv;74933;580;1
75005;despesas_es_2024_completo_parte_01.csv;75006;37256;1
75115;despesas_es_2024_completo_parte_01.csv;75116;0;0
75185;despesas_es_2024_completo_parte_01.csv;75186;0;0
75246;despesas_es_2024_completo_parte_01.csv;75247;0;0
75319;despesas_es_2024_completo_parte_01.csv;75320;0;0
75416;despesas_es_2024_completo_parte_01.csv;75417;5455526;1
75487;despesas_es_2024_completo_parte_01.csv;75488;8800;1
75537;despesas_es_2024_completo_parte_01.csv;75538;0;0
75608;despesas_es_2024_completo_parte_01.csv;75609;0;0
75637;despesas_es_2024_completo_parte_01.csv;75638;4265;1
75701;despesas_es_2024_completo_parte_01.csv;75702;68068;1
75719;despesas_es_2024_completo_parte_01.csv;75720;145489;1
75753;despesas_es_2024_completo_parte_01.csv;75754;0;0
75814;despesas_es_2024_completo_parte_01.csv;75815;29640;1
75889;despesas_es_2024_completo_parte_01.csv;75890;65421;1
75909;despesas_es_2024_completo_parte_01.csv;75910;241595;1
75965;despesas_es_2024_completo_parte_01.csv;75966;0;0
76118;despesas_es_2024_completo_parte_01.csv;76119;118227;1
76155;despesas_es_2024_completo_parte_01.csv;76156;0;0
76162;despesas_es_2024_completo_parte_01.csv;76163;544406;1
76310;despesas_es_2024_completo_parte_01.csv;76311;147359687;1
76398;despesas_es_2024_completo_parte_01.csv;76399;0;0
76404;despesas_es_2024_completo_parte_01.csv;76405;0;0
76415;despesas_es_2024_completo_parte_01.csv;76416;0;0
76465;despesas_es_2024_completo_parte_01.csv;76466;140485;1
76509;despesas_es_2024_completo_parte_01.csv;76510;5510;1
76688;despesas_es_2024_completo_parte_01.csv;76689;0;0
76748;despesas_es_2024_completo_parte_01.csv;76749;0;0
76891;despesas_es_2024_completo_parte_01.csv;76892;0;0
77023;despesas_es_2024_completo_parte_01.csv;77024;75000;1
77044;despesas_es_2024_completo_parte_01.csv;77045;0;0
77056;despesas_es_2024_completo_parte_01.csv;77057;0;0
77095;despesas_es_2024_completo_parte_01.csv;77096;0;0
77166;despesas_es_2024_completo_parte_01.csv;77167;0;0
77209;despesas_es_2024_completo_parte_01.csv;77210;0;0
77318;despesas_es_2024_completo_parte_01.csv;77319;34292;1
77353;despesas_es_2024_completo_parte_01.csv;77354;9024;1
77396;despesas_es_2024_completo_parte_01.csv;77397;169867;1
77416;despesas_es_2024_completo_parte_01.csv;77417;0;0
77443;despesas_es_2024_completo_parte_01.csv;77444;0;0
77460;despesas_es_2024_completo_parte_01.csv;77461;0;0
77505;despesas_es_2024_completo_parte_01.csv;77506;0;0
77568;despesas_es_2024_completo_parte_01.csv;77569;0;0
77679;despesas_es_2024_completo_parte_01.csv;77680;0;0
77737;despesas_es_2024_completo_parte_01.csv;77738;0;0
77790;despesas_es_2024_completo_parte_01.csv;77791;0;0
77827;despesas_es_2024_completo_parte_01.csv;77828;0;0
77832;despesas_es_2024_completo_parte_01.csv;77833;0;0
77856;despesas_es_2024_completo_parte_01.csv;77857;0;0
77862;despesas_es_2024_completo_parte_01.csv;77863;0;0
77957;despesas_es_2024_completo_parte_01.csv;77958;0;0
77980;despesas_es_2024_completo_parte_01.csv;77981;0;0
78012;despesas_es_2024_completo_parte_01.csv;78013;0;0
78059;despesas_es_2024_completo_parte_01.csv;78060;100098;1
78106;despesas_es_2024_completo_parte_01.csv;78107;140104;1
78132;despesas_es_2024_completo_parte_01.csv;78133;0;0
78247;despesas_es_2024_completo_parte_01.csv;78248;0;0
78261;despesas_es_2024_completo_parte_01.csv;78262;0;0
78270;despesas_es_2024_completo_parte_01.csv;78271;226842;1
78286;despesas_es_2024_completo_parte_01.csv;78287;0;0
78313;despesas_es_2024_completo_parte_01.csv;78314;24841;1
78392;despesas_es_2024_completo_parte_01.csv;78393;0;0
78398;despesas_es_2024_completo_parte_01.csv;78399;0;0
78422;despesas_es_2024_completo_parte_01.csv;78423;27652;1
78474;despesas_es_2024_completo_parte_01.csv;78475;0;0
78486;despesas_es_2024_completo_parte_01.csv;78487;10983739;1
78501;despesas_es_2024_completo_parte_01.csv;78502;0;0
78535;despesas_es_2024_completo_parte_01.csv;78536;157787;1
78633;despesas_es_2024_completo_parte_01.csv;78634;408408;1
78710;despesas_es_2024_completo_parte_01.csv;78711;96800;1
78897;despesas_es_2024_completo_parte_01.csv;78898;50217;1
78947;despesas_es_2024_completo_parte_01.csv;78948;326106;1
78989;despesas_es_2024_completo_parte_01.csv;78990;155749401;1
78997;despesas_es_2024_completo_parte_01.csv;78998;0;0
79049;despesas_es_2024_completo_parte_01.csv;79050;54905;1
79051;despesas_es_2024_completo_parte_01.csv;79052;244000;1
79067;despesas_es_2024_completo_parte_01.csv;79068;0;0
79112;despesas_es_2024_completo_parte_01.csv;79113;0;0
79124;despesas_es_2024_completo_parte_01.csv;79125;0;0
79155;despesas_es_2024_completo_parte_01.csv;79156;5389534;1
79202;despesas_es_2024_completo_parte_01.csv;79203;2565;1
79210;despesas_es_2024_completo_parte_01.csv;79211;0;0
79244;despesas_es_2024_completo_parte_01.csv;79245;0;0
79255;despesas_es_2024_completo_parte_01.csv;79256;0;0
79450;despesas_es_2024_completo_parte_01.csv;79451;0;0
79478;despesas_es_2024_completo_parte_01.csv;79479;60000;1
79482;despesas_es_2024_completo_parte_01.csv;79483;35200;1
79488;despesas_es_2024_completo_parte_01.csv;79489;0;0
79535;despesas_es_2024_completo_parte_01.csv;79536;0;0
79558;despesas_es_2024_completo_parte_01.csv;79559;0;0
79561;despesas_es_2024_completo_parte_01.csv;79562;0;0
79591;despesas_es_2024_completo_parte_01.csv;79592;0;0
79605;despesas_es_2024_completo_parte_01.csv;79606;0;0
79781;despesas_es_2024_completo_parte_01.csv;79782;200000;1
79802;despesas_es_2024_completo_parte_01.csv;79803;439403;1
79833;despesas_es_2024_completo_parte_01.csv;79834;750000;1
79909;despesas_es_2024_completo_parte_01.csv;79910;0;0
80018;despesas_es_2024_completo_parte_01.csv;80019;27429;1
80038;despesas_es_2024_completo_parte_01.csv;80039;525958;1
80171;despesas_es_2024_completo_parte_01.csv;80172;59568;1
80283;despesas_es_2024_completo_parte_01.csv;80284;0;0
80320;despesas_es_2024_completo_parte_01.csv;80321;1938;1
80376;despesas_es_2024_completo_parte_01.csv;80377;68368;1
80397;despesas_es_2024_completo_parte_01.csv;80398;0;0
80444;despesas_es_2024_completo_parte_01.csv;80445;27127;1
80465;despesas_es_2024_completo_parte_01.csv;80466;0;0
80539;despesas_es_2024_completo_parte_01.csv;80540;0;0
80613;despesas_es_2024_completo_parte_01.csv;80614;2709658;1
80630;despesas_es_2024_completo_parte_01.csv;80631;337740;1
80711;despesas_es_2024_completo_parte_01.csv;80712;0;0
80790;despesas_es_2024_completo_parte_01.csv;80791;0;0
80823;despesas_es_2024_completo_parte_01.csv;80824;0;0
80884;despesas_es_2024_completo_parte_01.csv;80885;0;0
81036;despesas_es_2024_completo_parte_01.csv;81037;0;0
81065;despesas_es_2024_completo_parte_01.csv;81066;49628;1
81115;despesas_es_2024_completo_parte_01.csv;81116;4518;1
81203;despesas_es_2024_completo_parte_01.csv;81204;1165513;1
81234;despesas_es_2024_completo_parte_01.csv;81235;2268;1
81328;despesas_es_2024_completo_parte_01.csv;81329;0;0
81336;despesas_es_2024_completo_parte_01.csv;81337;0;0
81341;despesas_es_2024_completo_parte_01.csv;81342;0;0
81360;despesas_es_2024_completo_parte_01.csv;81361;21261;1
81552;despesas_es_2024_completo_parte_01.csv;81553;0;0
81662;despesas_es_2024_completo_parte_01.csv;81663;0;0
81685;despesas_es_2024_completo_parte_01.csv;81686;2145;1
81778;despesas_es_2024_completo_parte_01.csv;81779;0;0
81909;despesas_es_2024_completo_parte_01.csv;81910;0;0
82071;despesas_es_2024_completo_parte_01.csv;82072;8800;1
82151;despesas_es_2024_completo_parte_01.csv;82152;45000;1
82172;despesas_es_2024_completo_parte_01.csv;82173;49551;1
82231;despesas_es_2024_completo_parte_01.csv;82232;0;0
82481;despesas_es_2024_completo_parte_01.csv;82482;0;0
82533;despesas_es_2024_completo_parte_01.csv;82534;0;0
82615;despesas_es_2024_completo_parte_01.csv;82616;0;0
82656;despesas_es_2024_completo_parte_01.csv;82657;0;0
82678;despesas_es_2024_completo_parte_01.csv;82679;0;0
82693;despesas_es_2024_completo_parte_01.csv;82694;47280;1
82816;despesas_es_2024_completo_parte_01.csv;82817;0;0
82829;despesas_es_2024_completo_parte_01.csv;82830;0;0
82902;despesas_es_2024_completo_parte_01.csv;82903;0;0
82933;despesas_es_2024_completo_parte_01.csv;82934;0;0
82999;despesas_es_2024_completo_parte_01.csv;83000;0;0
83024;despesas_es_2024_completo_parte_01.csv;83025;17621;1
83123;despesas_es_2024_completo_parte_01.csv;83124;88800;1
83155;despesas_es_2024_completo_parte_01.csv;83156;8800;1
83190;despesas_es_2024_completo_parte_01.csv;83191;0;0
83431;despesas_es_2024_completo_parte_01.csv;83432;0;0
83434;despesas_es_2024_completo_parte_01.csv;83435;0;0
83470;despesas_es_2024_completo_parte_01.csv;83471;0;0
83499;despesas_es_2024_completo_parte_01.csv;83500;0;0
83546;despesas_es_2024_completo_parte_01.csv;83547;8800;1
83562;despesas_es_2024_completo_parte_01.csv;83563;5775;1
83564;despesas_es_2024_completo_parte_01.csv;83565;2820;1
83591;despesas_es_2024_completo_parte_01.csv;83592;19159;1
83649;despesas_es_2024_completo_parte_01.csv;83650;0;0
83672;despesas_es_2024_completo_parte_01.csv;83673;0;0
83689;despesas_es_2024_completo_parte_01.csv;83690;54;1
83717;despesas_es_2024_completo_parte_01.csv;83718;0;0
83889;despesas_es_2024_completo_parte_01.csv;83890;0;0
83894;despesas_es_2024_completo_parte_01.csv;83895;0;0
83898;despesas_es_2024_completo_parte_01.csv;83899;0;0
83910;despesas_es_2024_completo_parte_01.csv;83911;0;0
83933;despesas_es_2024_completo_parte_01.csv;83934;1167;1
83959;despesas_es_2024_completo_parte_01.csv;83960;453934;1
83988;despesas_es_2024_completo_parte_01.csv;83989;50443;1
84012;despesas_es_2024_completo_parte_01.csv;84013;0;0
84031;despesas_es_2024_completo_parte_01.csv;84032;0;0
84084;despesas_es_2024_completo_parte_01.csv;84085;0;0
84125;despesas_es_2024_completo_parte_01.csv;84126;0;0
84213;despesas_es_2024_completo_parte_01.csv;84214;0;0
84347;despesas_es_2024_completo_parte_01.csv;84348;0;0
84384;despesas_es_2024_completo_parte_01.csv;84385;0;0
84461;despesas_es_2024_completo_parte_01.csv;84462;0;0
84618;despesas_es_2024_completo_parte_01.csv;84619;0;0
84656;despesas_es_2024_completo_parte_01.csv;84657;0;0
84666;despesas_es_2024_completo_parte_01.csv;84667;100000000;1
84742;despesas_es_2024_completo_parte_01.csv;84743;142087;1
84812;despesas_es_2024_completo_parte_01.csv;84813;1555133;1
84876;despesas_es_2024_completo_parte_01.csv;84877;0;0
84880;despesas_es_2024_completo_parte_01.csv;84881;85311;1
84948;despesas_es_2024_completo_parte_01.csv;84949;0;0
84954;despesas_es_2024_completo_parte_01.csv;84955;318400;1
84965;despesas_es_2024_completo_parte_01.csv;84966;500000;1
84987;despesas_es_2024_completo_parte_01.csv;84988;8800;1
85027;despesas_es_2024_completo_parte_01.csv;85028;0;0
85033;despesas_es_2024_completo_parte_01.csv;85034;0;0
85073;despesas_es_2024_completo_parte_01.csv;85074;0;0
85263;despesas_es_2024_completo_parte_01.csv;85264;8800;1
85279;despesas_es_2024_completo_parte_01.csv;85280;18761;1
85375;despesas_es_2024_completo_parte_01.csv;85376;0;0
85377;despesas_es_2024_completo_parte_01.csv;85378;22320542;1
85386;despesas_es_2024_completo_parte_01.csv;85387;987040;1
85406;despesas_es_2024_completo_parte_01.csv;85407;0;0
85468;despesas_es_2024_completo_parte_01.csv;85469;-22000;0
85544;despesas_es_2024_completo_parte_01.csv;85545;0;0
85589;despesas_es_2024_completo_parte_01.csv;85590;0;0
85650;despesas_es_2024_completo_parte_01.csv;85651;0;0
85654;despesas_es_2024_completo_parte_01.csv;85655;0;0
85694;despesas_es_2024_completo_parte_01.csv;85695;0;0
85750;despesas_es_2024_completo_parte_01.csv;85751;43;1
85788;despesas_es_2024_completo_parte_01.csv;85789;100000000;1
85859;despesas_es_2024_completo_parte_01.csv;85860;17910;1
85867;despesas_es_2024_completo_parte_01.csv;85868;17220;1
85951;despesas_es_2024_completo_parte_01.csv;85952;22409280;1
86005;despesas_es_2024_completo_parte_01.csv;86006;49332;1
86017;despesas_es_2024_completo_parte_01.csv;86018;230221;1
86028;despesas_es_2024_completo_parte_01.csv;86029;7159;1
86057;despesas_es_2024_completo_parte_01.csv;86058;57600;1
86161;despesas_es_2024_completo_parte_01.csv;86162;0;0
86172;despesas_es_2024_completo_parte_01.csv;86173;0;0
86205;despesas_es_2024_completo_parte_01.csv;86206;0;0
86256;despesas_es_2024_completo_parte_01.csv;86257;0;0
86361;despesas_es_2024_completo_parte_01.csv;86362;6864;1
86395;despesas_es_2024_completo_parte_01.csv;86396;0;0
86402;despesas_es_2024_completo_parte_01.csv;86403;0;0
86545;despesas_es_2024_completo_parte_01.csv;86546;0;0
86653;despesas_es_2024_completo_parte_01.csv;86654;15116;1
86665;despesas_es_2024_completo_parte_01.csv;86666;12639892;1
86929;despesas_es_2024_completo_parte_01.csv;86930;0;0
86971;despesas_es_2024_completo_parte_01.csv;86972;0;0
86976;despesas_es_2024_completo_parte_01.csv;86977;0;0
87076;despesas_es_2024_completo_parte_01.csv;87077;0;0
87115;despesas_es_2024_completo_parte_01.csv;87116;0;0
87116;despesas_es_2024_completo_parte_01.csv;87117;0;0
87188;despesas_es_2024_completo_parte_01.csv;87189;0;0
87224;despesas_es_2024_completo_parte_01.csv;87225;0;0
87474;despesas_es_2024_completo_parte_01.csv;87475;45340;1
87534;despesas_es_2024_completo_parte_01.csv;87535;0;0
87567;despesas_es_2024_completo_parte_01.csv;87568;83600;1
87605;despesas_es_2024_completo_parte_01.csv;87606;0;0
87618;despesas_es_2024_completo_parte_01.csv;87619;8541666;1
87785;despesas_es_2024_completo_parte_01.csv;87786;0;0
87811;despesas_es_2024_completo_parte_01.csv;87812;15419;1
87882;despesas_es_2024_completo_parte_01.csv;87883;166728;1
87899;despesas_es_2024_completo_parte_01.csv;87900;1015309;1
87955;despesas_es_2024_completo_parte_01.csv;87956;1141256;1
87982;despesas_es_2024_completo_parte_01.csv;87983;0;0
87989;despesas_es_2024_completo_parte_01.csv;87990;5201075;1
87991;despesas_es_2024_completo_parte_01.csv;87992;140800;1
88047;despesas_es_2024_completo_parte_01.csv;88048;0;0
88083;despesas_es_2024_completo_parte_01.csv;88084;0;0
88186;despesas_es_2024_completo_parte_01.csv;88187;-429722;0
88225;despesas_es_2024_completo_parte_01.csv;88226;348655;1
88229;despesas_es_2024_completo_parte_01.csv;88230;37256;1
88262;despesas_es_2024_completo_parte_01.csv;88263;0;0
88287;despesas_es_2024_completo_parte_01.csv;88288;0;0
88329;despesas_es_2024_completo_parte_01.csv;88330;0;0
88369;despesas_es_2024_completo_parte_01.csv;88370;1050449;1
88384;despesas_es_2024_completo_parte_01.csv;88385;4941227;1
88426;despesas_es_2024_completo_parte_01.csv;88427;0;0
88492;despesas_es_2024_completo_parte_01.csv;88493;8800;1
88523;despesas_es_2024_completo_parte_01.csv;88524;1112552;1
88548;despesas_es_2024_completo_parte_01.csv;88549;75875;1
88602;despesas_es_2024_completo_parte_01.csv;88603;0;0
88676;despesas_es_2024_completo_parte_01.csv;88677;0;0
88701;despesas_es_2024_completo_parte_01.csv;88702;0;0
88739;despesas_es_2024_completo_parte_01.csv;88740;0;0
88754;despesas_es_2024_completo_parte_01.csv;88755;0;0
88764;despesas_es_2024_completo_parte_01.csv;88765;0;0
88800;despesas_es_2024_completo_parte_01.csv;88801;0;0
88805;despesas_es_2024_completo_parte_01.csv;88806;0;0
88890;despesas_es_2024_completo_parte_01.csv;88891;0;0
88964;despesas_es_2024_completo_parte_01.csv;88965;0;0
89031;despesas_es_2024_completo_parte_01.csv;89032;8800;1
89033;despesas_es_2024_completo_parte_01.csv;89034;6130880;1
89060;despesas_es_2024_completo_parte_01.csv;89061;146934;1
89105;despesas_es_2024_completo_parte_01.csv;89106;0;0
89148;despesas_es_2024_completo_parte_01.csv;89149;0;0
89152;despesas_es_2024_completo_parte_01.csv;89153;0;0
89220;despesas_es_2024_completo_parte_01.csv;89221;2197808;1
89244;despesas_es_2024_completo_parte_01.csv;89245;2040000;1
89304;despesas_es_2024_completo_parte_01.csv;89305;30800;1
89311;despesas_es_2024_completo_parte_01.csv;89312;272772;1
89348;despesas_es_2024_completo_parte_01.csv;89349;2711409;1
89380;despesas_es_2024_completo_parte_01.csv;89381;0;0
89491;despesas_es_2024_completo_parte_01.csv;89492;200000;1
89572;despesas_es_2024_completo_parte_01.csv;89573;-58986;0
89651;despesas_es_2024_completo_parte_01.csv;89652;0;0
89674;despesas_es_2024_completo_parte_01.csv;89675;0;0
89753;despesas_es_2024_completo_parte_01.csv;89754;0;0
89797;despesas_es_2024_completo_parte_01.csv;89798;1234951;1
89832;despesas_es_2024_completo_parte_01.csv;89833;0;0
89877;despesas_es_2024_completo_parte_01.csv;89878;0;0
89947;despesas_es_2024_completo_parte_01.csv;89948;4290;1
89956;despesas_es_2024_completo_parte_01.csv;89957;0;0
89961;despesas_es_2024_completo_parte_01.csv;89962;0;0
90060;despesas_es_2024_completo_parte_01.csv;90061;0;0
90065;despesas_es_2024_completo_parte_01.csv;90066;0;0
90083;despesas_es_2024_completo_parte_01.csv;90084;0;0
90220;despesas_es_2024_completo_parte_01.csv;90221;0;0
90340;despesas_es_2024_completo_parte_01.csv;90341;0;0
90406;despesas_es_2024_completo_parte_01.csv;90407;632908;1
90448;despesas_es_2024_completo_parte_01.csv;90449;0;0
90491;despesas_es_2024_completo_parte_01.csv;90492;0;0
90519;despesas_es_2024_completo_parte_01.csv;90520;0;0
90543;despesas_es_2024_completo_parte_01.csv;90544;0;0
90597;despesas_es_2024_completo_parte_01.csv;90598;0;0
90661;despesas_es_2024_completo_parte_01.csv;90662;102411;1
90709;despesas_es_2024_completo_parte_01.csv;90710;3531360;1
90835;despesas_es_2024_completo_parte_01.csv;90836;0;0
90962;despesas_es_2024_completo_parte_01.csv;90963;67;1
91014;despesas_es_2024_completo_parte_01.csv;91015;8800;1
91084;despesas_es_2024_completo_parte_01.csv;91085;58485;1
91089;despesas_es_2024_completo_parte_01.csv;91090;157395;1
91100;despesas_es_2024_completo_parte_01.csv;91101;217286;1
91132;despesas_es_2024_completo_parte_01.csv;91133;0;0
91163;despesas_es_2024_completo_parte_01.csv;91164;8800;1
91216;despesas_es_2024_completo_parte_01.csv;91217;75200;1
91287;despesas_es_2024_completo_parte_01.csv;91288;0;0
91299;despesas_es_2024_completo_parte_01.csv;91300;0;0
91305;despesas_es_2024_completo_parte_01.csv;91306;0;0
91588;despesas_es_2024_completo_parte_01.csv;91589;10621;1
91648;despesas_es_2024_completo_parte_01.csv;91649;1908642;1
91716;despesas_es_2024_completo_parte_01.csv;91717;0;0
91727;despesas_es_2024_completo_parte_01.csv;91728;785;1
91754;despesas_es_2024_completo_parte_01.csv;91755;0;0
91905;despesas_es_2024_completo_parte_01.csv;91906;51708;1
92050;despesas_es_2024_completo_parte_01.csv;92051;0;0
92093;despesas_es_2024_completo_parte_01.csv;92094;0;0
92109;despesas_es_2024_completo_parte_01.csv;92110;0;0
92130;despesas_es_2024_completo_parte_01.csv;92131;0;0
92149;despesas_es_2024_completo_parte_01.csv;92150;0;0
92177;despesas_es_2024_completo_parte_01.csv;92178;0;0
92180;despesas_es_2024_completo_parte_01.csv;92181;0;0
92242;despesas_es_2024_completo_parte_01.csv;92243;200;1
92258;despesas_es_2024_completo_parte_01.csv;92259;24327;1
92289;despesas_es_2024_completo_parte_01.csv;92290;178400;1
92308;despesas_es_2024_completo_parte_01.csv;92309;0;0
92337;despesas_es_2024_completo_parte_01.csv;92338;540838;1
92531;despesas_es_2024_completo_parte_01.csv;92532;17260440;1
92533;despesas_es_2024_completo_parte_01.csv;92534;1865;1
92575;despesas_es_2024_completo_parte_01.csv;92576;127;1
92623;despesas_es_2024_completo_parte_01.csv;92624;0;0
92662;despesas_es_2024_completo_parte_01.csv;92663;0;0
92700;despesas_es_2024_completo_parte_01.csv;92701;0;0
92748;despesas_es_2024_completo_parte_01.csv;92749;0;0
92822;despesas_es_2024_completo_parte_01.csv;92823;8175;1
92872;despesas_es_2024_completo_parte_01.csv;92873;8983;1
92981;despesas_es_2024_completo_parte_01.csv;92982;0;0
93020;despesas_es_2024_completo_parte_01.csv;93021;25694885;1
93037;despesas_es_2024_completo_parte_01.csv;93038;0;0
93207;despesas_es_2024_completo_parte_01.csv;93208;245706;1
93266;despesas_es_2024_completo_parte_01.csv;93267;87251;1
93292;despesas_es_2024_completo_parte_01.csv;93293;19700;1
93324;despesas_es_2024_completo_parte_01.csv;93325;0;0
93340;despesas_es_2024_completo_parte_01.csv;93341;228898;1
93359;despesas_es_2024_completo_parte_01.csv;93360;9264387;1
93369;despesas_es_2024_completo_parte_01.csv;93370;0;0
93548;despesas_es_2024_completo_parte_01.csv;93549;0;0
93576;despesas_es_2024_completo_parte_01.csv;93577;0;0
93730;despesas_es_2024_completo_parte_01.csv;93731;1061760;1
93837;despesas_es_2024_completo_parte_01.csv;93838;0;0
93902;despesas_es_2024_completo_parte_01.csv;93903;0;0
93993;despesas_es_2024_completo_parte_01.csv;93994;0;0
94071;despesas_es_2024_completo_parte_01.csv;94072;0;0
94092;despesas_es_2024_completo_parte_01.csv;94093;0;0
94112;despesas_es_2024_completo_parte_01.csv;94113;0;0
94139;despesas_es_2024_completo_parte_01.csv;94140;0;0
94193;despesas_es_2024_completo_parte_01.csv;94194;420359;1
94248;despesas_es_2024_completo_parte_01.csv;94249;0;0
94283;despesas_es_2024_completo_parte_01.csv;94284;59867;1
94284;despesas_es_2024_completo_parte_01.csv;94285;57450;1
94358;despesas_es_2024_completo_parte_01.csv;94359;0;0
94439;despesas_es_2024_completo_parte_01.csv;94440;825000;1
94485;despesas_es_2024_completo_parte_01.csv;94486;10972;1
94541;despesas_es_2024_completo_parte_01.csv;94542;6;1
94565;despesas_es_2024_completo_parte_01.csv;94566;0;0
94576;despesas_es_2024_completo_parte_01.csv;94577;0;0
94594;despesas_es_2024_completo_parte_01.csv;94595;0;0
94632;despesas_es_2024_completo_parte_01.csv;94633;108387;1
94652;despesas_es_2024_completo_parte_01.csv;94653;0;0
94653;despesas_es_2024_completo_parte_01.csv;94654;0;0
94668;despesas_es_2024_completo_parte_01.csv;94669;0;0
94717;despesas_es_2024_completo_parte_01.csv;94718;0;0
94748;despesas_es_2024_completo_parte_01.csv;94749;0;0
94781;despesas_es_2024_completo_parte_01.csv;94782;0;0
94857;despesas_es_2024_completo_parte_01.csv;94858;0;0
94919;despesas_es_2024_completo_parte_01.csv;94920;178700;1
95027;despesas_es_2024_completo_parte_01.csv;95028;0;0
95161;despesas_es_2024_completo_parte_01.csv;95162;16753381;1
95181;despesas_es_2024_completo_parte_01.csv;95182;0;0
95267;despesas_es_2024_completo_parte_01.csv;95268;1470124;1
95300;despesas_es_2024_completo_parte_01.csv;95301;0;0
95346;despesas_es_2024_completo_parte_01.csv;95347;0;0
95360;despesas_es_2024_completo_parte_01.csv;95361;0;0
95387;despesas_es_2024_completo_parte_01.csv;95388;0;0
95441;despesas_es_2024_completo_parte_01.csv;95442;0;0
95476;despesas_es_2024_completo_parte_01.csv;95477;1140307;1
95508;despesas_es_2024_completo_parte_01.csv;95509;4687108;1
95522;despesas_es_2024_completo_parte_01.csv;95523;50000;1
95551;despesas_es_2024_completo_parte_01.csv;95552;37600;1
95613;despesas_es_2024_completo_parte_01.csv;95614;0;0
95615;despesas_es_2024_completo_parte_01.csv;95616;0;0
95717;despesas_es_2024_completo_parte_01.csv;95718;0;0
95754;despesas_es_2024_completo_parte_01.csv;95755;0;0
95989;despesas_es_2024_completo_parte_01.csv;95990;0;0
96015;despesas_es_2024_completo_parte_01.csv;96016;737;1
96079;despesas_es_2024_completo_parte_01.csv;96080;1200000;1
96080;despesas_es_2024_completo_parte_01.csv;96081;275487;1
96118;despesas_es_2024_completo_parte_01.csv;96119;66000;1
96131;despesas_es_2024_completo_parte_01.csv;96132;19304;1
96181;despesas_es_2024_completo_parte_01.csv;96182;0;0
96200;despesas_es_2024_completo_parte_01.csv;96201;464436;1
96205;despesas_es_2024_completo_parte_01.csv;96206;0;0
96218;despesas_es_2024_completo_parte_01.csv;96219;233943;1
96281;despesas_es_2024_completo_parte_01.csv;96282;-60000;0
96375;despesas_es_2024_completo_parte_01.csv;96376;0;0
96412;despesas_es_2024_completo_parte_01.csv;96413;32623;1
96436;despesas_es_2024_completo_parte_01.csv;96437;0;0
96509;despesas_es_2024_completo_parte_01.csv;96510;0;0
96589;despesas_es_2024_completo_parte_01.csv;96590;366738;1
96595;despesas_es_2024_completo_parte_01.csv;96596;52800;1
96599;despesas_es_2024_completo_parte_01.csv;96600;33657;1
96717;despesas_es_2024_completo_parte_01.csv;96718;0;0
96745;despesas_es_2024_completo_parte_01.csv;96746;0;0
96839;despesas_es_2024_completo_parte_01.csv;96840;0;0
96845;despesas_es_2024_completo_parte_01.csv;96846;0;0
96866;despesas_es_2024_completo_parte_01.csv;96867;0;0
96913;despesas_es_2024_completo_parte_01.csv;96914;0;0
96947;despesas_es_2024_completo_parte_01.csv;96948;22000;1
97037;despesas_es_2024_completo_parte_01.csv;97038;275660;1
97072;despesas_es_2024_completo_parte_01.csv;97073;0;0
97107;despesas_es_2024_completo_parte_01.csv;97108;0;0
97144;despesas_es_2024_completo_parte_01.csv;97145;0;0
97203;despesas_es_2024_completo_parte_01.csv;97204;0;0
97231;despesas_es_2024_completo_parte_01.csv;97232;0;0
97274;despesas_es_2024_completo_parte_01.csv;97275;0;0
97349;despesas_es_2024_completo_parte_01.csv;97350;0;0
97367;despesas_es_2024_completo_parte_01.csv;97368;0;0
97428;despesas_es_2024_completo_parte_01.csv;97429;0;0
97449;despesas_es_2024_completo_parte_01.csv;97450;0;0
97505;despesas_es_2024_completo_parte_01.csv;97506;0;0
97541;despesas_es_2024_completo_parte_01.csv;97542;200000;1
97595;despesas_es_2024_completo_parte_01.csv;97596;0;0
97601;despesas_es_2024_completo_parte_01.csv;97602;0;0
97629;despesas_es_2024_completo_parte_01.csv;97630;60020575;1
97734;despesas_es_2024_completo_parte_01.csv;97735;142601;1
97762;despesas_es_2024_completo_parte_01.csv;97763;0;0
97767;despesas_es_2024_completo_parte_01.csv;97768;0;0
97847;despesas_es_2024_completo_parte_01.csv;97848;0;0
97862;despesas_es_2024_completo_parte_01.csv;97863;0;0
97918;despesas_es_2024_completo_parte_01.csv;97919;52800;1
97960;despesas_es_2024_completo_parte_01.csv;97961;5460;1
97961;despesas_es_2024_completo_parte_01.csv;97962;64456;1
98128;despesas_es_2024_completo_parte_01.csv;98129;270192;1
98166;despesas_es_2024_completo_parte_01.csv;98167;72411;1
98170;despesas_es_2024_completo_parte_01.csv;98171;158097;1
98210;despesas_es_2024_completo_parte_01.csv;98211;8800;1
98386;despesas_es_2024_completo_parte_01.csv;98387;0;0
98419;despesas_es_2024_completo_parte_01.csv;98420;36176;1
98472;despesas_es_2024_completo_parte_01.csv;98473;300000;1
98672;despesas_es_2024_completo_parte_01.csv;98673;0;0
98735;despesas_es_2024_completo_parte_01.csv;98736;0;0
98809;despesas_es_2024_completo_parte_01.csv;98810;0;0
98822;despesas_es_2024_completo_parte_01.csv;98823;0;0
98859;despesas_es_2024_completo_parte_01.csv;98860;0;0
98883;despesas_es_2024_completo_parte_01.csv;98884;0;0
98978;despesas_es_2024_completo_parte_01.csv;98979;0;0
99006;despesas_es_2024_completo_parte_01.csv;99007;0;0
99062;despesas_es_2024_completo_parte_01.csv;99063;0;0
99093;despesas_es_2024_completo_parte_01.csv;99094;0;0
99103;despesas_es_2024_completo_parte_01.csv;99104;0;0
99138;despesas_es_2024_completo_parte_01.csv;99139;0;0
99155;despesas_es_2024_completo_parte_01.csv;99156;0;0
99169;despesas_es_2024_completo_parte_01.csv;99170;0;0
99171;despesas_es_2024_completo_parte_01.csv;99172;0;0
99188;despesas_es_2024_completo_parte_01.csv;99189;0;0
99211;despesas_es_2024_completo_parte_01.csv;99212;0;0
99253;despesas_es_2024_completo_parte_01.csv;99254;0;0
99292;despesas_es_2024_completo_parte_01.csv;99293;0;0
99309;despesas_es_2024_completo_parte_01.csv;99310;0;0
99339;despesas_es_2024_completo_parte_01.csv;99340;0;0
99458;despesas_es_2024_completo_parte_01.csv;99459;0;0
99578;despesas_es_2024_completo_parte_01.csv;99579;0;0
99665;despesas_es_2024_completo_parte_01.csv;99666;0;0
99696;despesas_es_2024_completo_parte_01.csv;99697;0;0
99797;despesas_es_2024_completo_parte_01.csv;99798;0;0
99811;despesas_es_2024_completo_parte_01.csv;99812;0;0
99865;despesas_es_2024_completo_parte_01.csv;99866;0;0
99893;despesas_es_2024_completo_parte_01.csv;99894;0;0
99895;despesas_es_2024_completo_parte_01.csv;99896;0;0
99943;despesas_es_2024_completo_parte_01.csv;99944;0;0
100037;despesas_es_2024_completo_parte_01.csv;100038;0;0
100098;despesas_es_2024_completo_parte_01.csv;100099;0;0
100142;despesas_es_2024_completo_parte_01.csv;100143;0;0
100192;despesas_es_2024_completo_parte_01.csv;100193;0;0
100213;despesas_es_2024_completo_parte_01.csv;100214;0;0
100299;despesas_es_2024_completo_parte_01.csv;100300;0;0
100320;despesas_es_2024_completo_parte_01.csv;100321;0;0
100375;despesas_es_2024_completo_parte_01.csv;100376;0;0
100402;despesas_es_2024_completo_parte_01.csv;100403;0;0
100471;despesas_es_2024_completo_parte_01.csv;100472;0;0
100514;despesas_es_2024_completo_parte_01.csv;100515;0;0
100533;despesas_es_2024_completo_parte_01.csv;100534;0;0
100536;despesas_es_2024_completo_parte_01.csv;100537;0;0
100741;despesas_es_2024_completo_parte_01.csv;100742;0;0
100828;despesas_es_2024_completo_parte_01.csv;100829;0;0
100880;despesas_es_2024_completo_parte_01.csv;100881;0;0
100954;despesas_es_2024_completo_parte_01.csv;100955;0;0
100985;despesas_es_2024_completo_parte_01.csv;100986;0;0
101115;despesas_es_2024_completo_parte_01.csv;101116;0;0
101133;despesas_es_2024_completo_parte_01.csv;101134;0;0
101139;despesas_es_2024_completo_parte_01.csv;101140;0;0
101185;despesas_es_2024_completo_parte_01.csv;101186;0;0
101187;despesas_es_2024_completo_parte_01.csv;101188;0;0
101214;despesas_es_2024_completo_parte_01.csv;101215;0;0
101259;despesas_es_2024_completo_parte_01.csv;101260;0;0
101261;despesas_es_2024_completo_parte_01.csv;101262;0;0
101274;despesas_es_2024_completo_parte_01.csv;101275;0;0
101287;despesas_es_2024_completo_parte_01.csv;101288;0;0
101301;despesas_es_2024_completo_parte_01.csv;101302;0;0
101454;despesas_es_2024_completo_parte_01.csv;101455;0;0
101523;despesas_es_2024_completo_parte_01.csv;101524;0;0
101552;despesas_es_2024_completo_parte_01.csv;101553;0;0
101573;despesas_es_2024_completo_parte_01.csv;101574;170000;1
101650;despesas_es_2024_completo_parte_01.csv;101651;3874;1
101663;despesas_es_2024_completo_parte_01.csv;101664;0;0
101747;despesas_es_2024_completo_parte_01.csv;101748;26125;1
101784;despesas_es_2024_completo_parte_01.csv;101785;0;0
101789;despesas_es_2024_completo_parte_01.csv;101790;0;0
101803;despesas_es_2024_completo_parte_01.csv;101804;113279;1
101834;despesas_es_2024_completo_parte_01.csv;101835;0;0
101997;despesas_es_2024_completo_parte_01.csv;101998;-864174;0
102022;despesas_es_2024_completo_parte_01.csv;102023;0;0
102033;despesas_es_2024_completo_parte_01.csv;102034;927006;1
102048;despesas_es_2024_completo_parte_01.csv;102049;0;0
102138;despesas_es_2024_completo_parte_01.csv;102139;16417;1
102255;despesas_es_2024_completo_parte_01.csv;102256;0;0
102392;despesas_es_2024_completo_parte_01.csv;102393;170000;1
102467;despesas_es_2024_completo_parte_01.csv;102468;22059;1
102468;despesas_es_2024_completo_parte_01.csv;102469;89199;1
102482;despesas_es_2024_completo_parte_01.csv;102483;5733;1
102495;despesas_es_2024_completo_parte_01.csv;102496;461405;1
102576;despesas_es_2024_completo_parte_01.csv;102577;1445537;1
102646;despesas_es_2024_completo_parte_01.csv;102647;2563860;1
102659;despesas_es_2024_completo_parte_01.csv;102660;0;0
102666;despesas_es_2024_completo_parte_01.csv;102667;66991658;1
102712;despesas_es_2024_completo_parte_01.csv;102713;71185;1
102780;despesas_es_2024_completo_parte_01.csv;102781;827576;1
102783;despesas_es_2024_completo_parte_01.csv;102784;20297;1
102816;despesas_es_2024_completo_parte_01.csv;102817;8800;1
102855;despesas_es_2024_completo_parte_01.csv;102856;0;0
102869;despesas_es_2024_completo_parte_01.csv;102870;0;0
102885;despesas_es_2024_completo_parte_01.csv;102886;0;0
102887;despesas_es_2024_completo_parte_01.csv;102888;0;0
102953;despesas_es_2024_completo_parte_01.csv;102954;4050415;1
102996;despesas_es_2024_completo_parte_01.csv;102997;0;0
103011;despesas_es_2024_completo_parte_01.csv;103012;0;0
103015;despesas_es_2024_completo_parte_01.csv;103016;0;0
103083;despesas_es_2024_completo_parte_01.csv;103084;8800;1
103186;despesas_es_2024_completo_parte_01.csv;103187;0;0
103250;despesas_es_2024_completo_parte_01.csv;103251;0;0
103252;despesas_es_2024_completo_parte_01.csv;103253;0;0
103260;despesas_es_2024_completo_parte_01.csv;103261;0;0
103358;despesas_es_2024_completo_parte_01.csv;103359;0;0
103432;despesas_es_2024_completo_parte_01.csv;103433;0;0
103578;despesas_es_2024_completo_parte_01.csv;103579;0;0
103579;despesas_es_2024_completo_parte_01.csv;103580;0;0
103582;despesas_es_2024_completo_parte_01.csv;103583;0;0
103629;despesas_es_2024_completo_parte_01.csv;103630;0;0
103729;despesas_es_2024_completo_parte_01.csv;103730;1523646;1
103732;despesas_es_2024_completo_parte_01.csv;103733;8800;1
103792;despesas_es_2024_completo_parte_01.csv;103793;0;0
103799;despesas_es_2024_completo_parte_01.csv;103800;3602265;1
103823;despesas_es_2024_completo_parte_01.csv;103824;0;0
103866;despesas_es_2024_completo_parte_01.csv;103867;0;0
103887;despesas_es_2024_completo_parte_01.csv;103888;0;0
103955;despesas_es_2024_completo_parte_01.csv;103956;35589911;1
103993;despesas_es_2024_completo_parte_01.csv;103994;1613164;1
104089;despesas_es_2024_completo_parte_01.csv;104090;52800;1
104167;despesas_es_2024_completo_parte_01.csv;104168;215;1
104238;despesas_es_2024_completo_parte_01.csv;104239;8800;1
104291;despesas_es_2024_completo_parte_01.csv;104292;44121;1
104435;despesas_es_2024_completo_parte_01.csv;104436;1713685;1
104488;despesas_es_2024_completo_parte_01.csv;104489;0;0
104531;despesas_es_2024_completo_parte_01.csv;104532;0;0
104582;despesas_es_2024_completo_parte_01.csv;104583;0;0
104660;despesas_es_2024_completo_parte_01.csv;104661;6792;1
104681;despesas_es_2024_completo_parte_01.csv;104682;7617571;1
104767;despesas_es_2024_completo_parte_01.csv;104768;205000;1
104851;despesas_es_2024_completo_parte_01.csv;104852;0;0
104854;despesas_es_2024_completo_parte_01.csv;104855;0;0
104877;despesas_es_2024_completo_parte_01.csv;104878;41761;1
104907;despesas_es_2024_completo_parte_01.csv;104908;0;0
104908;despesas_es_2024_completo_parte_01.csv;104909;0;0
104939;despesas_es_2024_completo_parte_01.csv;104940;175378111;1
104964;despesas_es_2024_completo_parte_01.csv;104965;0;0
105012;despesas_es_2024_completo_parte_01.csv;105013;2636065;1
105061;despesas_es_2024_completo_parte_01.csv;105062;760725;1
105095;despesas_es_2024_completo_parte_01.csv;105096;-751898;0
105149;despesas_es_2024_completo_parte_01.csv;105150;0;0
105191;despesas_es_2024_completo_parte_01.csv;105192;0;0
105200;despesas_es_2024_completo_parte_01.csv;105201;0;0
105245;despesas_es_2024_completo_parte_01.csv;105246;0;0
105264;despesas_es_2024_completo_parte_01.csv;105265;7179385;1
105302;despesas_es_2024_completo_parte_01.csv;105303;858495;1
105349;despesas_es_2024_completo_parte_01.csv;105350;0;0
105353;despesas_es_2024_completo_parte_01.csv;105354;0;0
105460;despesas_es_2024_completo_parte_01.csv;105461;0;0
105469;despesas_es_2024_completo_parte_01.csv;105470;0;0
105488;despesas_es_2024_completo_parte_01.csv;105489;599689;1
105582;despesas_es_2024_completo_parte_01.csv;105583;5402;1
105583;despesas_es_2024_completo_parte_01.csv;105584;84000;1
105691;despesas_es_2024_completo_parte_01.csv;105692;1488081;1
105716;despesas_es_2024_completo_parte_01.csv;105717;84171;1
105825;despesas_es_2024_completo_parte_01.csv;105826;87263;1
105835;despesas_es_2024_completo_parte_01.csv;105836;0;0
105882;despesas_es_2024_completo_parte_01.csv;105883;0;0
106110;despesas_es_2024_completo_parte_01.csv;106111;8800;1
106156;despesas_es_2024_completo_parte_01.csv;106157;43200;1
106172;despesas_es_2024_completo_parte_01.csv;106173;0;0
106177;despesas_es_2024_completo_parte_01.csv;106178;15594;1
106222;despesas_es_2024_completo_parte_01.csv;106223;2442871;1
106479;despesas_es_2024_completo_parte_01.csv;106480;0;0
106482;despesas_es_2024_completo_parte_01.csv;106483;0;0
106506;despesas_es_2024_completo_parte_01.csv;106507;658984;1
106539;despesas_es_2024_completo_parte_01.csv;106540;0;0
106661;despesas_es_2024_completo_parte_01.csv;106662;0;0
106771;despesas_es_2024_completo_parte_01.csv;106772;0;0
106834;despesas_es_2024_completo_parte_01.csv;106835;0;0
106868;despesas_es_2024_completo_parte_01.csv;106869;0;0
106903;despesas_es_2024_completo_parte_01.csv;106904;0;0
107022;despesas_es_2024_completo_parte_01.csv;107023;0;0
107039;despesas_es_2024_completo_parte_01.csv;107040;1557;1
107080;despesas_es_2024_completo_parte_01.csv;107081;0;0
107177;despesas_es_2024_completo_parte_01.csv;107178;0;0
107213;despesas_es_2024_completo_parte_01.csv;107214;0;0
107224;despesas_es_2024_completo_parte_01.csv;107225;0;0
107235;despesas_es_2024_completo_parte_01.csv;107236;0;0
107334;despesas_es_2024_completo_parte_01.csv;107335;0;0
107353;despesas_es_2024_completo_parte_01.csv;107354;0;0
107375;despesas_es_2024_completo_parte_01.csv;107376;0;0
107449;despesas_es_2024_completo_parte_01.csv;107450;8800;1
107520;despesas_es_2024_completo_parte_01.csv;107521;0;0
107614;despesas_es_2024_completo_parte_01.csv;107615;0;0
107643;despesas_es_2024_completo_parte_01.csv;107644;53135;1
107723;despesas_es_2024_completo_parte_01.csv;107724;0;0
107873;despesas_es_2024_completo_parte_01.csv;107874;0;0
108070;despesas_es_2024_completo_parte_01.csv;108071;44000;1
108111;despesas_es_2024_completo_parte_01.csv;108112;0;0
108178;despesas_es_2024_completo_parte_01.csv;108179;0;0
108195;despesas_es_2024_completo_parte_01.csv;108196;175446;1
108199;despesas_es_2024_completo_parte_01.csv;108200;14538;1
108204;despesas_es_2024_completo_parte_01.csv;108205;0;0
108228;despesas_es_2024_completo_parte_01.csv;108229;0;0
108407;despesas_es_2024_completo_parte_01.csv;108408;0;0
108432;despesas_es_2024_completo_parte_01.csv;108433;1865;1
108439;despesas_es_2024_completo_parte_01.csv;108440;0;0
108440;despesas_es_2024_completo_parte_01.csv;108441;0;0
108449;despesas_es_2024_completo_parte_01.csv;108450;18936;1
108470;despesas_es_2024_completo_parte_01.csv;108471;-100000;0
108480;despesas_es_2024_completo_parte_01.csv;108481;0;0
108481;despesas_es_2024_completo_parte_01.csv;108482;0;0
108498;despesas_es_2024_completo_parte_01.csv;108499;0;0
108509;despesas_es_2024_completo_parte_01.csv;108510;0;0
108615;despesas_es_2024_completo_parte_01.csv;108616;899087;1
108671;despesas_es_2024_completo_parte_01.csv;108672;0;0
108710;despesas_es_2024_completo_parte_01.csv;108711;2574;1
108883;despesas_es_2024_completo_parte_01.csv;108884;7520;1
108938;despesas_es_2024_completo_parte_01.csv;108939;0;0
108977;despesas_es_2024_completo_parte_01.csv;108978;17651851;1
109218;despesas_es_2024_completo_parte_01.csv;109219;0;0
109262;despesas_es_2024_completo_parte_01.csv;109263;0;0
109283;despesas_es_2024_completo_parte_01.csv;109284;0;0
109362;despesas_es_2024_completo_parte_01.csv;109363;0;0
109450;despesas_es_2024_completo_parte_01.csv;109451;0;0
109467;despesas_es_2024_completo_parte_01.csv;109468;0;0
109538;despesas_es_2024_completo_parte_01.csv;109539;0;0
109557;despesas_es_2024_completo_parte_01.csv;109558;-31618;0
109572;despesas_es_2024_completo_parte_01.csv;109573;44584;1
109741;despesas_es_2024_completo_parte_01.csv;109742;0;0
109810;despesas_es_2024_completo_parte_01.csv;109811;7217546;1
109825;despesas_es_2024_completo_parte_01.csv;109826;0;0
109837;despesas_es_2024_completo_parte_01.csv;109838;115200;1
109848;despesas_es_2024_completo_parte_01.csv;109849;0;0
110072;despesas_es_2024_completo_parte_01.csv;110073;0;0
110087;despesas_es_2024_completo_parte_01.csv;110088;76850;1
110115;despesas_es_2024_completo_parte_01.csv;110116;1558333;1
110192;despesas_es_2024_completo_parte_01.csv;110193;0;0
110227;despesas_es_2024_completo_parte_01.csv;110228;0;0
110263;despesas_es_2024_completo_parte_01.csv;110264;-563662;0
110345;despesas_es_2024_completo_parte_01.csv;110346;522;1
110452;despesas_es_2024_completo_parte_01.csv;110453;272272;1
110476;despesas_es_2024_completo_parte_01.csv;110477;0;0
110501;despesas_es_2024_completo_parte_01.csv;110502;1157;1
110553;despesas_es_2024_completo_parte_01.csv;110554;21200;1
110560;despesas_es_2024_completo_parte_01.csv;110561;48000;1
110580;despesas_es_2024_completo_parte_01.csv;110581;0;0
110605;despesas_es_2024_completo_parte_01.csv;110606;0;0
110618;despesas_es_2024_completo_parte_01.csv;110619;8800;1
110647;despesas_es_2024_completo_parte_01.csv;110648;0;0
110679;despesas_es_2024_completo_parte_01.csv;110680;201047;1
110708;despesas_es_2024_completo_parte_01.csv;110709;62261;1
110712;despesas_es_2024_completo_parte_01.csv;110713;2621168;1
110747;despesas_es_2024_completo_parte_01.csv;110748;0;0
110783;despesas_es_2024_completo_parte_01.csv;110784;0;0
110798;despesas_es_2024_completo_parte_01.csv;110799;13397;1
110806;despesas_es_2024_completo_parte_01.csv;110807;0;0
110900;despesas_es_2024_completo_parte_01.csv;110901;0;0
110913;despesas_es_2024_completo_parte_01.csv;110914;0;0
110963;despesas_es_2024_completo_parte_01.csv;110964;0;0
110974;despesas_es_2024_completo_parte_01.csv;110975;69241;1
111065;despesas_es_2024_completo_parte_01.csv;111066;619221;1
111200;despesas_es_2024_completo_parte_01.csv;111201;0;0
111219;despesas_es_2024_completo_parte_01.csv;111220;43170440;1
111279;despesas_es_2024_completo_parte_01.csv;111280;0;0
111312;despesas_es_2024_completo_parte_01.csv;111313;0;0
111337;despesas_es_2024_completo_parte_01.csv;111338;0;0
111366;despesas_es_2024_completo_parte_01.csv;111367;0;0
111403;despesas_es_2024_completo_parte_01.csv;111404;66729;1
111470;despesas_es_2024_completo_parte_01.csv;111471;0;0
111483;despesas_es_2024_completo_parte_01.csv;111484;15423;1
111585;despesas_es_2024_completo_parte_01.csv;111586;444971;1
111627;despesas_es_2024_completo_parte_01.csv;111628;1069575;1
111683;despesas_es_2024_completo_parte_01.csv;111684;8800;1
111709;despesas_es_2024_completo_parte_01.csv;111710;162320;1
111715;despesas_es_2024_completo_parte_01.csv;111716;431033;1
111804;despesas_es_2024_completo_parte_01.csv;111805;0;0
111928;despesas_es_2024_completo_parte_01.csv;111929;0;0
112035;despesas_es_2024_completo_parte_01.csv;112036;0;0
112116;despesas_es_2024_completo_parte_01.csv;112117;1166415;1
112124;despesas_es_2024_completo_parte_01.csv;112125;0;0
112146;despesas_es_2024_completo_parte_01.csv;112147;0;0
112171;despesas_es_2024_completo_parte_01.csv;112172;0;0
112213;despesas_es_2024_completo_parte_01.csv;112214;211282;1
112214;despesas_es_2024_completo_parte_01.csv;112215;87750;1
112228;despesas_es_2024_completo_parte_01.csv;112229;356976;1
112246;despesas_es_2024_completo_parte_01.csv;112247;329834;1
112248;despesas_es_2024_completo_parte_01.csv;112249;8800;1
112249;despesas_es_2024_completo_parte_01.csv;112250;100776;1
112279;despesas_es_2024_completo_parte_01.csv;112280;0;0
112293;despesas_es_2024_completo_parte_01.csv;112294;50813;1
112435;despesas_es_2024_completo_parte_01.csv;112436;0;0
112499;despesas_es_2024_completo_parte_01.csv;112500;0;0
112509;despesas_es_2024_completo_parte_01.csv;112510;0;0
112674;despesas_es_2024_completo_parte_01.csv;112675;160888;1
112752;despesas_es_2024_completo_parte_01.csv;112753;0;0
112786;despesas_es_2024_completo_parte_01.csv;112787;17160;1
112795;despesas_es_2024_completo_parte_01.csv;112796;2183786;1
112819;despesas_es_2024_completo_parte_01.csv;112820;0;0
112902;despesas_es_2024_completo_parte_01.csv;112903;0;0
112903;despesas_es_2024_completo_parte_01.csv;112904;0;0
112914;despesas_es_2024_completo_parte_01.csv;112915;0;0
112993;despesas_es_2024_completo_parte_01.csv;112994;0;0
112995;despesas_es_2024_completo_parte_01.csv;112996;0;0
113035;despesas_es_2024_completo_parte_01.csv;113036;0;0
113231;despesas_es_2024_completo_parte_01.csv;113232;0;0
113297;despesas_es_2024_completo_parte_01.csv;113298;0;0
113352;despesas_es_2024_completo_parte_01.csv;113353;0;0
113398;despesas_es_2024_completo_parte_01.csv;113399;0;0
113465;despesas_es_2024_completo_parte_01.csv;113466;152637;1
113474;despesas_es_2024_completo_parte_01.csv;113475;8800;1
113588;despesas_es_2024_completo_parte_01.csv;113589;0;0
113619;despesas_es_2024_completo_parte_01.csv;113620;0;0
113632;despesas_es_2024_completo_parte_01.csv;113633;0;0
113647;despesas_es_2024_completo_parte_01.csv;113648;278429;1
113754;despesas_es_2024_completo_parte_01.csv;113755;91416;1
113756;despesas_es_2024_completo_parte_01.csv;113757;8800;1
113805;despesas_es_2024_completo_parte_01.csv;113806;1466570;1
113840;despesas_es_2024_completo_parte_01.csv;113841;0;0
113855;despesas_es_2024_completo_parte_01.csv;113856;0;0
113897;despesas_es_2024_completo_parte_01.csv;113898;0;0
113918;despesas_es_2024_completo_parte_01.csv;113919;0;0
113952;despesas_es_2024_completo_parte_01.csv;113953;0;0
113974;despesas_es_2024_completo_parte_01.csv;113975;0;0
114033;despesas_es_2024_completo_parte_01.csv;114034;0;0
114154;despesas_es_2024_completo_parte_01.csv;114155;0;0
114251;despesas_es_2024_completo_parte_01.csv;114252;286873;1
114299;despesas_es_2024_completo_parte_01.csv;114300;0;0
114362;despesas_es_2024_completo_parte_01.csv;114363;0;0
114382;despesas_es_2024_completo_parte_01.csv;114383;0;0
114416;despesas_es_2024_completo_parte_01.csv;114417;0;0
114423;despesas_es_2024_completo_parte_01.csv;114424;0;0
114509;despesas_es_2024_completo_parte_01.csv;114510;15688645;1
114655;despesas_es_2024_completo_parte_01.csv;114656;0;0
114769;despesas_es_2024_completo_parte_01.csv;114770;0;0
114878;despesas_es_2024_completo_parte_01.csv;114879;0;0
115044;despesas_es_2024_completo_parte_01.csv;115045;0;0
115119;despesas_es_2024_completo_parte_01.csv;115120;0;0
115125;despesas_es_2024_completo_parte_01.csv;115126;29118;1
115127;despesas_es_2024_completo_parte_01.csv;115128;400608;1
115162;despesas_es_2024_completo_parte_01.csv;115163;0;0
115179;despesas_es_2024_completo_parte_01.csv;115180;0;0
115188;despesas_es_2024_completo_parte_01.csv;115189;0;0
115298;despesas_es_2024_completo_parte_01.csv;115299;0;0
115299;despesas_es_2024_completo_parte_01.csv;115300;0;0
115361;despesas_es_2024_completo_parte_01.csv;115362;0;0
115382;despesas_es_2024_completo_parte_01.csv;115383;165512;1
115408;despesas_es_2024_completo_parte_01.csv;115409;470;1
115431;despesas_es_2024_completo_parte_01.csv;115432;4453;1
115477;despesas_es_2024_completo_parte_01.csv;115478;0;0
115491;despesas_es_2024_completo_parte_01.csv;115492;1327668;1
115496;despesas_es_2024_completo_parte_01.csv;115497;0;0
115573;despesas_es_2024_completo_parte_01.csv;115574;1330008;1
115730;despesas_es_2024_completo_parte_01.csv;115731;94341512;1
115731;despesas_es_2024_completo_parte_01.csv;115732;1179600;1
115875;despesas_es_2024_completo_parte_01.csv;115876;220070;1
115920;despesas_es_2024_completo_parte_01.csv;115921;0;0
115925;despesas_es_2024_completo_parte_01.csv;115926;0;0
115952;despesas_es_2024_completo_parte_01.csv;115953;0;0
115981;despesas_es_2024_completo_parte_01.csv;115982;0;0
115991;despesas_es_2024_completo_parte_01.csv;115992;0;0
115993;despesas_es_2024_completo_parte_01.csv;115994;0;0
115994;despesas_es_2024_completo_parte_01.csv;115995;0;0
116047;despesas_es_2024_completo_parte_01.csv;116048;0;0
116058;despesas_es_2024_completo_parte_01.csv;116059;0;0
116202;despesas_es_2024_completo_parte_01.csv;116203;0;0
116225;despesas_es_2024_completo_parte_01.csv;116226;0;0
116546;despesas_es_2024_completo_parte_01.csv;116547;0;0
116632;despesas_es_2024_completo_parte_01.csv;116633;3432;1
116659;despesas_es_2024_completo_parte_01.csv;116660;26228;1
116687;despesas_es_2024_completo_parte_01.csv;116688;0;0
116728;despesas_es_2024_completo_parte_01.csv;116729;20135;1
116746;despesas_es_2024_completo_parte_01.csv;116747;0;0
116826;despesas_es_2024_completo_parte_01.csv;116827;0;0
116885;despesas_es_2024_completo_parte_01.csv;116886;0;0
116907;despesas_es_2024_completo_parte_01.csv;116908;0;0
116912;despesas_es_2024_completo_parte_01.csv;116913;272272;1
117041;despesas_es_2024_completo_parte_01.csv;117042;0;0
117083;despesas_es_2024_completo_parte_01.csv;117084;0;0
117174;despesas_es_2024_completo_parte_01.csv;117175;1514054;1
117227;despesas_es_2024_completo_parte_01.csv;117228;0;0
117281;despesas_es_2024_completo_parte_01.csv;117282;0;0
117321;despesas_es_2024_completo_parte_01.csv;117322;734605;1
117478;despesas_es_2024_completo_parte_01.csv;117479;0;0
117489;despesas_es_2024_completo_parte_01.csv;117490;68611;1
117629;despesas_es_2024_completo_parte_01.csv;117630;364137;1
117709;despesas_es_2024_completo_parte_01.csv;117710;0;0
117784;despesas_es_2024_completo_parte_01.csv;117785;8800;1
117853;despesas_es_2024_completo_parte_01.csv;117854;0;0
118015;despesas_es_2024_completo_parte_01.csv;118016;0;0
118017;despesas_es_2024_completo_parte_01.csv;118018;0;0
118052;despesas_es_2024_completo_parte_01.csv;118053;0;0
118080;despesas_es_2024_completo_parte_01.csv;118081;200555;1
118223;despesas_es_2024_completo_parte_01.csv;118224;0;0
118272;despesas_es_2024_completo_parte_01.csv;118273;0;0
118274;despesas_es_2024_completo_parte_01.csv;118275;0;0
118300;despesas_es_2024_completo_parte_01.csv;118301;0;0
118303;despesas_es_2024_completo_parte_01.csv;118304;0;0
118314;despesas_es_2024_completo_parte_01.csv;118315;0;0
118420;despesas_es_2024_completo_parte_01.csv;118421;0;0
118625;despesas_es_2024_completo_parte_01.csv;118626;0;0
118682;despesas_es_2024_completo_parte_01.csv;118683;0;0
118811;despesas_es_2024_completo_parte_01.csv;118812;52800;1
118822;despesas_es_2024_completo_parte_01.csv;118823;4201873;1
118829;despesas_es_2024_completo_parte_01.csv;118830;59852;1
118963;despesas_es_2024_completo_parte_01.csv;118964;63898;1
118981;despesas_es_2024_completo_parte_01.csv;118982;0;0
119042;despesas_es_2024_completo_parte_01.csv;119043;0;0
119070;despesas_es_2024_completo_parte_01.csv;119071;0;0
119101;despesas_es_2024_completo_parte_01.csv;119102;89435;1
119165;despesas_es_2024_completo_parte_01.csv;119166;0;0
119179;despesas_es_2024_completo_parte_01.csv;119180;0;0
119193;despesas_es_2024_completo_parte_01.csv;119194;0;0
119216;despesas_es_2024_completo_parte_01.csv;119217;-6332301;0
119328;despesas_es_2024_completo_parte_01.csv;119329;0;0
119355;despesas_es_2024_completo_parte_01.csv;119356;365513;1
119395;despesas_es_2024_completo_parte_01.csv;119396;0;0
119418;despesas_es_2024_completo_parte_01.csv;119419;0;0
119505;despesas_es_2024_completo_parte_01.csv;119506;0;0
119634;despesas_es_2024_completo_parte_01.csv;119635;0;0
119662;despesas_es_2024_completo_parte_01.csv;119663;0;0
119663;despesas_es_2024_completo_parte_01.csv;119664;0;0
119730;despesas_es_2024_completo_parte_01.csv;119731;0;0
119736;despesas_es_2024_completo_parte_01.csv;119737;0;0
119772;despesas_es_2024_completo_parte_01.csv;119773;0;0
119824;despesas_es_2024_completo_parte_01.csv;119825;0;0
119900;despesas_es_2024_completo_parte_01.csv;119901;3698;1
119932;despesas_es_2024_completo_parte_01.csv;119933;0;0
120010;despesas_es_2024_completo_parte_01.csv;120011;2811984;1
120013;despesas_es_2024_completo_parte_01.csv;120014;36997;1
120077;despesas_es_2024_completo_parte_01.csv;120078;235202;1
120116;despesas_es_2024_completo_parte_01.csv;120117;820931;1
120195;despesas_es_2024_completo_parte_01.csv;120196;0;0
120222;despesas_es_2024_completo_parte_01.csv;120223;0;0
120254;despesas_es_2024_completo_parte_01.csv;120255;194695;1
120306;despesas_es_2024_completo_parte_01.csv;120307;158910;1
120350;despesas_es_2024_completo_parte_01.csv;120351;0;0
120365;despesas_es_2024_completo_parte_01.csv;120366;0;0
120420;despesas_es_2024_completo_parte_01.csv;120421;8306;1
120444;despesas_es_2024_completo_parte_01.csv;120445;22790;1
120486;despesas_es_2024_completo_parte_01.csv;120487;197300;1
120576;despesas_es_2024_completo_parte_01.csv;120577;0;0
120577;despesas_es_2024_completo_parte_01.csv;120578;2541644;1
120628;despesas_es_2024_completo_parte_01.csv;120629;0;0
120750;despesas_es_2024_completo_parte_01.csv;120751;1026389;1
120764;despesas_es_2024_completo_parte_01.csv;120765;11665;1
120810;despesas_es_2024_completo_parte_01.csv;120811;8697;1
120847;despesas_es_2024_completo_parte_01.csv;120848;0;0
120856;despesas_es_2024_completo_parte_01.csv;120857;0;0
120903;despesas_es_2024_completo_parte_01.csv;120904;9135;1
120998;despesas_es_2024_completo_parte_01.csv;120999;0;0
121064;despesas_es_2024_completo_parte_01.csv;121065;0;0
121075;despesas_es_2024_completo_parte_01.csv;121076;147749;1
121205;despesas_es_2024_completo_parte_01.csv;121206;22000;1
121220;despesas_es_2024_completo_parte_01.csv;121221;0;0
121358;despesas_es_2024_completo_parte_01.csv;121359;-899087;0
121439;despesas_es_2024_completo_parte_01.csv;121440;0;0
121465;despesas_es_2024_completo_parte_01.csv;121466;0;0
121516;despesas_es_2024_completo_parte_01.csv;121517;0;0
121540;despesas_es_2024_completo_parte_01.csv;121541;-4367167;0
121574;despesas_es_2024_completo_parte_01.csv;121575;0;0
121582;despesas_es_2024_completo_parte_01.csv;121583;-477754;0
121616;despesas_es_2024_completo_parte_01.csv;121617;8800;1
121624;despesas_es_2024_completo_parte_01.csv;121625;97300;1
121660;despesas_es_2024_completo_parte_01.csv;121661;0;0
121730;despesas_es_2024_completo_parte_01.csv;121731;8800;1
121758;despesas_es_2024_completo_parte_01.csv;121759;0;0
121790;despesas_es_2024_completo_parte_01.csv;121791;0;0
121816;despesas_es_2024_completo_parte_01.csv;121817;8800;1
121831;despesas_es_2024_completo_parte_01.csv;121832;0;0
121842;despesas_es_2024_completo_parte_01.csv;121843;0;0
121881;despesas_es_2024_completo_parte_01.csv;121882;10000000;1
121886;despesas_es_2024_completo_parte_01.csv;121887;30800;1
121894;despesas_es_2024_completo_parte_01.csv;121895;1843401;1
121910;despesas_es_2024_completo_parte_01.csv;121911;2488356;1
121947;despesas_es_2024_completo_parte_01.csv;121948;1481069;1
121957;despesas_es_2024_completo_parte_01.csv;121958;1104675;1
121987;despesas_es_2024_completo_parte_01.csv;121988;1238838;1
122007;despesas_es_2024_completo_parte_01.csv;122008;0;0
122014;despesas_es_2024_completo_parte_01.csv;122015;6484608;1
122157;despesas_es_2024_completo_parte_01.csv;122158;26512;1
122214;despesas_es_2024_completo_parte_01.csv;122215;0;0
122242;despesas_es_2024_completo_parte_01.csv;122243;0;0
122272;despesas_es_2024_completo_parte_01.csv;122273;0;0
122290;despesas_es_2024_completo_parte_01.csv;122291;0;0
122296;despesas_es_2024_completo_parte_01.csv;122297;0;0
122357;despesas_es_2024_completo_parte_01.csv;122358;2786387;1
122384;despesas_es_2024_completo_parte_01.csv;122385;-2207277;0
122483;despesas_es_2024_completo_parte_01.csv;122484;0;0
122540;despesas_es_2024_completo_parte_01.csv;122541;0;0
122693;despesas_es_2024_completo_parte_01.csv;122694;0;0
122703;despesas_es_2024_completo_parte_01.csv;122704;0;0
122737;despesas_es_2024_completo_parte_01.csv;122738;0;0
122782;despesas_es_2024_completo_parte_01.csv;122783;0;0
122889;despesas_es_2024_completo_parte_01.csv;122890;6255;1
122909;despesas_es_2024_completo_parte_01.csv;122910;27775;1
122946;despesas_es_2024_completo_parte_01.csv;122947;0;0
122974;despesas_es_2024_completo_parte_01.csv;122975;0;0
123021;despesas_es_2024_completo_parte_01.csv;123022;0;0
123086;despesas_es_2024_completo_parte_01.csv;123087;1543893;1
123132;despesas_es_2024_completo_parte_01.csv;123133;0;0
123272;despesas_es_2024_completo_parte_01.csv;123273;0;0
123312;despesas_es_2024_completo_parte_01.csv;123313;48000;1
123314;despesas_es_2024_completo_parte_01.csv;123315;9279413;1
123316;despesas_es_2024_completo_parte_01.csv;123317;1233800;1
123383;despesas_es_2024_completo_parte_01.csv;123384;0;0
123471;despesas_es_2024_completo_parte_01.csv;123472;22000;1
123567;despesas_es_2024_completo_parte_01.csv;123568;650000;1
123595;despesas_es_2024_completo_parte_01.csv;123596;0;0
123647;despesas_es_2024_completo_parte_01.csv;123648;-8800;0
123695;despesas_es_2024_completo_parte_01.csv;123696;0;0
123753;despesas_es_2024_completo_parte_01.csv;123754;1772548;1
123775;despesas_es_2024_completo_parte_01.csv;123776;13253;1
123856;despesas_es_2024_completo_parte_01.csv;123857;0;0
123865;despesas_es_2024_completo_parte_01.csv;123866;200000;1
123909;despesas_es_2024_completo_parte_01.csv;123910;0;0
123930;despesas_es_2024_completo_parte_01.csv;123931;0;0
123986;despesas_es_2024_completo_parte_01.csv;123987;16371283;1
124001;despesas_es_2024_completo_parte_01.csv;124002;0;0
124090;despesas_es_2024_completo_parte_01.csv;124091;0;0
124099;despesas_es_2024_completo_parte_01.csv;124100;3953024;1
124103;despesas_es_2024_completo_parte_01.csv;124104;34040;1
124109;despesas_es_2024_completo_parte_01.csv;124110;0;0
124166;despesas_es_2024_completo_parte_01.csv;124167;624157;1
124224;despesas_es_2024_completo_parte_01.csv;124225;0;0
124233;despesas_es_2024_completo_parte_01.csv;124234;0;0
124279;despesas_es_2024_completo_parte_01.csv;124280;150000;1
124282;despesas_es_2024_completo_parte_01.csv;124283;228628;1
124436;despesas_es_2024_completo_parte_01.csv;124437;165115;1
124444;despesas_es_2024_completo_parte_01.csv;124445;180000;1
124500;despesas_es_2024_completo_parte_01.csv;124501;6981;1
124535;despesas_es_2024_completo_parte_01.csv;124536;0;0
124615;despesas_es_2024_completo_parte_01.csv;124616;50250000;1
124666;despesas_es_2024_completo_parte_01.csv;124667;0;0
124801;despesas_es_2024_completo_parte_01.csv;124802;617;1
124875;despesas_es_2024_completo_parte_01.csv;124876;4385000;1
124890;despesas_es_2024_completo_parte_01.csv;124891;-127656;0
124956;despesas_es_2024_completo_parte_01.csv;124957;0;0
124978;despesas_es_2024_completo_parte_01.csv;124979;0;0
125001;despesas_es_2024_completo_parte_01.csv;125002;0;0
125012;despesas_es_2024_completo_parte_01.csv;125013;0;0
125046;despesas_es_2024_completo_parte_01.csv;125047;8800;1
125142;despesas_es_2024_completo_parte_01.csv;125143;0;0
125192;despesas_es_2024_completo_parte_01.csv;125193;0;0
125215;despesas_es_2024_completo_parte_01.csv;125216;0;0
125236;despesas_es_2024_completo_parte_01.csv;125237;150000;1
125282;despesas_es_2024_completo_parte_01.csv;125283;0;0
125335;despesas_es_2024_completo_parte_02.csv;53;0;0
125380;despesas_es_2024_completo_parte_02.csv;98;0;0
125409;despesas_es_2024_completo_parte_02.csv;127;0;0
125424;despesas_es_2024_completo_parte_02.csv;142;0;0
125455;despesas_es_2024_completo_parte_02.csv;173;0;0
125474;despesas_es_2024_completo_parte_02.csv;192;0;0
125558;despesas_es_2024_completo_parte_02.csv;276;680584;1
125596;despesas_es_2024_completo_parte_02.csv;314;-155216;0
125637;despesas_es_2024_completo_parte_02.csv;355;0;0
125733;despesas_es_2024_completo_parte_02.csv;451;0;0
125738;despesas_es_2024_completo_parte_02.csv;456;0;0
125742;despesas_es_2024_completo_parte_02.csv;460;33248;1
125826;despesas_es_2024_completo_parte_02.csv;544;0;0
125835;despesas_es_2024_completo_parte_02.csv;553;2977280;1
125871;despesas_es_2024_completo_parte_02.csv;589;0;0
125872;despesas_es_2024_completo_parte_02.csv;590;0;0
125879;despesas_es_2024_completo_parte_02.csv;597;8800;1
125958;despesas_es_2024_completo_parte_02.csv;676;644;1
126011;despesas_es_2024_completo_parte_02.csv;729;0;0
126109;despesas_es_2024_completo_parte_02.csv;827;35240000;1
126114;despesas_es_2024_completo_parte_02.csv;832;-100375;0
126131;despesas_es_2024_completo_parte_02.csv;849;0;0
126173;despesas_es_2024_completo_parte_02.csv;891;0;0
126200;despesas_es_2024_completo_parte_02.csv;918;80879;1
126206;despesas_es_2024_completo_parte_02.csv;924;74181;1
126209;despesas_es_2024_completo_parte_02.csv;927;46393;1
126270;despesas_es_2024_completo_parte_02.csv;988;769084;1
126301;despesas_es_2024_completo_parte_02.csv;1019;-96800;0
126352;despesas_es_2024_completo_parte_02.csv;1070;0;0
126365;despesas_es_2024_completo_parte_02.csv;1083;1366749;1
126399;despesas_es_2024_completo_parte_02.csv;1117;154966;1
126469;despesas_es_2024_completo_parte_02.csv;1187;0;0
126513;despesas_es_2024_completo_parte_02.csv;1231;0;0
126517;despesas_es_2024_completo_parte_02.csv;1235;0;0
126643;despesas_es_2024_completo_parte_02.csv;1361;0;0
126647;despesas_es_2024_completo_parte_02.csv;1365;0;0
126708;despesas_es_2024_completo_parte_02.csv;1426;0;0
126729;despesas_es_2024_completo_parte_02.csv;1447;0;0
126744;despesas_es_2024_completo_parte_02.csv;1462;0;0
126796;despesas_es_2024_completo_parte_02.csv;1514;493192;1
126890;despesas_es_2024_completo_parte_02.csv;1608;0;0
126931;despesas_es_2024_completo_parte_02.csv;1649;0;0
126990;despesas_es_2024_completo_parte_02.csv;1708;0;0
127024;despesas_es_2024_completo_parte_02.csv;1742;0;0
127074;despesas_es_2024_completo_parte_02.csv;1792;0;0
127124;despesas_es_2024_completo_parte_02.csv;1842;444000;1
127281;despesas_es_2024_completo_parte_02.csv;1999;2100;1
127284;despesas_es_2024_completo_parte_02.csv;2002;8800;1
127290;despesas_es_2024_completo_parte_02.csv;2008;26400;1
127305;despesas_es_2024_completo_parte_02.csv;2023;0;0
127378;despesas_es_2024_completo_parte_02.csv;2096;0;0
127395;despesas_es_2024_completo_parte_02.csv;2113;0;0
127407;despesas_es_2024_completo_parte_02.csv;2125;0;0
127470;despesas_es_2024_completo_parte_02.csv;2188;232583;1
127560;despesas_es_2024_completo_parte_02.csv;2278;304728;1
127592;despesas_es_2024_completo_parte_02.csv;2310;47038477;1
127627;despesas_es_2024_completo_parte_02.csv;2345;0;0
127709;despesas_es_2024_completo_parte_02.csv;2427;0;0
127718;despesas_es_2024_completo_parte_02.csv;2436;8800;1
127830;despesas_es_2024_completo_parte_02.csv;2548;302660;1
127972;despesas_es_2024_completo_parte_02.csv;2690;0;0
127994;despesas_es_2024_completo_parte_02.csv;2712;89919397;1
128054;despesas_es_2024_completo_parte_02.csv;2772;211432;1
128084;despesas_es_2024_completo_parte_02.csv;2802;200000;1
128160;despesas_es_2024_completo_parte_02.csv;2878;0;0
128208;despesas_es_2024_completo_parte_02.csv;2926;11121;1
128226;despesas_es_2024_completo_parte_02.csv;2944;-770081;0
128235;despesas_es_2024_completo_parte_02.csv;2953;-48009;0
128252;despesas_es_2024_completo_parte_02.csv;2970;0;0
128279;despesas_es_2024_completo_parte_02.csv;2997;0;0
128298;despesas_es_2024_completo_parte_02.csv;3016;0;0
128304;despesas_es_2024_completo_parte_02.csv;3022;0;0
128328;despesas_es_2024_completo_parte_02.csv;3046;370965;1
128342;despesas_es_2024_completo_parte_02.csv;3060;5372460;1
128538;despesas_es_2024_completo_parte_02.csv;3256;0;0
128730;despesas_es_2024_completo_parte_02.csv;3448;8955;1
128829;despesas_es_2024_completo_parte_02.csv;3547;29500000;1
128870;despesas_es_2024_completo_parte_02.csv;3588;8800;1
128901;despesas_es_2024_completo_parte_02.csv;3619;146250;1
128943;despesas_es_2024_completo_parte_02.csv;3661;0;0
128980;despesas_es_2024_completo_parte_02.csv;3698;1229005;1
129023;despesas_es_2024_completo_parte_02.csv;3741;872606;1
129042;despesas_es_2024_completo_parte_02.csv;3760;0;0
129073;despesas_es_2024_completo_parte_02.csv;3791;326;1
129094;despesas_es_2024_completo_parte_02.csv;3812;0;0
129180;despesas_es_2024_completo_parte_02.csv;3898;0;0
129196;despesas_es_2024_completo_parte_02.csv;3914;664;1
129281;despesas_es_2024_completo_parte_02.csv;3999;234033;1
129293;despesas_es_2024_completo_parte_02.csv;4011;11899;1
129295;despesas_es_2024_completo_parte_02.csv;4013;177722;1
129332;despesas_es_2024_completo_parte_02.csv;4050;450000;1
129342;despesas_es_2024_completo_parte_02.csv;4060;15000;1
129379;despesas_es_2024_completo_parte_02.csv;4097;0;0
129385;despesas_es_2024_completo_parte_02.csv;4103;14747;1
129388;despesas_es_2024_completo_parte_02.csv;4106;8483558;1
129401;despesas_es_2024_completo_parte_02.csv;4119;3000000;1
129469;despesas_es_2024_completo_parte_02.csv;4187;16497;1
129491;despesas_es_2024_completo_parte_02.csv;4209;0;0
129529;despesas_es_2024_completo_parte_02.csv;4247;115308;1
129535;despesas_es_2024_completo_parte_02.csv;4253;1106047;1
129553;despesas_es_2024_completo_parte_02.csv;4271;0;0
129560;despesas_es_2024_completo_parte_02.csv;4278;0;0
129569;despesas_es_2024_completo_parte_02.csv;4287;71166;1
129660;despesas_es_2024_completo_parte_02.csv;4378;8800;1
129707;despesas_es_2024_completo_parte_02.csv;4425;500000;1
129753;despesas_es_2024_completo_parte_02.csv;4471;970760;1
129883;despesas_es_2024_completo_parte_02.csv;4601;0;0
129889;despesas_es_2024_completo_parte_02.csv;4607;0;0
129911;despesas_es_2024_completo_parte_02.csv;4629;0;0
130006;despesas_es_2024_completo_parte_02.csv;4724;0;0
130066;despesas_es_2024_completo_parte_02.csv;4784;0;0
130091;despesas_es_2024_completo_parte_02.csv;4809;0;0
130162;despesas_es_2024_completo_parte_02.csv;4880;0;0
130182;despesas_es_2024_completo_parte_02.csv;4900;0;0
130183;despesas_es_2024_completo_parte_02.csv;4901;0;0
130257;despesas_es_2024_completo_parte_02.csv;4975;0;0
130394;despesas_es_2024_completo_parte_02.csv;5112;0;0
130406;despesas_es_2024_completo_parte_02.csv;5124;0;0
130553;despesas_es_2024_completo_parte_02.csv;5271;0;0
130750;despesas_es_2024_completo_parte_02.csv;5468;0;0
130790;despesas_es_2024_completo_parte_02.csv;5508;381990;1
130833;despesas_es_2024_completo_parte_02.csv;5551;0;0
130884;despesas_es_2024_completo_parte_02.csv;5602;0;0
130895;despesas_es_2024_completo_parte_02.csv;5613;0;0
130950;despesas_es_2024_completo_parte_02.csv;5668;0;0
130979;despesas_es_2024_completo_parte_02.csv;5697;122127;1
131087;despesas_es_2024_completo_parte_02.csv;5805;0;0
131261;despesas_es_2024_completo_parte_02.csv;5979;363457;1
131397;despesas_es_2024_completo_parte_02.csv;6115;1182046;1
131408;despesas_es_2024_completo_parte_02.csv;6126;240759;1
131436;despesas_es_2024_completo_parte_02.csv;6154;24057;1
131472;despesas_es_2024_completo_parte_02.csv;6190;0;0
131488;despesas_es_2024_completo_parte_02.csv;6206;0;0
131545;despesas_es_2024_completo_parte_02.csv;6263;150000;1
131690;despesas_es_2024_completo_parte_02.csv;6408;0;0
131732;despesas_es_2024_completo_parte_02.csv;6450;-1275806;0
131751;despesas_es_2024_completo_parte_02.csv;6469;0;0
131807;despesas_es_2024_completo_parte_02.csv;6525;0;0
131828;despesas_es_2024_completo_parte_02.csv;6546;35436;1
131887;despesas_es_2024_completo_parte_02.csv;6605;0;0
131909;despesas_es_2024_completo_parte_02.csv;6627;0;0
131918;despesas_es_2024_completo_parte_02.csv;6636;0;0
131976;despesas_es_2024_completo_parte_02.csv;6694;599122;1
132006;despesas_es_2024_completo_parte_02.csv;6724;2152348;1
132058;despesas_es_2024_completo_parte_02.csv;6776;0;0
132233;despesas_es_2024_completo_parte_02.csv;6951;0;0
132242;despesas_es_2024_completo_parte_02.csv;6960;0;0
132286;despesas_es_2024_completo_parte_02.csv;7004;112366;1
132305;despesas_es_2024_completo_parte_02.csv;7023;0;0
132318;despesas_es_2024_completo_parte_02.csv;7036;0;0
132343;despesas_es_2024_completo_parte_02.csv;7061;0;0
132379;despesas_es_2024_completo_parte_02.csv;7097;0;0
132382;despesas_es_2024_completo_parte_02.csv;7100;0;0
132415;despesas_es_2024_completo_parte_02.csv;7133;0;0
132480;despesas_es_2024_completo_parte_02.csv;7198;0;0
132525;despesas_es_2024_completo_parte_02.csv;7243;30062;1
132544;despesas_es_2024_completo_parte_02.csv;7262;0;0
132593;despesas_es_2024_completo_parte_02.csv;7311;0;0
132639;despesas_es_2024_completo_parte_02.csv;7357;0;0
132705;despesas_es_2024_completo_parte_02.csv;7423;0;0
132719;despesas_es_2024_completo_parte_02.csv;7437;0;0
132760;despesas_es_2024_completo_parte_02.csv;7478;0;0
132770;despesas_es_2024_completo_parte_02.csv;7488;0;0
132777;despesas_es_2024_completo_parte_02.csv;7495;0;0
132932;despesas_es_2024_completo_parte_02.csv;7650;0;0
132976;despesas_es_2024_completo_parte_02.csv;7694;105600;1
132993;despesas_es_2024_completo_parte_02.csv;7711;8220;1
133057;despesas_es_2024_completo_parte_02.csv;7775;44000;1
133107;despesas_es_2024_completo_parte_02.csv;7825;443100;1
133180;despesas_es_2024_completo_parte_02.csv;7898;0;0
133308;despesas_es_2024_completo_parte_02.csv;8026;0;0
133336;despesas_es_2024_completo_parte_02.csv;8054;0;0
133374;despesas_es_2024_completo_parte_02.csv;8092;0;0
133391;despesas_es_2024_completo_parte_02.csv;8109;8712466;1
133425;despesas_es_2024_completo_parte_02.csv;8143;283324;1
133443;despesas_es_2024_completo_parte_02.csv;8161;57831293;1
133477;despesas_es_2024_completo_parte_02.csv;8195;461916;1
133483;despesas_es_2024_completo_parte_02.csv;8201;150000;1
133597;despesas_es_2024_completo_parte_02.csv;8315;285823;1
133627;despesas_es_2024_completo_parte_02.csv;8345;780;1
133632;despesas_es_2024_completo_parte_02.csv;8350;0;0
133642;despesas_es_2024_completo_parte_02.csv;8360;0;0
133720;despesas_es_2024_completo_parte_02.csv;8438;0;0
133758;despesas_es_2024_completo_parte_02.csv;8476;0;0
133767;despesas_es_2024_completo_parte_02.csv;8485;0;0
133789;despesas_es_2024_completo_parte_02.csv;8507;200000;1
133820;despesas_es_2024_completo_parte_02.csv;8538;0;0
133822;despesas_es_2024_completo_parte_02.csv;8540;0;0
133835;despesas_es_2024_completo_parte_02.csv;8553;0;0
133884;despesas_es_2024_completo_parte_02.csv;8602;1018434;1
133893;despesas_es_2024_completo_parte_02.csv;8611;0;0
133986;despesas_es_2024_completo_parte_02.csv;8704;8800;1
134013;despesas_es_2024_completo_parte_02.csv;8731;-455405;0
134050;despesas_es_2024_completo_parte_02.csv;8768;0;0
134108;despesas_es_2024_completo_parte_02.csv;8826;7812181;1
134128;despesas_es_2024_completo_parte_02.csv;8846;4864095;1
134167;despesas_es_2024_completo_parte_02.csv;8885;0;0
134221;despesas_es_2024_completo_parte_02.csv;8939;3817523;1
134261;despesas_es_2024_completo_parte_02.csv;8979;8800;1
134292;despesas_es_2024_completo_parte_02.csv;9010;0;0
134326;despesas_es_2024_completo_parte_02.csv;9044;0;0
134383;despesas_es_2024_completo_parte_02.csv;9101;8800;1
134433;despesas_es_2024_completo_parte_02.csv;9151;0;0
134452;despesas_es_2024_completo_parte_02.csv;9170;256764;1
134548;despesas_es_2024_completo_parte_02.csv;9266;0;0
134615;despesas_es_2024_completo_parte_02.csv;9333;20105;1
134662;despesas_es_2024_completo_parte_02.csv;9380;273207;1
134844;despesas_es_2024_completo_parte_02.csv;9562;8800;1
134896;despesas_es_2024_completo_parte_02.csv;9614;0;0
134915;despesas_es_2024_completo_parte_02.csv;9633;0;0
134936;despesas_es_2024_completo_parte_02.csv;9654;0;0
134968;despesas_es_2024_completo_parte_02.csv;9686;0;0
135017;despesas_es_2024_completo_parte_02.csv;9735;0;0
135048;despesas_es_2024_completo_parte_02.csv;9766;0;0
135104;despesas_es_2024_completo_parte_02.csv;9822;0;0
135113;despesas_es_2024_completo_parte_02.csv;9831;0;0
135146;despesas_es_2024_completo_parte_02.csv;9864;0;0
135244;despesas_es_2024_completo_parte_02.csv;9962;0;0
135270;despesas_es_2024_completo_parte_02.csv;9988;0;0
135291;despesas_es_2024_completo_parte_02.csv;10009;0;0
135306;despesas_es_2024_completo_parte_02.csv;10024;0;0
135316;despesas_es_2024_completo_parte_02.csv;10034;0;0
135519;despesas_es_2024_completo_parte_02.csv;10237;49;1
135640;despesas_es_2024_completo_parte_02.csv;10358;8800;1
135722;despesas_es_2024_completo_parte_02.csv;10440;8504;1
135727;despesas_es_2024_completo_parte_02.csv;10445;779615;1
135835;despesas_es_2024_completo_parte_02.csv;10553;0;0
136012;despesas_es_2024_completo_parte_02.csv;10730;0;0
136047;despesas_es_2024_completo_parte_02.csv;10765;8800;1
136051;despesas_es_2024_completo_parte_02.csv;10769;952402;1
136185;despesas_es_2024_completo_parte_02.csv;10903;204204;1
136233;despesas_es_2024_completo_parte_02.csv;10951;78800;1
136303;despesas_es_2024_completo_parte_02.csv;11021;0;0
136343;despesas_es_2024_completo_parte_02.csv;11061;0;0
136375;despesas_es_2024_completo_parte_02.csv;11093;6517998;1
136385;despesas_es_2024_completo_parte_02.csv;11103;101237;1
136516;despesas_es_2024_completo_parte_02.csv;11234;0;0
136638;despesas_es_2024_completo_parte_02.csv;11356;0;0
136674;despesas_es_2024_completo_parte_02.csv;11392;1558294;1
136749;despesas_es_2024_completo_parte_02.csv;11467;1620000;1
136770;despesas_es_2024_completo_parte_02.csv;11488;0;0
136864;despesas_es_2024_completo_parte_02.csv;11582;0;0
137001;despesas_es_2024_completo_parte_02.csv;11719;68068;1
137086;despesas_es_2024_completo_parte_02.csv;11804;8800;1
137088;despesas_es_2024_completo_parte_02.csv;11806;2500000;1
137118;despesas_es_2024_completo_parte_02.csv;11836;65489;1
137139;despesas_es_2024_completo_parte_02.csv;11857;0;0
137159;despesas_es_2024_completo_parte_02.csv;11877;1762020;1
137194;despesas_es_2024_completo_parte_02.csv;11912;0;0
137238;despesas_es_2024_completo_parte_02.csv;11956;71487;1
137298;despesas_es_2024_completo_parte_02.csv;12016;1045795;1
137329;despesas_es_2024_completo_parte_02.csv;12047;0;0
137332;despesas_es_2024_completo_parte_02.csv;12050;0;0
137406;despesas_es_2024_completo_parte_02.csv;12124;0;0
137506;despesas_es_2024_completo_parte_02.csv;12224;0;0
137545;despesas_es_2024_completo_parte_02.csv;12263;0;0
137583;despesas_es_2024_completo_parte_02.csv;12301;0;0
137598;despesas_es_2024_completo_parte_02.csv;12316;0;0
137648;despesas_es_2024_completo_parte_02.csv;12366;0;0
137680;despesas_es_2024_completo_parte_02.csv;12398;0;0
137710;despesas_es_2024_completo_parte_02.csv;12428;0;0
137724;despesas_es_2024_completo_parte_02.csv;12442;0;0
137804;despesas_es_2024_completo_parte_02.csv;12522;16238;1
137815;despesas_es_2024_completo_parte_02.csv;12533;0;0
137827;despesas_es_2024_completo_parte_02.csv;12545;55744;1
137882;despesas_es_2024_completo_parte_02.csv;12600;57050;1
137929;despesas_es_2024_completo_parte_02.csv;12647;1500000;1
137945;despesas_es_2024_completo_parte_02.csv;12663;1178154;1
137952;despesas_es_2024_completo_parte_02.csv;12670;150000;1
137976;despesas_es_2024_completo_parte_02.csv;12694;0;0
138034;despesas_es_2024_completo_parte_02.csv;12752;0;0
138072;despesas_es_2024_completo_parte_02.csv;12790;9235;1
138073;despesas_es_2024_completo_parte_02.csv;12791;31520;1
138101;despesas_es_2024_completo_parte_02.csv;12819;0;0
138123;despesas_es_2024_completo_parte_02.csv;12841;2679281;1
138216;despesas_es_2024_completo_parte_02.csv;12934;18578;1
138331;despesas_es_2024_completo_parte_02.csv;13049;1186500;1
138363;despesas_es_2024_completo_parte_02.csv;13081;30800;1
138417;despesas_es_2024_completo_parte_02.csv;13135;0;0
138485;despesas_es_2024_completo_parte_02.csv;13203;-1581104;0
138637;despesas_es_2024_completo_parte_02.csv;13355;9912664;1
138692;despesas_es_2024_completo_parte_02.csv;13410;39103;1
138730;despesas_es_2024_completo_parte_02.csv;13448;162477;1
138839;despesas_es_2024_completo_parte_02.csv;13557;0;0
138857;despesas_es_2024_completo_parte_02.csv;13575;0;0
138916;despesas_es_2024_completo_parte_02.csv;13634;0;0
138950;despesas_es_2024_completo_parte_02.csv;13668;0;0
138956;despesas_es_2024_completo_parte_02.csv;13674;0;0
139053;despesas_es_2024_completo_parte_02.csv;13771;700000;1
139201;despesas_es_2024_completo_parte_02.csv;13919;45090;1
139283;despesas_es_2024_completo_parte_02.csv;14001;30800;1
139323;despesas_es_2024_completo_parte_02.csv;14041;0;0
139351;despesas_es_2024_completo_parte_02.csv;14069;408408;1
139422;despesas_es_2024_completo_parte_02.csv;14140;8800;1
139433;despesas_es_2024_completo_parte_02.csv;14151;0;0
139480;despesas_es_2024_completo_parte_02.csv;14198;323637;1
139494;despesas_es_2024_completo_parte_02.csv;14212;0;0
139553;despesas_es_2024_completo_parte_02.csv;14271;0;0
139585;despesas_es_2024_completo_parte_02.csv;14303;6000;1
139587;despesas_es_2024_completo_parte_02.csv;14305;0;0
139597;despesas_es_2024_completo_parte_02.csv;14315;51398;1
139653;despesas_es_2024_completo_parte_02.csv;14371;129425;1
139863;despesas_es_2024_completo_parte_02.csv;14581;1215293;1
139890;despesas_es_2024_completo_parte_02.csv;14608;0;0
139903;despesas_es_2024_completo_parte_02.csv;14621;0;0
139927;despesas_es_2024_completo_parte_02.csv;14645;161432;1
139941;despesas_es_2024_completo_parte_02.csv;14659;0;0
140086;despesas_es_2024_completo_parte_02.csv;14804;29270;1
140119;despesas_es_2024_completo_parte_02.csv;14837;277136;1
140161;despesas_es_2024_completo_parte_02.csv;14879;245137;1
140216;despesas_es_2024_completo_parte_02.csv;14934;1781;1
140296;despesas_es_2024_completo_parte_02.csv;15014;0;0
140300;despesas_es_2024_completo_parte_02.csv;15018;0;0
140376;despesas_es_2024_completo_parte_02.csv;15094;0;0
140380;despesas_es_2024_completo_parte_02.csv;15098;0;0
140479;despesas_es_2024_completo_parte_02.csv;15197;-330000;0
140498;despesas_es_2024_completo_parte_02.csv;15216;0;0
140509;despesas_es_2024_completo_parte_02.csv;15227;-80840;0
140559;despesas_es_2024_completo_parte_02.csv;15277;0;0
140582;despesas_es_2024_completo_parte_02.csv;15300;97500;1
140648;despesas_es_2024_completo_parte_02.csv;15366;80047;1
140803;despesas_es_2024_completo_parte_02.csv;15521;0;0
140882;despesas_es_2024_completo_parte_02.csv;15600;96175;1
140917;despesas_es_2024_completo_parte_02.csv;15635;0;0
140964;despesas_es_2024_completo_parte_02.csv;15682;9392;1
140967;despesas_es_2024_completo_parte_02.csv;15685;0;0
141015;despesas_es_2024_completo_parte_02.csv;15733;0;0
141042;despesas_es_2024_completo_parte_02.csv;15760;30800;1
141105;despesas_es_2024_completo_parte_02.csv;15823;136400;1
141130;despesas_es_2024_completo_parte_02.csv;15848;0;0
141148;despesas_es_2024_completo_parte_02.csv;15866;0;0
141202;despesas_es_2024_completo_parte_02.csv;15920;553524;1
141290;despesas_es_2024_completo_parte_02.csv;16008;1429;1
141336;despesas_es_2024_completo_parte_02.csv;16054;162832;1
141352;despesas_es_2024_completo_parte_02.csv;16070;149055400;1
141366;despesas_es_2024_completo_parte_02.csv;16084;0;0
141374;despesas_es_2024_completo_parte_02.csv;16092;0;0
141389;despesas_es_2024_completo_parte_02.csv;16107;8800;1
141413;despesas_es_2024_completo_parte_02.csv;16131;1190204;1
141440;despesas_es_2024_completo_parte_02.csv;16158;0;0
141484;despesas_es_2024_completo_parte_02.csv;16202;0;0
141560;despesas_es_2024_completo_parte_02.csv;16278;0;0
141607;despesas_es_2024_completo_parte_02.csv;16325;0;0
141685;despesas_es_2024_completo_parte_02.csv;16403;6454297;1
141733;despesas_es_2024_completo_parte_02.csv;16451;0;0
142018;despesas_es_2024_completo_parte_02.csv;16736;0;0
142080;despesas_es_2024_completo_parte_02.csv;16798;0;0
142152;despesas_es_2024_completo_parte_02.csv;16870;0;0
142213;despesas_es_2024_completo_parte_02.csv;16931;0;0
142251;despesas_es_2024_completo_parte_02.csv;16969;58980932;1
142288;despesas_es_2024_completo_parte_02.csv;17006;0;0
142434;despesas_es_2024_completo_parte_02.csv;17152;0;0
142440;despesas_es_2024_completo_parte_02.csv;17158;0;0
142476;despesas_es_2024_completo_parte_02.csv;17194;0;0
142517;despesas_es_2024_completo_parte_02.csv;17235;0;0
142669;despesas_es_2024_completo_parte_02.csv;17387;16907696;1
142708;despesas_es_2024_completo_parte_02.csv;17426;0;0
142798;despesas_es_2024_completo_parte_02.csv;17516;18494;1
142816;despesas_es_2024_completo_parte_02.csv;17534;0;0
142851;despesas_es_2024_completo_parte_02.csv;17569;0;0
142906;despesas_es_2024_completo_parte_02.csv;17624;0;0
142949;despesas_es_2024_completo_parte_02.csv;17667;4613865;1
142977;despesas_es_2024_completo_parte_02.csv;17695;0;0
142989;despesas_es_2024_completo_parte_02.csv;17707;0;0
143042;despesas_es_2024_completo_parte_02.csv;17760;1233800;1
143043;despesas_es_2024_completo_parte_02.csv;17761;45000;1
143079;despesas_es_2024_completo_parte_02.csv;17797;0;0
143081;despesas_es_2024_completo_parte_02.csv;17799;0;0
143111;despesas_es_2024_completo_parte_02.csv;17829;3738;1
143188;despesas_es_2024_completo_parte_02.csv;17906;8800;1
143190;despesas_es_2024_completo_parte_02.csv;17908;0;0
143202;despesas_es_2024_completo_parte_02.csv;17920;0;0
143242;despesas_es_2024_completo_parte_02.csv;17960;0;0
143262;despesas_es_2024_completo_parte_02.csv;17980;12730582;1
143353;despesas_es_2024_completo_parte_02.csv;18071;0;0
143364;despesas_es_2024_completo_parte_02.csv;18082;0;0
143375;despesas_es_2024_completo_parte_02.csv;18093;0;0
143395;despesas_es_2024_completo_parte_02.csv;18113;0;0
143405;despesas_es_2024_completo_parte_02.csv;18123;0;0
143427;despesas_es_2024_completo_parte_02.csv;18145;1083915;1
143502;despesas_es_2024_completo_parte_02.csv;18220;0;0
143511;despesas_es_2024_completo_parte_02.csv;18229;68692;1
143561;despesas_es_2024_completo_parte_02.csv;18279;44880;1
143583;despesas_es_2024_completo_parte_02.csv;18301;0;0
143749;despesas_es_2024_completo_parte_02.csv;18467;69144;1
143776;despesas_es_2024_completo_parte_02.csv;18494;0;0
143789;despesas_es_2024_completo_parte_02.csv;18507;0;0
143796;despesas_es_2024_completo_parte_02.csv;18514;0;0
143797;despesas_es_2024_completo_parte_02.csv;18515;25549085;1
143931;despesas_es_2024_completo_parte_02.csv;18649;0;0
144026;despesas_es_2024_completo_parte_02.csv;18744;553524;1
144369;despesas_es_2024_completo_parte_02.csv;19087;0;0
144397;despesas_es_2024_completo_parte_02.csv;19115;0;0
144414;despesas_es_2024_completo_parte_02.csv;19132;0;0
144419;despesas_es_2024_completo_parte_02.csv;19137;0;0
144424;despesas_es_2024_completo_parte_02.csv;19142;0;0
144444;despesas_es_2024_completo_parte_02.csv;19162;0;0
144494;despesas_es_2024_completo_parte_02.csv;19212;0;0
144508;despesas_es_2024_completo_parte_02.csv;19226;0;0
144699;despesas_es_2024_completo_parte_02.csv;19417;0;0
144728;despesas_es_2024_completo_parte_02.csv;19446;343676;1
144863;despesas_es_2024_completo_parte_02.csv;19581;0;0
144868;despesas_es_2024_completo_parte_02.csv;19586;0;0
144922;despesas_es_2024_completo_parte_02.csv;19640;0;0
144984;despesas_es_2024_completo_parte_02.csv;19702;575952;1
145038;despesas_es_2024_completo_parte_02.csv;19756;600079;1
145041;despesas_es_2024_completo_parte_02.csv;19759;760035;1
145098;despesas_es_2024_completo_parte_02.csv;19816;0;0
145145;despesas_es_2024_completo_parte_02.csv;19863;0;0
145177;despesas_es_2024_completo_parte_02.csv;19895;0;0
145194;despesas_es_2024_completo_parte_02.csv;19912;45341;1
145310;despesas_es_2024_completo_parte_02.csv;20028;95484468;1
145351;despesas_es_2024_completo_parte_02.csv;20069;87517;1
145382;despesas_es_2024_completo_parte_02.csv;20100;244097;1
145395;despesas_es_2024_completo_parte_02.csv;20113;0;0
145503;despesas_es_2024_completo_parte_02.csv;20221;0;0
145509;despesas_es_2024_completo_parte_02.csv;20227;0;0
145565;despesas_es_2024_completo_parte_02.csv;20283;43336;1
145627;despesas_es_2024_completo_parte_02.csv;20345;39296732;1
145698;despesas_es_2024_completo_parte_02.csv;20416;8407;1
145792;despesas_es_2024_completo_parte_02.csv;20510;0;0
145822;despesas_es_2024_completo_parte_02.csv;20540;0;0
145876;despesas_es_2024_completo_parte_02.csv;20594;0;0
145925;despesas_es_2024_completo_parte_02.csv;20643;48343;1
145975;despesas_es_2024_completo_parte_02.csv;20693;0;0
146030;despesas_es_2024_completo_parte_02.csv;20748;0;0
146043;despesas_es_2024_completo_parte_02.csv;20761;8800;1
146148;despesas_es_2024_completo_parte_02.csv;20866;0;0
146149;despesas_es_2024_completo_parte_02.csv;20867;0;0
146154;despesas_es_2024_completo_parte_02.csv;20872;0;0
146175;despesas_es_2024_completo_parte_02.csv;20893;0;0
146200;despesas_es_2024_completo_parte_02.csv;20918;0;0
146219;despesas_es_2024_completo_parte_02.csv;20937;0;0
146224;despesas_es_2024_completo_parte_02.csv;20942;8800;1
146354;despesas_es_2024_completo_parte_02.csv;21072;0;0
146374;despesas_es_2024_completo_parte_02.csv;21092;0;0
146411;despesas_es_2024_completo_parte_02.csv;21129;0;0
146454;despesas_es_2024_completo_parte_02.csv;21172;0;0
146501;despesas_es_2024_completo_parte_02.csv;21219;0;0
146508;despesas_es_2024_completo_parte_02.csv;21226;0;0
146560;despesas_es_2024_completo_parte_02.csv;21278;0;0
146592;despesas_es_2024_completo_parte_02.csv;21310;0;0
146596;despesas_es_2024_completo_parte_02.csv;21314;0;0
146600;despesas_es_2024_completo_parte_02.csv;21318;0;0
146611;despesas_es_2024_completo_parte_02.csv;21329;0;0
146735;despesas_es_2024_completo_parte_02.csv;21453;0;0
146738;despesas_es_2024_completo_parte_02.csv;21456;0;0
146922;despesas_es_2024_completo_parte_02.csv;21640;0;0
146950;despesas_es_2024_completo_parte_02.csv;21668;0;0
147130;despesas_es_2024_completo_parte_02.csv;21848;0;0
147151;despesas_es_2024_completo_parte_02.csv;21869;0;0
147193;despesas_es_2024_completo_parte_02.csv;21911;0;0
147234;despesas_es_2024_completo_parte_02.csv;21952;0;0
147240;despesas_es_2024_completo_parte_02.csv;21958;0;0
147258;despesas_es_2024_completo_parte_02.csv;21976;1319320;1
147291;despesas_es_2024_completo_parte_02.csv;22009;0;0
147305;despesas_es_2024_completo_parte_02.csv;22023;0;0
147372;despesas_es_2024_completo_parte_02.csv;22090;0;0
147418;despesas_es_2024_completo_parte_02.csv;22136;0;0
147450;despesas_es_2024_completo_parte_02.csv;22168;14571;1
147452;despesas_es_2024_completo_parte_02.csv;22170;63006;1
147466;despesas_es_2024_completo_parte_02.csv;22184;0;0
147551;despesas_es_2024_completo_parte_02.csv;22269;0;0
147565;despesas_es_2024_completo_parte_02.csv;22283;5148;1
147575;despesas_es_2024_completo_parte_02.csv;22293;0;0
147673;despesas_es_2024_completo_parte_02.csv;22391;0;0
147702;despesas_es_2024_completo_parte_02.csv;22420;8800;1
147703;despesas_es_2024_completo_parte_02.csv;22421;215368;1
147758;despesas_es_2024_completo_parte_02.csv;22476;0;0
147782;despesas_es_2024_completo_parte_02.csv;22500;0;0
147786;despesas_es_2024_completo_parte_02.csv;22504;0;0
147806;despesas_es_2024_completo_parte_02.csv;22524;0;0
147897;despesas_es_2024_completo_parte_02.csv;22615;0;0
147922;despesas_es_2024_completo_parte_02.csv;22640;297109;1
147959;despesas_es_2024_completo_parte_02.csv;22677;0;0
147984;despesas_es_2024_completo_parte_02.csv;22702;454851;1
148018;despesas_es_2024_completo_parte_02.csv;22736;13300;1
148027;despesas_es_2024_completo_parte_02.csv;22745;0;0
148067;despesas_es_2024_completo_parte_02.csv;22785;944847;1
148077;despesas_es_2024_completo_parte_02.csv;22795;220900;1
148145;despesas_es_2024_completo_parte_02.csv;22863;885642;1
148199;despesas_es_2024_completo_parte_02.csv;22917;0;0
148300;despesas_es_2024_completo_parte_02.csv;23018;30800;1
148343;despesas_es_2024_completo_parte_02.csv;23061;22000;1
148393;despesas_es_2024_completo_parte_02.csv;23111;0;0
148395;despesas_es_2024_completo_parte_02.csv;23113;0;0
148438;despesas_es_2024_completo_parte_02.csv;23156;0;0
148482;despesas_es_2024_completo_parte_02.csv;23200;0;0
148514;despesas_es_2024_completo_parte_02.csv;23232;0;0
148574;despesas_es_2024_completo_parte_02.csv;23292;37313515;1
148596;despesas_es_2024_completo_parte_02.csv;23314;0;0
148614;despesas_es_2024_completo_parte_02.csv;23332;100;1
148629;despesas_es_2024_completo_parte_02.csv;23347;138914;1
148649;despesas_es_2024_completo_parte_02.csv;23367;30800;1
148694;despesas_es_2024_completo_parte_02.csv;23412;8800;1
148708;despesas_es_2024_completo_parte_02.csv;23426;0;0
148719;despesas_es_2024_completo_parte_02.csv;23437;31520;1
148929;despesas_es_2024_completo_parte_02.csv;23647;303536;1
148937;despesas_es_2024_completo_parte_02.csv;23655;1037806;1
148960;despesas_es_2024_completo_parte_02.csv;23678;8626;1
148991;despesas_es_2024_completo_parte_02.csv;23709;305889;1
149002;despesas_es_2024_completo_parte_02.csv;23720;0;0
149015;despesas_es_2024_completo_parte_02.csv;23733;154474;1
149024;despesas_es_2024_completo_parte_02.csv;23742;0;0
149095;despesas_es_2024_completo_parte_02.csv;23813;0;0
149138;despesas_es_2024_completo_parte_02.csv;23856;0;0
149183;despesas_es_2024_completo_parte_02.csv;23901;6023;1
149196;despesas_es_2024_completo_parte_02.csv;23914;1432135;1
149252;despesas_es_2024_completo_parte_02.csv;23970;74929780;1
149295;despesas_es_2024_completo_parte_02.csv;24013;14328;1
149353;despesas_es_2024_completo_parte_02.csv;24071;0;0
149377;despesas_es_2024_completo_parte_02.csv;24095;1392883;1
149444;despesas_es_2024_completo_parte_02.csv;24162;0;0
149445;despesas_es_2024_completo_parte_02.csv;24163;0;0
149574;despesas_es_2024_completo_parte_02.csv;24292;0;0
149729;despesas_es_2024_completo_parte_02.csv;24447;0;0
149887;despesas_es_2024_completo_parte_02.csv;24605;1176090;1
149899;despesas_es_2024_completo_parte_02.csv;24617;0;0
149985;despesas_es_2024_completo_parte_02.csv;24703;0;0
150058;despesas_es_2024_completo_parte_02.csv;24776;0;0
150101;despesas_es_2024_completo_parte_02.csv;24819;0;0
150110;despesas_es_2024_completo_parte_02.csv;24828;0;0
150136;despesas_es_2024_completo_parte_02.csv;24854;8800;1
150241;despesas_es_2024_completo_parte_02.csv;24959;3853820;1
150243;despesas_es_2024_completo_parte_02.csv;24961;0;0
150289;despesas_es_2024_completo_parte_02.csv;25007;0;0
150355;despesas_es_2024_completo_parte_02.csv;25073;52800;1
150461;despesas_es_2024_completo_parte_02.csv;25179;302133;1
150478;despesas_es_2024_completo_parte_02.csv;25196;1432019263;1
150554;despesas_es_2024_completo_parte_02.csv;25272;0;0
150575;despesas_es_2024_completo_parte_02.csv;25293;0;0
150587;despesas_es_2024_completo_parte_02.csv;25305;0;0
150603;despesas_es_2024_completo_parte_02.csv;25321;0;0
150627;despesas_es_2024_completo_parte_02.csv;25345;57496;1
150658;despesas_es_2024_completo_parte_02.csv;25376;450000;1
150707;despesas_es_2024_completo_parte_02.csv;25425;0;0
150720;despesas_es_2024_completo_parte_02.csv;25438;0;0
150926;despesas_es_2024_completo_parte_02.csv;25644;0;0
150934;despesas_es_2024_completo_parte_02.csv;25652;0;0
150939;despesas_es_2024_completo_parte_02.csv;25657;0;0
151026;despesas_es_2024_completo_parte_02.csv;25744;0;0
151027;despesas_es_2024_completo_parte_02.csv;25745;0;0
151037;despesas_es_2024_completo_parte_02.csv;25755;0;0
151055;despesas_es_2024_completo_parte_02.csv;25773;0;0
151208;despesas_es_2024_completo_parte_02.csv;25926;0;0
151216;despesas_es_2024_completo_parte_02.csv;25934;50057725;1
151286;despesas_es_2024_completo_parte_02.csv;26004;223920;1
151294;despesas_es_2024_completo_parte_02.csv;26012;0;0
151376;despesas_es_2024_completo_parte_02.csv;26094;0;0
151615;despesas_es_2024_completo_parte_02.csv;26333;0;0
151713;despesas_es_2024_completo_parte_02.csv;26431;0;0
151763;despesas_es_2024_completo_parte_02.csv;26481;0;0
151805;despesas_es_2024_completo_parte_02.csv;26523;0;0
151869;despesas_es_2024_completo_parte_02.csv;26587;0;0
151950;despesas_es_2024_completo_parte_02.csv;26668;0;0
152069;despesas_es_2024_completo_parte_02.csv;26787;0;0
152115;despesas_es_2024_completo_parte_02.csv;26833;0;0
152158;despesas_es_2024_completo_parte_02.csv;26876;0;0
152194;despesas_es_2024_completo_parte_02.csv;26912;0;0
152239;despesas_es_2024_completo_parte_02.csv;26957;0;0
152275;despesas_es_2024_completo_parte_02.csv;26993;0;0
152309;despesas_es_2024_completo_parte_02.csv;27027;30800;1
152445;despesas_es_2024_completo_parte_02.csv;27163;0;0
152650;despesas_es_2024_completo_parte_02.csv;27368;0;0
152662;despesas_es_2024_completo_parte_02.csv;27380;0;0
152737;despesas_es_2024_completo_parte_02.csv;27455;0;0
152746;despesas_es_2024_completo_parte_02.csv;27464;0;0
152809;despesas_es_2024_completo_parte_02.csv;27527;718470;1
152938;despesas_es_2024_completo_parte_02.csv;27656;0;0
152965;despesas_es_2024_completo_parte_02.csv;27683;0;0
153005;despesas_es_2024_completo_parte_02.csv;27723;0;0
153098;despesas_es_2024_completo_parte_02.csv;27816;0;0
153100;despesas_es_2024_completo_parte_02.csv;27818;0;0
153214;despesas_es_2024_completo_parte_02.csv;27932;0;0
153277;despesas_es_2024_completo_parte_02.csv;27995;0;0
153385;despesas_es_2024_completo_parte_02.csv;28103;0;0
153531;despesas_es_2024_completo_parte_02.csv;28249;0;0
153590;despesas_es_2024_completo_parte_02.csv;28308;0;0
153772;despesas_es_2024_completo_parte_02.csv;28490;86170;1
153798;despesas_es_2024_completo_parte_02.csv;28516;0;0
153804;despesas_es_2024_completo_parte_02.csv;28522;0;0
153917;despesas_es_2024_completo_parte_02.csv;28635;27015;1
153923;despesas_es_2024_completo_parte_02.csv;28641;0;0
154005;despesas_es_2024_completo_parte_02.csv;28723;0;0
154013;despesas_es_2024_completo_parte_02.csv;28731;0;0
154025;despesas_es_2024_completo_parte_02.csv;28743;0;0
154087;despesas_es_2024_completo_parte_02.csv;28805;540436;1
154095;despesas_es_2024_completo_parte_02.csv;28813;0;0
154119;despesas_es_2024_completo_parte_02.csv;28837;0;0
154164;despesas_es_2024_completo_parte_02.csv;28882;0;0
154227;despesas_es_2024_completo_parte_02.csv;28945;0;0
154266;despesas_es_2024_completo_parte_02.csv;28984;0;0
154268;despesas_es_2024_completo_parte_02.csv;28986;0;0
154303;despesas_es_2024_completo_parte_02.csv;29021;0;0
154316;despesas_es_2024_completo_parte_02.csv;29034;0;0
154329;despesas_es_2024_completo_parte_02.csv;29047;0;0
154343;despesas_es_2024_completo_parte_02.csv;29061;0;0
154348;despesas_es_2024_completo_parte_02.csv;29066;0;0
154358;despesas_es_2024_completo_parte_02.csv;29076;0;0
154370;despesas_es_2024_completo_parte_02.csv;29088;10690;1
154602;despesas_es_2024_completo_parte_02.csv;29320;0;0
154692;despesas_es_2024_completo_parte_02.csv;29410;3930371;1
154700;despesas_es_2024_completo_parte_02.csv;29418;0;0
154906;despesas_es_2024_completo_parte_02.csv;29624;0;0
154908;despesas_es_2024_completo_parte_02.csv;29626;0;0
154984;despesas_es_2024_completo_parte_02.csv;29702;0;0
155382;despesas_es_2024_completo_parte_02.csv;30100;0;0
155460;despesas_es_2024_completo_parte_02.csv;30178;0;0
155520;despesas_es_2024_completo_parte_02.csv;30238;0;0
155547;despesas_es_2024_completo_parte_02.csv;30265;0;0
155571;despesas_es_2024_completo_parte_02.csv;30289;0;0
155580;despesas_es_2024_completo_parte_02.csv;30298;0;0
155621;despesas_es_2024_completo_parte_02.csv;30339;0;0
155732;despesas_es_2024_completo_parte_02.csv;30450;0;0
155918;despesas_es_2024_completo_parte_02.csv;30636;0;0
155928;despesas_es_2024_completo_parte_02.csv;30646;0;0
156031;despesas_es_2024_completo_parte_02.csv;30749;0;0
156160;despesas_es_2024_completo_parte_02.csv;30878;0;0
156386;despesas_es_2024_completo_parte_02.csv;31104;0;0
156484;despesas_es_2024_completo_parte_02.csv;31202;26703;1
156538;despesas_es_2024_completo_parte_02.csv;31256;84885;1
156604;despesas_es_2024_completo_parte_02.csv;31322;0;0
156619;despesas_es_2024_completo_parte_02.csv;31337;4848;1
156649;despesas_es_2024_completo_parte_02.csv;31367;0;0
156693;despesas_es_2024_completo_parte_02.csv;31411;0;0
156729;despesas_es_2024_completo_parte_02.csv;31447;73519;1
156735;despesas_es_2024_completo_parte_02.csv;31453;7123;1
156841;despesas_es_2024_completo_parte_02.csv;31559;1051050;1
156885;despesas_es_2024_completo_parte_02.csv;31603;0;0
156940;despesas_es_2024_completo_parte_02.csv;31658;0;0
157054;despesas_es_2024_completo_parte_02.csv;31772;0;0
157123;despesas_es_2024_completo_parte_02.csv;31841;450000;1
157200;despesas_es_2024_completo_parte_02.csv;31918;28494;1
157248;despesas_es_2024_completo_parte_02.csv;31966;0;0
157250;despesas_es_2024_completo_parte_02.csv;31968;0;0
157269;despesas_es_2024_completo_parte_02.csv;31987;0;0
157291;despesas_es_2024_completo_parte_02.csv;32009;0;0
157418;despesas_es_2024_completo_parte_02.csv;32136;8800;1
157526;despesas_es_2024_completo_parte_02.csv;32244;0;0
157540;despesas_es_2024_completo_parte_02.csv;32258;489536;1
157593;despesas_es_2024_completo_parte_02.csv;32311;155216;1
157603;despesas_es_2024_completo_parte_02.csv;32321;0;0
157659;despesas_es_2024_completo_parte_02.csv;32377;0;0
157682;despesas_es_2024_completo_parte_02.csv;32400;96800;1
157717;despesas_es_2024_completo_parte_02.csv;32435;67202;1
157753;despesas_es_2024_completo_parte_02.csv;32471;0;0
157978;despesas_es_2024_completo_parte_02.csv;32696;0;0
158007;despesas_es_2024_completo_parte_02.csv;32725;7000000;1
158020;despesas_es_2024_completo_parte_02.csv;32738;0;0
158134;despesas_es_2024_completo_parte_02.csv;32852;0;0
158284;despesas_es_2024_completo_parte_02.csv;33002;0;0
158292;despesas_es_2024_completo_parte_02.csv;33010;0;0
158299;despesas_es_2024_completo_parte_02.csv;33017;0;0
158385;despesas_es_2024_completo_parte_02.csv;33103;0;0
158436;despesas_es_2024_completo_parte_02.csv;33154;0;0
158463;despesas_es_2024_completo_parte_02.csv;33181;0;0
158546;despesas_es_2024_completo_parte_02.csv;33264;182907;1
158584;despesas_es_2024_completo_parte_02.csv;33302;2395;1
158591;despesas_es_2024_completo_parte_02.csv;33309;0;0
158598;despesas_es_2024_completo_parte_02.csv;33316;14760;1
158690;despesas_es_2024_completo_parte_02.csv;33408;0;0
158691;despesas_es_2024_completo_parte_02.csv;33409;0;0
158774;despesas_es_2024_completo_parte_02.csv;33492;35782;1
158800;despesas_es_2024_completo_parte_02.csv;33518;0;0
158856;despesas_es_2024_completo_parte_02.csv;33574;8800;1
158869;despesas_es_2024_completo_parte_02.csv;33587;0;0
158984;despesas_es_2024_completo_parte_02.csv;33702;0;0
159002;despesas_es_2024_completo_parte_02.csv;33720;0;0
159172;despesas_es_2024_completo_parte_02.csv;33890;0;0
159199;despesas_es_2024_completo_parte_02.csv;33917;0;0
159205;despesas_es_2024_completo_parte_02.csv;33923;0;0
159254;despesas_es_2024_completo_parte_02.csv;33972;120;1
159289;despesas_es_2024_completo_parte_02.csv;34007;0;0
159306;despesas_es_2024_completo_parte_02.csv;34024;0;0
159375;despesas_es_2024_completo_parte_02.csv;34093;769930;1
159403;despesas_es_2024_completo_parte_02.csv;34121;19997;1
159445;despesas_es_2024_completo_parte_02.csv;34163;0;0
159451;despesas_es_2024_completo_parte_02.csv;34169;0;0
159456;despesas_es_2024_completo_parte_02.csv;34174;0;0
159471;despesas_es_2024_completo_parte_02.csv;34189;0;0
159483;despesas_es_2024_completo_parte_02.csv;34201;0;0
159490;despesas_es_2024_completo_parte_02.csv;34208;0;0
159528;despesas_es_2024_completo_parte_02.csv;34246;0;0
159560;despesas_es_2024_completo_parte_02.csv;34278;0;0
159728;despesas_es_2024_completo_parte_02.csv;34446;0;0
159899;despesas_es_2024_completo_parte_02.csv;34617;0;0
159961;despesas_es_2024_completo_parte_02.csv;34679;0;0
160113;despesas_es_2024_completo_parte_02.csv;34831;0;0
160235;despesas_es_2024_completo_parte_02.csv;34953;212288;1
160243;despesas_es_2024_completo_parte_02.csv;34961;0;0
160272;despesas_es_2024_completo_parte_02.csv;34990;0;0
160351;despesas_es_2024_completo_parte_02.csv;35069;206120;1
160365;despesas_es_2024_completo_parte_02.csv;35083;665700;1
160403;despesas_es_2024_completo_parte_02.csv;35121;0;0
160425;despesas_es_2024_completo_parte_02.csv;35143;0;0
160514;despesas_es_2024_completo_parte_02.csv;35232;149340;1
160526;despesas_es_2024_completo_parte_02.csv;35244;263870;1
160538;despesas_es_2024_completo_parte_02.csv;35256;0;0
160647;despesas_es_2024_completo_parte_02.csv;35365;0;0
160724;despesas_es_2024_completo_parte_02.csv;35442;81391;1
160779;despesas_es_2024_completo_parte_02.csv;35497;2574;1
160852;despesas_es_2024_completo_parte_02.csv;35570;0;0
160930;despesas_es_2024_completo_parte_02.csv;35648;660832;1
161017;despesas_es_2024_completo_parte_02.csv;35735;0;0
161045;despesas_es_2024_completo_parte_02.csv;35763;351024;1
161155;despesas_es_2024_completo_parte_02.csv;35873;0;0
161183;despesas_es_2024_completo_parte_02.csv;35901;130882;1
161191;despesas_es_2024_completo_parte_02.csv;35909;268400;1
161288;despesas_es_2024_completo_parte_02.csv;36006;62837;1
161291;despesas_es_2024_completo_parte_02.csv;36009;-392307;0
161353;despesas_es_2024_completo_parte_02.csv;36071;0;0
161392;despesas_es_2024_completo_parte_02.csv;36110;0;0
161452;despesas_es_2024_completo_parte_02.csv;36170;0;0
161479;despesas_es_2024_completo_parte_02.csv;36197;-3432;0
161501;despesas_es_2024_completo_parte_02.csv;36219;120000;1
161502;despesas_es_2024_completo_parte_02.csv;36220;0;0
161629;despesas_es_2024_completo_parte_02.csv;36347;0;0
161714;despesas_es_2024_completo_parte_02.csv;36432;0;0
161798;despesas_es_2024_completo_parte_02.csv;36516;0;0
161943;despesas_es_2024_completo_parte_02.csv;36661;0;0
161957;despesas_es_2024_completo_parte_02.csv;36675;226033;1
162053;despesas_es_2024_completo_parte_02.csv;36771;0;0
162130;despesas_es_2024_completo_parte_02.csv;36848;0;0
162232;despesas_es_2024_completo_parte_02.csv;36950;0;0
162264;despesas_es_2024_completo_parte_02.csv;36982;40800;1
162283;despesas_es_2024_completo_parte_02.csv;37001;15760;1
162341;despesas_es_2024_completo_parte_02.csv;37059;0;0
162342;despesas_es_2024_completo_parte_02.csv;37060;0;0
162398;despesas_es_2024_completo_parte_02.csv;37116;0;0
162428;despesas_es_2024_completo_parte_02.csv;37146;0;0
162485;despesas_es_2024_completo_parte_02.csv;37203;755162;1
162512;despesas_es_2024_completo_parte_02.csv;37230;4992;1
162584;despesas_es_2024_completo_parte_02.csv;37302;0;0
162597;despesas_es_2024_completo_parte_02.csv;37315;482661;1
162647;despesas_es_2024_completo_parte_02.csv;37365;701309;1
162651;despesas_es_2024_completo_parte_02.csv;37369;8800;1
162699;despesas_es_2024_completo_parte_02.csv;37417;0;0
162731;despesas_es_2024_completo_parte_02.csv;37449;0;0
162736;despesas_es_2024_completo_parte_02.csv;37454;227772;1
162782;despesas_es_2024_completo_parte_02.csv;37500;0;0
162902;despesas_es_2024_completo_parte_02.csv;37620;0;0
162936;despesas_es_2024_completo_parte_02.csv;37654;0;0
162954;despesas_es_2024_completo_parte_02.csv;37672;0;0
162963;despesas_es_2024_completo_parte_02.csv;37681;0;0
163020;despesas_es_2024_completo_parte_02.csv;37738;9923;1
163027;despesas_es_2024_completo_parte_02.csv;37745;0;0
163103;despesas_es_2024_completo_parte_02.csv;37821;0;0
163143;despesas_es_2024_completo_parte_02.csv;37861;8800;1
163183;despesas_es_2024_completo_parte_02.csv;37901;8800;1
163194;despesas_es_2024_completo_parte_02.csv;37912;2250115;1
163251;despesas_es_2024_completo_parte_02.csv;37969;0;0
163271;despesas_es_2024_completo_parte_02.csv;37989;0;0
163288;despesas_es_2024_completo_parte_02.csv;38006;358587;1
163310;despesas_es_2024_completo_parte_02.csv;38028;186454;1
163334;despesas_es_2024_completo_parte_02.csv;38052;8800;1
163353;despesas_es_2024_completo_parte_02.csv;38071;78670;1
163394;despesas_es_2024_completo_parte_02.csv;38112;910;1
163414;despesas_es_2024_completo_parte_02.csv;38132;1207623;1
163474;despesas_es_2024_completo_parte_02.csv;38192;-14134;0
163488;despesas_es_2024_completo_parte_02.csv;38206;0;0
163512;despesas_es_2024_completo_parte_02.csv;38230;0;0
163655;despesas_es_2024_completo_parte_02.csv;38373;0;0
163692;despesas_es_2024_completo_parte_02.csv;38410;23543;1
163883;despesas_es_2024_completo_parte_02.csv;38601;375983;1
163961;despesas_es_2024_completo_parte_02.csv;38679;0;0
164089;despesas_es_2024_completo_parte_02.csv;38807;-956683;0
164107;despesas_es_2024_completo_parte_02.csv;38825;0;0
164208;despesas_es_2024_completo_parte_02.csv;38926;344973;1
164227;despesas_es_2024_completo_parte_02.csv;38945;0;0
164279;despesas_es_2024_completo_parte_02.csv;38997;446410;1
164297;despesas_es_2024_completo_parte_02.csv;39015;2077318;1
164433;despesas_es_2024_completo_parte_02.csv;39151;360000;1
164450;despesas_es_2024_completo_parte_02.csv;39168;3260;1
164516;despesas_es_2024_completo_parte_02.csv;39234;0;0
164648;despesas_es_2024_completo_parte_02.csv;39366;227512;1
164793;despesas_es_2024_completo_parte_02.csv;39511;52309;1
164848;despesas_es_2024_completo_parte_02.csv;39566;643993;1
164871;despesas_es_2024_completo_parte_02.csv;39589;0;0
164996;despesas_es_2024_completo_parte_02.csv;39714;328437;1
165015;despesas_es_2024_completo_parte_02.csv;39733;31197;1
165103;despesas_es_2024_completo_parte_02.csv;39821;241666;1
165117;despesas_es_2024_completo_parte_02.csv;39835;0;0
165201;despesas_es_2024_completo_parte_02.csv;39919;0;0
165228;despesas_es_2024_completo_parte_02.csv;39946;239737;1
165247;despesas_es_2024_completo_parte_02.csv;39965;2021079;1
165385;despesas_es_2024_completo_parte_02.csv;40103;0;0
165560;despesas_es_2024_completo_parte_02.csv;40278;0;0
165597;despesas_es_2024_completo_parte_02.csv;40315;0;0
165694;despesas_es_2024_completo_parte_02.csv;40412;7500;1
165733;despesas_es_2024_completo_parte_02.csv;40451;0;0
165742;despesas_es_2024_completo_parte_02.csv;40460;0;0
165843;despesas_es_2024_completo_parte_02.csv;40561;244162;1
165871;despesas_es_2024_completo_parte_02.csv;40589;0;0
165890;despesas_es_2024_completo_parte_02.csv;40608;0;0
165911;despesas_es_2024_completo_parte_02.csv;40629;323905;1
165914;despesas_es_2024_completo_parte_02.csv;40632;19440;1
165992;despesas_es_2024_completo_parte_02.csv;40710;394608;1
166090;despesas_es_2024_completo_parte_02.csv;40808;0;0
166125;despesas_es_2024_completo_parte_02.csv;40843;113240;1
166168;despesas_es_2024_completo_parte_02.csv;40886;0;0
166179;despesas_es_2024_completo_parte_02.csv;40897;0;0
166216;despesas_es_2024_completo_parte_02.csv;40934;1322391;1
166229;despesas_es_2024_completo_parte_02.csv;40947;0;0
166303;despesas_es_2024_completo_parte_02.csv;41021;0;0
166325;despesas_es_2024_completo_parte_02.csv;41043;0;0
166399;despesas_es_2024_completo_parte_02.csv;41117;0;0
166481;despesas_es_2024_completo_parte_02.csv;41199;0;0
166512;despesas_es_2024_completo_parte_02.csv;41230;958;1
166516;despesas_es_2024_completo_parte_02.csv;41234;5228144;1
166545;despesas_es_2024_completo_parte_02.csv;41263;1109;1
166565;despesas_es_2024_completo_parte_02.csv;41283;0;0
166610;despesas_es_2024_completo_parte_02.csv;41328;0;0
166677;despesas_es_2024_completo_parte_02.csv;41395;0;0
166749;despesas_es_2024_completo_parte_02.csv;41467;0;0
166788;despesas_es_2024_completo_parte_02.csv;41506;3046;1
166843;despesas_es_2024_completo_parte_02.csv;41561;0;0
166865;despesas_es_2024_completo_parte_02.csv;41583;0;0
166900;despesas_es_2024_completo_parte_02.csv;41618;1915746;1
166903;despesas_es_2024_completo_parte_02.csv;41621;5970;1
166922;despesas_es_2024_completo_parte_02.csv;41640;0;0
166926;despesas_es_2024_completo_parte_02.csv;41644;0;0
166987;despesas_es_2024_completo_parte_02.csv;41705;610192;1
166998;despesas_es_2024_completo_parte_02.csv;41716;0;0
167123;despesas_es_2024_completo_parte_02.csv;41841;0;0
167135;despesas_es_2024_completo_parte_02.csv;41853;0;0
167346;despesas_es_2024_completo_parte_02.csv;42064;0;0
167348;despesas_es_2024_completo_parte_02.csv;42066;0;0
167366;despesas_es_2024_completo_parte_02.csv;42084;1235146;1
167373;despesas_es_2024_completo_parte_02.csv;42091;236349;1
167379;despesas_es_2024_completo_parte_02.csv;42097;3608492;1
167513;despesas_es_2024_completo_parte_02.csv;42231;15760;1
167523;despesas_es_2024_completo_parte_02.csv;42241;403976;1
167612;despesas_es_2024_completo_parte_02.csv;42330;282187;1
167698;despesas_es_2024_completo_parte_02.csv;42416;0;0
167727;despesas_es_2024_completo_parte_02.csv;42445;0;0
167746;despesas_es_2024_completo_parte_02.csv;42464;0;0
167774;despesas_es_2024_completo_parte_02.csv;42492;520265;1
167934;despesas_es_2024_completo_parte_02.csv;42652;65885;1
167942;despesas_es_2024_completo_parte_02.csv;42660;2544014;1
167975;despesas_es_2024_completo_parte_02.csv;42693;9236;1
168222;despesas_es_2024_completo_parte_02.csv;42940;-132792;0
168303;despesas_es_2024_completo_parte_02.csv;43021;0;0
168431;despesas_es_2024_completo_parte_02.csv;43149;0;0
168442;despesas_es_2024_completo_parte_02.csv;43160;0;0
168533;despesas_es_2024_completo_parte_02.csv;43251;0;0
168616;despesas_es_2024_completo_parte_02.csv;43334;0;0
168662;despesas_es_2024_completo_parte_02.csv;43380;543840;1
168768;despesas_es_2024_completo_parte_02.csv;43486;0;0
168776;despesas_es_2024_completo_parte_02.csv;43494;0;0
168784;despesas_es_2024_completo_parte_02.csv;43502;0;0
168800;despesas_es_2024_completo_parte_02.csv;43518;0;0
168876;despesas_es_2024_completo_parte_02.csv;43594;0;0
168882;despesas_es_2024_completo_parte_02.csv;43600;148;1
168883;despesas_es_2024_completo_parte_02.csv;43601;33958810;1
168934;despesas_es_2024_completo_parte_02.csv;43652;0;0
168950;despesas_es_2024_completo_parte_02.csv;43668;0;0
169074;despesas_es_2024_completo_parte_02.csv;43792;550000;1
169148;despesas_es_2024_completo_parte_02.csv;43866;2269776;1
169228;despesas_es_2024_completo_parte_02.csv;43946;0;0
169236;despesas_es_2024_completo_parte_02.csv;43954;3834416;1
169327;despesas_es_2024_completo_parte_02.csv;44045;150000;1
169438;despesas_es_2024_completo_parte_02.csv;44156;0;0
169441;despesas_es_2024_completo_parte_02.csv;44159;0;0
169448;despesas_es_2024_completo_parte_02.csv;44166;0;0
169478;despesas_es_2024_completo_parte_02.csv;44196;108892;1
169493;despesas_es_2024_completo_parte_02.csv;44211;0;0
169512;despesas_es_2024_completo_parte_02.csv;44230;0;0
169663;despesas_es_2024_completo_parte_02.csv;44381;8800;1
169690;despesas_es_2024_completo_parte_02.csv;44408;1132320;1
169716;despesas_es_2024_completo_parte_02.csv;44434;0;0
169753;despesas_es_2024_completo_parte_02.csv;44471;8800;1
169762;despesas_es_2024_completo_parte_02.csv;44480;0;0
169767;despesas_es_2024_completo_parte_02.csv;44485;0;0
169781;despesas_es_2024_completo_parte_02.csv;44499;0;0
169792;despesas_es_2024_completo_parte_02.csv;44510;336208;1
169807;despesas_es_2024_completo_parte_02.csv;44525;0;0
169847;despesas_es_2024_completo_parte_02.csv;44565;0;0
169899;despesas_es_2024_completo_parte_02.csv;44617;0;0
169952;despesas_es_2024_completo_parte_02.csv;44670;0;0
169960;despesas_es_2024_completo_parte_02.csv;44678;0;0
170013;despesas_es_2024_completo_parte_02.csv;44731;0;0
170082;despesas_es_2024_completo_parte_02.csv;44800;0;0
170113;despesas_es_2024_completo_parte_02.csv;44831;0;0
170194;despesas_es_2024_completo_parte_02.csv;44912;0;0
170221;despesas_es_2024_completo_parte_02.csv;44939;0;0
170283;despesas_es_2024_completo_parte_02.csv;45001;216200;1
170303;despesas_es_2024_completo_parte_02.csv;45021;0;0
170322;despesas_es_2024_completo_parte_02.csv;45040;11077;1
170353;despesas_es_2024_completo_parte_02.csv;45071;43776;1
170468;despesas_es_2024_completo_parte_02.csv;45186;909075;1
170536;despesas_es_2024_completo_parte_02.csv;45254;0;0
170647;despesas_es_2024_completo_parte_02.csv;45365;0;0
170692;despesas_es_2024_completo_parte_02.csv;45410;0;0
170721;despesas_es_2024_completo_parte_02.csv;45439;163200;1
170725;despesas_es_2024_completo_parte_02.csv;45443;181443;1
170727;despesas_es_2024_completo_parte_02.csv;45445;6728939;1
170732;despesas_es_2024_completo_parte_02.csv;45450;0;0
170818;despesas_es_2024_completo_parte_02.csv;45536;0;0
170830;despesas_es_2024_completo_parte_02.csv;45548;0;0
170885;despesas_es_2024_completo_parte_02.csv;45603;0;0
170902;despesas_es_2024_completo_parte_02.csv;45620;0;0
171098;despesas_es_2024_completo_parte_02.csv;45816;0;0
171117;despesas_es_2024_completo_parte_02.csv;45835;0;0
171122;despesas_es_2024_completo_parte_02.csv;45840;0;0
171195;despesas_es_2024_completo_parte_02.csv;45913;0;0
171199;despesas_es_2024_completo_parte_02.csv;45917;0;0
171254;despesas_es_2024_completo_parte_02.csv;45972;0;0
171255;despesas_es_2024_completo_parte_02.csv;45973;0;0
171286;despesas_es_2024_completo_parte_02.csv;46004;0;0
171422;despesas_es_2024_completo_parte_02.csv;46140;180000;1
171497;despesas_es_2024_completo_parte_02.csv;46215;0;0
171499;despesas_es_2024_completo_parte_02.csv;46217;0;0
171504;despesas_es_2024_completo_parte_02.csv;46222;0;0
171570;despesas_es_2024_completo_parte_02.csv;46288;0;0
171731;despesas_es_2024_completo_parte_02.csv;46449;0;0
171740;despesas_es_2024_completo_parte_02.csv;46458;0;0
171757;despesas_es_2024_completo_parte_02.csv;46475;0;0
171792;despesas_es_2024_completo_parte_02.csv;46510;0;0
171824;despesas_es_2024_completo_parte_02.csv;46542;0;0
171836;despesas_es_2024_completo_parte_02.csv;46554;0;0
171846;despesas_es_2024_completo_parte_02.csv;46564;0;0
171888;despesas_es_2024_completo_parte_02.csv;46606;0;0
171894;despesas_es_2024_completo_parte_02.csv;46612;0;0
171975;despesas_es_2024_completo_parte_02.csv;46693;0;0
172208;despesas_es_2024_completo_parte_02.csv;46926;0;0
172214;despesas_es_2024_completo_parte_02.csv;46932;0;0
172276;despesas_es_2024_completo_parte_02.csv;46994;0;0
172304;despesas_es_2024_completo_parte_02.csv;47022;0;0
172327;despesas_es_2024_completo_parte_02.csv;47045;0;0
172381;despesas_es_2024_completo_parte_02.csv;47099;0;0
172387;despesas_es_2024_completo_parte_02.csv;47105;9139;1
172391;despesas_es_2024_completo_parte_02.csv;47109;0;0
172416;despesas_es_2024_completo_parte_02.csv;47134;26400;1
172433;despesas_es_2024_completo_parte_02.csv;47151;0;0
172498;despesas_es_2024_completo_parte_02.csv;47216;0;0
172547;despesas_es_2024_completo_parte_02.csv;47265;0;0
172548;despesas_es_2024_completo_parte_02.csv;47266;0;0
172651;despesas_es_2024_completo_parte_02.csv;47369;0;0
172799;despesas_es_2024_completo_parte_02.csv;47517;5612337;1
172827;despesas_es_2024_completo_parte_02.csv;47545;0;0
172959;despesas_es_2024_completo_parte_02.csv;47677;0;0
173070;despesas_es_2024_completo_parte_02.csv;47788;423238;1
173119;despesas_es_2024_completo_parte_02.csv;47837;178035;1
173141;despesas_es_2024_completo_parte_02.csv;47859;0;0
173191;despesas_es_2024_completo_parte_02.csv;47909;1983967;1
173221;despesas_es_2024_completo_parte_02.csv;47939;9626074;1
173286;despesas_es_2024_completo_parte_02.csv;48004;13375;1
173357;despesas_es_2024_completo_parte_02.csv;48075;34919;1
173449;despesas_es_2024_completo_parte_02.csv;48167;47259;1
173520;despesas_es_2024_completo_parte_02.csv;48238;6470;1
173607;despesas_es_2024_completo_parte_02.csv;48325;35687;1
173647;despesas_es_2024_completo_parte_02.csv;48365;0;0
173682;despesas_es_2024_completo_parte_02.csv;48400;0;0
173806;despesas_es_2024_completo_parte_02.csv;48524;0;0
173873;despesas_es_2024_completo_parte_02.csv;48591;0;0
173966;despesas_es_2024_completo_parte_02.csv;48684;0;0
173993;despesas_es_2024_completo_parte_02.csv;48711;0;0
174064;despesas_es_2024_completo_parte_02.csv;48782;324300;1
174080;despesas_es_2024_completo_parte_02.csv;48798;0;0
174086;despesas_es_2024_completo_parte_02.csv;48804;0;0
174194;despesas_es_2024_completo_parte_02.csv;48912;0;0
174255;despesas_es_2024_completo_parte_02.csv;48973;0;0
174382;despesas_es_2024_completo_parte_02.csv;49100;0;0
174456;despesas_es_2024_completo_parte_02.csv;49174;61;1
174515;despesas_es_2024_completo_parte_02.csv;49233;0;0
174532;despesas_es_2024_completo_parte_02.csv;49250;0;0
174579;despesas_es_2024_completo_parte_02.csv;49297;0;0
174620;despesas_es_2024_completo_parte_02.csv;49338;4269;1
174693;despesas_es_2024_completo_parte_02.csv;49411;23033;1
174828;despesas_es_2024_completo_parte_02.csv;49546;0;0
174890;despesas_es_2024_completo_parte_02.csv;49608;0;0
174927;despesas_es_2024_completo_parte_02.csv;49645;0;0
174995;despesas_es_2024_completo_parte_02.csv;49713;0;0
175019;despesas_es_2024_completo_parte_02.csv;49737;75390;1
175111;despesas_es_2024_completo_parte_02.csv;49829;0;0
175188;despesas_es_2024_completo_parte_02.csv;49906;0;0
175224;despesas_es_2024_completo_parte_02.csv;49942;20332;1
175380;despesas_es_2024_completo_parte_02.csv;50098;6797608;1
175414;despesas_es_2024_completo_parte_02.csv;50132;0;0
175426;despesas_es_2024_completo_parte_02.csv;50144;0;0
175523;despesas_es_2024_completo_parte_02.csv;50241;0;0
175555;despesas_es_2024_completo_parte_02.csv;50273;0;0
175662;despesas_es_2024_completo_parte_02.csv;50380;0;0
175714;despesas_es_2024_completo_parte_02.csv;50432;67200;1
175726;despesas_es_2024_completo_parte_02.csv;50444;0;0
175729;despesas_es_2024_completo_parte_02.csv;50447;211926;1
175738;despesas_es_2024_completo_parte_02.csv;50456;20000000;1
175763;despesas_es_2024_completo_parte_02.csv;50481;0;0
175771;despesas_es_2024_completo_parte_02.csv;50489;0;0
175773;despesas_es_2024_completo_parte_02.csv;50491;0;0
175819;despesas_es_2024_completo_parte_02.csv;50537;2989753;1
175845;despesas_es_2024_completo_parte_02.csv;50563;0;0
175900;despesas_es_2024_completo_parte_02.csv;50618;108922;1
175930;despesas_es_2024_completo_parte_02.csv;50648;32147;1
176116;despesas_es_2024_completo_parte_02.csv;50834;263468;1
176147;despesas_es_2024_completo_parte_02.csv;50865;0;0
176239;despesas_es_2024_completo_parte_02.csv;50957;0;0
176259;despesas_es_2024_completo_parte_02.csv;50977;0;0
176281;despesas_es_2024_completo_parte_02.csv;50999;0;0
176395;despesas_es_2024_completo_parte_02.csv;51113;0;0
176406;despesas_es_2024_completo_parte_02.csv;51124;286093;1
176423;despesas_es_2024_completo_parte_02.csv;51141;12012000;1
176448;despesas_es_2024_completo_parte_02.csv;51166;0;0
176490;despesas_es_2024_completo_parte_02.csv;51208;0;0
176523;despesas_es_2024_completo_parte_02.csv;51241;0;0
176527;despesas_es_2024_completo_parte_02.csv;51245;0;0
176549;despesas_es_2024_completo_parte_02.csv;51267;6165;1
176662;despesas_es_2024_completo_parte_02.csv;51380;0;0
176760;despesas_es_2024_completo_parte_02.csv;51478;0;0
176822;despesas_es_2024_completo_parte_02.csv;51540;0;0
176859;despesas_es_2024_completo_parte_02.csv;51577;0;0
177060;despesas_es_2024_completo_parte_02.csv;51778;0;0
177123;despesas_es_2024_completo_parte_02.csv;51841;0;0
177178;despesas_es_2024_completo_parte_02.csv;51896;0;0
177280;despesas_es_2024_completo_parte_02.csv;51998;85646;1
177293;despesas_es_2024_completo_parte_02.csv;52011;0;0
177346;despesas_es_2024_completo_parte_02.csv;52064;0;0
177380;despesas_es_2024_completo_parte_02.csv;52098;0;0
177386;despesas_es_2024_completo_parte_02.csv;52104;0;0
177486;despesas_es_2024_completo_parte_02.csv;52204;8800;1
177541;despesas_es_2024_completo_parte_02.csv;52259;0;0
177602;despesas_es_2024_completo_parte_02.csv;52320;0;0
177723;despesas_es_2024_completo_parte_02.csv;52441;0;0
177742;despesas_es_2024_completo_parte_02.csv;52460;250000;1
177784;despesas_es_2024_completo_parte_02.csv;52502;0;0
177804;despesas_es_2024_completo_parte_02.csv;52522;0;0
177815;despesas_es_2024_completo_parte_02.csv;52533;0;0
177867;despesas_es_2024_completo_parte_02.csv;52585;0;0
177876;despesas_es_2024_completo_parte_02.csv;52594;0;0
177878;despesas_es_2024_completo_parte_02.csv;52596;30800;1
177925;despesas_es_2024_completo_parte_02.csv;52643;0;0
178011;despesas_es_2024_completo_parte_02.csv;52729;66582;1
178018;despesas_es_2024_completo_parte_02.csv;52736;2443363;1
178033;despesas_es_2024_completo_parte_02.csv;52751;38014;1
178035;despesas_es_2024_completo_parte_02.csv;52753;42;1
178079;despesas_es_2024_completo_parte_02.csv;52797;0;0
178126;despesas_es_2024_completo_parte_02.csv;52844;4177377;1
178129;despesas_es_2024_completo_parte_02.csv;52847;151200;1
178147;despesas_es_2024_completo_parte_02.csv;52865;2976508;1
178212;despesas_es_2024_completo_parte_02.csv;52930;0;0
178252;despesas_es_2024_completo_parte_02.csv;52970;240582;1
178353;despesas_es_2024_completo_parte_02.csv;53071;1984920;1
178359;despesas_es_2024_completo_parte_02.csv;53077;19468600;1
178371;despesas_es_2024_completo_parte_02.csv;53089;0;0
178411;despesas_es_2024_completo_parte_02.csv;53129;3910;1
178425;despesas_es_2024_completo_parte_02.csv;53143;13370;1
178471;despesas_es_2024_completo_parte_02.csv;53189;78250;1
178543;despesas_es_2024_completo_parte_02.csv;53261;0;0
178593;despesas_es_2024_completo_parte_02.csv;53311;0;0
178605;despesas_es_2024_completo_parte_02.csv;53323;766573;1
178646;despesas_es_2024_completo_parte_02.csv;53364;1005220;1
178659;despesas_es_2024_completo_parte_02.csv;53377;0;0
178740;despesas_es_2024_completo_parte_02.csv;53458;0;0
178747;despesas_es_2024_completo_parte_02.csv;53465;0;0
178810;despesas_es_2024_completo_parte_02.csv;53528;2048789;1
178835;despesas_es_2024_completo_parte_02.csv;53553;137850;1
178963;despesas_es_2024_completo_parte_02.csv;53681;0;0
179037;despesas_es_2024_completo_parte_02.csv;53755;129631;1
179046;despesas_es_2024_completo_parte_02.csv;53764;529105;1
179151;despesas_es_2024_completo_parte_02.csv;53869;72082;1
179172;despesas_es_2024_completo_parte_02.csv;53890;0;0
179189;despesas_es_2024_completo_parte_02.csv;53907;2508290;1
179243;despesas_es_2024_completo_parte_02.csv;53961;96800;1
179280;despesas_es_2024_completo_parte_02.csv;53998;3297272;1
179520;despesas_es_2024_completo_parte_02.csv;54238;9096;1
179589;despesas_es_2024_completo_parte_02.csv;54307;328898;1
179596;despesas_es_2024_completo_parte_02.csv;54314;1234136;1
179605;despesas_es_2024_completo_parte_02.csv;54323;0;0
179696;despesas_es_2024_completo_parte_02.csv;54414;9183;1
179713;despesas_es_2024_completo_parte_02.csv;54431;35294;1
179717;despesas_es_2024_completo_parte_02.csv;54435;0;0
179755;despesas_es_2024_completo_parte_02.csv;54473;0;0
179769;despesas_es_2024_completo_parte_02.csv;54487;100000000;1
179875;despesas_es_2024_completo_parte_02.csv;54593;1668604;1
179938;despesas_es_2024_completo_parte_02.csv;54656;8800;1
179956;despesas_es_2024_completo_parte_02.csv;54674;0;0
180015;despesas_es_2024_completo_parte_02.csv;54733;0;0
180024;despesas_es_2024_completo_parte_02.csv;54742;0;0
180099;despesas_es_2024_completo_parte_02.csv;54817;0;0
180157;despesas_es_2024_completo_parte_02.csv;54875;0;0
180168;despesas_es_2024_completo_parte_02.csv;54886;0;0
180220;despesas_es_2024_completo_parte_02.csv;54938;67693;1
180237;despesas_es_2024_completo_parte_02.csv;54955;97800000;1
180274;despesas_es_2024_completo_parte_02.csv;54992;5040484;1
180306;despesas_es_2024_completo_parte_02.csv;55024;8800;1
180523;despesas_es_2024_completo_parte_02.csv;55241;229533;1
180679;despesas_es_2024_completo_parte_02.csv;55397;0;0
180764;despesas_es_2024_completo_parte_02.csv;55482;5643459;1
180883;despesas_es_2024_completo_parte_02.csv;55601;0;0
180887;despesas_es_2024_completo_parte_02.csv;55605;3317851;1
180977;despesas_es_2024_completo_parte_02.csv;55695;0;0
180993;despesas_es_2024_completo_parte_02.csv;55711;0;0
181021;despesas_es_2024_completo_parte_02.csv;55739;0;0
181035;despesas_es_2024_completo_parte_02.csv;55753;0;0
181120;despesas_es_2024_completo_parte_02.csv;55838;96800;1
181135;despesas_es_2024_completo_parte_02.csv;55853;144871;1
181142;despesas_es_2024_completo_parte_02.csv;55860;6482;1
181203;despesas_es_2024_completo_parte_02.csv;55921;2100671;1
181206;despesas_es_2024_completo_parte_02.csv;55924;1005220;1
181272;despesas_es_2024_completo_parte_02.csv;55990;146031;1
181352;despesas_es_2024_completo_parte_02.csv;56070;266530;1
181529;despesas_es_2024_completo_parte_02.csv;56247;0;0
181588;despesas_es_2024_completo_parte_02.csv;56306;550000;1
181594;despesas_es_2024_completo_parte_02.csv;56312;2820000;1
181801;despesas_es_2024_completo_parte_02.csv;56519;0;0
181805;despesas_es_2024_completo_parte_02.csv;56523;0;0
181824;despesas_es_2024_completo_parte_02.csv;56542;0;0
181852;despesas_es_2024_completo_parte_02.csv;56570;0;0
181928;despesas_es_2024_completo_parte_02.csv;56646;0;0
182011;despesas_es_2024_completo_parte_02.csv;56729;872768;1
182095;despesas_es_2024_completo_parte_02.csv;56813;184875;1
182187;despesas_es_2024_completo_parte_02.csv;56905;0;0
182193;despesas_es_2024_completo_parte_02.csv;56911;0;0
182197;despesas_es_2024_completo_parte_02.csv;56915;0;0
182246;despesas_es_2024_completo_parte_02.csv;56964;0;0
182518;despesas_es_2024_completo_parte_02.csv;57236;120056;1
182578;despesas_es_2024_completo_parte_02.csv;57296;1130272;1
182582;despesas_es_2024_completo_parte_02.csv;57300;30800;1
182584;despesas_es_2024_completo_parte_02.csv;57302;2285848;1
182688;despesas_es_2024_completo_parte_02.csv;57406;683626;1
182721;despesas_es_2024_completo_parte_02.csv;57439;0;0
182760;despesas_es_2024_completo_parte_02.csv;57478;500000;1
182879;despesas_es_2024_completo_parte_02.csv;57597;0;0
183011;despesas_es_2024_completo_parte_02.csv;57729;5600;1
183174;despesas_es_2024_completo_parte_02.csv;57892;5987;1
183210;despesas_es_2024_completo_parte_02.csv;57928;0;0
183283;despesas_es_2024_completo_parte_02.csv;58001;0;0
183363;despesas_es_2024_completo_parte_02.csv;58081;2432624;1
183372;despesas_es_2024_completo_parte_02.csv;58090;0;0
183424;despesas_es_2024_completo_parte_02.csv;58142;0;0
183432;despesas_es_2024_completo_parte_02.csv;58150;0;0
183464;despesas_es_2024_completo_parte_02.csv;58182;0;0
183609;despesas_es_2024_completo_parte_02.csv;58327;0;0
183651;despesas_es_2024_completo_parte_02.csv;58369;0;0
183815;despesas_es_2024_completo_parte_02.csv;58533;0;0
183856;despesas_es_2024_completo_parte_02.csv;58574;0;0
183905;despesas_es_2024_completo_parte_02.csv;58623;277876;1
183940;despesas_es_2024_completo_parte_02.csv;58658;642960;1
183968;despesas_es_2024_completo_parte_02.csv;58686;3778;1
183976;despesas_es_2024_completo_parte_02.csv;58694;0;0
184010;despesas_es_2024_completo_parte_02.csv;58728;0;0
184038;despesas_es_2024_completo_parte_02.csv;58756;553524;1
184067;despesas_es_2024_completo_parte_02.csv;58785;0;0
184128;despesas_es_2024_completo_parte_02.csv;58846;0;0
184153;despesas_es_2024_completo_parte_02.csv;58871;0;0
184180;despesas_es_2024_completo_parte_02.csv;58898;0;0
184204;despesas_es_2024_completo_parte_02.csv;58922;0;0
184205;despesas_es_2024_completo_parte_02.csv;58923;0;0
184244;despesas_es_2024_completo_parte_02.csv;58962;155689;1
184301;despesas_es_2024_completo_parte_02.csv;59019;30800;1
184324;despesas_es_2024_completo_parte_02.csv;59042;0;0
184328;despesas_es_2024_completo_parte_02.csv;59046;0;0
184332;despesas_es_2024_completo_parte_02.csv;59050;1046047;1
184534;despesas_es_2024_completo_parte_02.csv;59252;0;0
184643;despesas_es_2024_completo_parte_02.csv;59361;2135776;1
184704;despesas_es_2024_completo_parte_02.csv;59422;2460120;1
184886;despesas_es_2024_completo_parte_02.csv;59604;0;0
184928;despesas_es_2024_completo_parte_02.csv;59646;0;0
184951;despesas_es_2024_completo_parte_02.csv;59669;8358;1
185036;despesas_es_2024_completo_parte_02.csv;59754;0;0
185082;despesas_es_2024_completo_parte_02.csv;59800;0;0
185093;despesas_es_2024_completo_parte_02.csv;59811;0;0
185106;despesas_es_2024_completo_parte_02.csv;59824;8800;1
185163;despesas_es_2024_completo_parte_02.csv;59881;195368;1
185170;despesas_es_2024_completo_parte_02.csv;59888;450000;1
185187;despesas_es_2024_completo_parte_02.csv;59905;74800;1
185207;despesas_es_2024_completo_parte_02.csv;59925;0;0
185262;despesas_es_2024_completo_parte_02.csv;59980;0;0
185275;despesas_es_2024_completo_parte_02.csv;59993;0;0
185286;despesas_es_2024_completo_parte_02.csv;60004;0;0
185364;despesas_es_2024_completo_parte_02.csv;60082;0;0
185468;despesas_es_2024_completo_parte_02.csv;60186;507000;1
185489;despesas_es_2024_completo_parte_02.csv;60207;0;0
185511;despesas_es_2024_completo_parte_02.csv;60229;0;0
185538;despesas_es_2024_completo_parte_02.csv;60256;0;0
185556;despesas_es_2024_completo_parte_02.csv;60274;0;0
185557;despesas_es_2024_completo_parte_02.csv;60275;0;0
185591;despesas_es_2024_completo_parte_02.csv;60309;0;0
185633;despesas_es_2024_completo_parte_02.csv;60351;0;0
185680;despesas_es_2024_completo_parte_02.csv;60398;0;0
185689;despesas_es_2024_completo_parte_02.csv;60407;0;0
185722;despesas_es_2024_completo_parte_02.csv;60440;0;0
185732;despesas_es_2024_completo_parte_02.csv;60450;0;0
185740;despesas_es_2024_completo_parte_02.csv;60458;0;0
185781;despesas_es_2024_completo_parte_02.csv;60499;0;0
185828;despesas_es_2024_completo_parte_02.csv;60546;0;0
185890;despesas_es_2024_completo_parte_02.csv;60608;78406;1
185919;despesas_es_2024_completo_parte_02.csv;60637;0;0
186269;despesas_es_2024_completo_parte_02.csv;60987;158400;1
186271;despesas_es_2024_completo_parte_02.csv;60989;8800;1
186477;despesas_es_2024_completo_parte_02.csv;61195;0;0
186525;despesas_es_2024_completo_parte_02.csv;61243;0;0
186584;despesas_es_2024_completo_parte_02.csv;61302;0;0
186604;despesas_es_2024_completo_parte_02.csv;61322;9000;1
186661;despesas_es_2024_completo_parte_02.csv;61379;0;0
186837;despesas_es_2024_completo_parte_02.csv;61555;186873;1
186881;despesas_es_2024_completo_parte_02.csv;61599;36649680;1
186963;despesas_es_2024_completo_parte_02.csv;61681;88000;1
187004;despesas_es_2024_completo_parte_02.csv;61722;0;0
187023;despesas_es_2024_completo_parte_02.csv;61741;354550;1
187056;despesas_es_2024_completo_parte_02.csv;61774;435708;1
187068;despesas_es_2024_completo_parte_02.csv;61786;0;0
187093;despesas_es_2024_completo_parte_02.csv;61811;28690;1
187100;despesas_es_2024_completo_parte_02.csv;61818;0;0
187119;despesas_es_2024_completo_parte_02.csv;61837;0;0
187147;despesas_es_2024_completo_parte_02.csv;61865;0;0
187201;despesas_es_2024_completo_parte_02.csv;61919;0;0
187269;despesas_es_2024_completo_parte_02.csv;61987;99638;1
187329;despesas_es_2024_completo_parte_02.csv;62047;0;0
187405;despesas_es_2024_completo_parte_02.csv;62123;0;0
187418;despesas_es_2024_completo_parte_02.csv;62136;75200;1
187426;despesas_es_2024_completo_parte_02.csv;62144;34567;1
187544;despesas_es_2024_completo_parte_02.csv;62262;41354;1
187634;despesas_es_2024_completo_parte_02.csv;62352;-30800;0
187717;despesas_es_2024_completo_parte_02.csv;62435;0;0
187724;despesas_es_2024_completo_parte_02.csv;62442;0;0
187741;despesas_es_2024_completo_parte_02.csv;62459;0;0
187825;despesas_es_2024_completo_parte_02.csv;62543;0;0
187854;despesas_es_2024_completo_parte_02.csv;62572;0;0
187876;despesas_es_2024_completo_parte_02.csv;62594;52800;1
187924;despesas_es_2024_completo_parte_02.csv;62642;142580074;1
187930;despesas_es_2024_completo_parte_02.csv;62648;0;0
188155;despesas_es_2024_completo_parte_02.csv;62873;0;0
188180;despesas_es_2024_completo_parte_02.csv;62898;0;0
188268;despesas_es_2024_completo_parte_02.csv;62986;0;0
188289;despesas_es_2024_completo_parte_02.csv;63007;0;0
188305;despesas_es_2024_completo_parte_02.csv;63023;0;0
188334;despesas_es_2024_completo_parte_02.csv;63052;0;0
188410;despesas_es_2024_completo_parte_02.csv;63128;0;0
188426;despesas_es_2024_completo_parte_02.csv;63144;19868;1
188488;despesas_es_2024_completo_parte_02.csv;63206;0;0
188518;despesas_es_2024_completo_parte_02.csv;63236;0;0
188541;despesas_es_2024_completo_parte_02.csv;63259;203398;1
188760;despesas_es_2024_completo_parte_02.csv;63478;8800;1
188848;despesas_es_2024_completo_parte_02.csv;63566;1128744;1
188862;despesas_es_2024_completo_parte_02.csv;63580;0;0
188898;despesas_es_2024_completo_parte_02.csv;63616;8800;1
188910;despesas_es_2024_completo_parte_02.csv;63628;8800;1
188919;despesas_es_2024_completo_parte_02.csv;63637;5000000;1
188960;despesas_es_2024_completo_parte_02.csv;63678;0;0
189072;despesas_es_2024_completo_parte_02.csv;63790;0;0
189074;despesas_es_2024_completo_parte_02.csv;63792;599058;1
189089;despesas_es_2024_completo_parte_02.csv;63807;0;0
189182;despesas_es_2024_completo_parte_02.csv;63900;0;0
189192;despesas_es_2024_completo_parte_02.csv;63910;0;0
189228;despesas_es_2024_completo_parte_02.csv;63946;0;0
189242;despesas_es_2024_completo_parte_02.csv;63960;0;0
189272;despesas_es_2024_completo_parte_02.csv;63990;5748300;1
189288;despesas_es_2024_completo_parte_02.csv;64006;330000;1
189292;despesas_es_2024_completo_parte_02.csv;64010;92208;1
189309;despesas_es_2024_completo_parte_02.csv;64027;285000;1
189327;despesas_es_2024_completo_parte_02.csv;64045;158400;1
189328;despesas_es_2024_completo_parte_02.csv;64046;358182;1
189384;despesas_es_2024_completo_parte_02.csv;64102;108638;1
189392;despesas_es_2024_completo_parte_02.csv;64110;430696;1
189394;despesas_es_2024_completo_parte_02.csv;64112;147568;1
189434;despesas_es_2024_completo_parte_02.csv;64152;566507;1
189441;despesas_es_2024_completo_parte_02.csv;64159;11960400;1
189455;despesas_es_2024_completo_parte_02.csv;64173;75337;1
189501;despesas_es_2024_completo_parte_02.csv;64219;8800;1
189541;despesas_es_2024_completo_parte_02.csv;64259;0;0
189625;despesas_es_2024_completo_parte_02.csv;64343;0;0
189641;despesas_es_2024_completo_parte_02.csv;64359;9502;1
189702;despesas_es_2024_completo_parte_02.csv;64420;4140;1
189756;despesas_es_2024_completo_parte_02.csv;64474;9052344;1
189772;despesas_es_2024_completo_parte_02.csv;64490;0;0
189814;despesas_es_2024_completo_parte_02.csv;64532;0;0
189845;despesas_es_2024_completo_parte_02.csv;64563;0;0
189888;despesas_es_2024_completo_parte_02.csv;64606;0;0
189954;despesas_es_2024_completo_parte_02.csv;64672;0;0
190042;despesas_es_2024_completo_parte_02.csv;64760;0;0
190108;despesas_es_2024_completo_parte_02.csv;64826;0;0
190190;despesas_es_2024_completo_parte_02.csv;64908;0;0
190264;despesas_es_2024_completo_parte_02.csv;64982;0;0
190268;despesas_es_2024_completo_parte_02.csv;64986;0;0
190286;despesas_es_2024_completo_parte_02.csv;65004;0;0
190447;despesas_es_2024_completo_parte_02.csv;65165;8703;1
190473;despesas_es_2024_completo_parte_02.csv;65191;0;0
190485;despesas_es_2024_completo_parte_02.csv;65203;0;0
190488;despesas_es_2024_completo_parte_02.csv;65206;0;0
190518;despesas_es_2024_completo_parte_02.csv;65236;0;0
190538;despesas_es_2024_completo_parte_02.csv;65256;0;0
190561;despesas_es_2024_completo_parte_02.csv;65279;0;0
190584;despesas_es_2024_completo_parte_02.csv;65302;0;0
190664;despesas_es_2024_completo_parte_02.csv;65382;0;0
190708;despesas_es_2024_completo_parte_02.csv;65426;0;0
190714;despesas_es_2024_completo_parte_02.csv;65432;0;0
190724;despesas_es_2024_completo_parte_02.csv;65442;0;0
190884;despesas_es_2024_completo_parte_02.csv;65602;0;0
190954;despesas_es_2024_completo_parte_02.csv;65672;0;0
191049;despesas_es_2024_completo_parte_02.csv;65767;8800;1
191158;despesas_es_2024_completo_parte_02.csv;65876;7939833;1
191166;despesas_es_2024_completo_parte_02.csv;65884;32880;1
191212;despesas_es_2024_completo_parte_02.csv;65930;800688;1
191253;despesas_es_2024_completo_parte_02.csv;65971;0;0
191463;despesas_es_2024_completo_parte_02.csv;66181;200000;1
191587;despesas_es_2024_completo_parte_02.csv;66305;0;0
191595;despesas_es_2024_completo_parte_02.csv;66313;467;1
191645;despesas_es_2024_completo_parte_02.csv;66363;536308;1
191699;despesas_es_2024_completo_parte_02.csv;66417;36971;1
191738;despesas_es_2024_completo_parte_02.csv;66456;0;0
191744;despesas_es_2024_completo_parte_02.csv;66462;226392;1
191787;despesas_es_2024_completo_parte_02.csv;66505;0;0
191853;despesas_es_2024_completo_parte_02.csv;66571;0;0
191869;despesas_es_2024_completo_parte_02.csv;66587;0;0
191942;despesas_es_2024_completo_parte_02.csv;66660;0;0
192100;despesas_es_2024_completo_parte_02.csv;66818;0;0
192118;despesas_es_2024_completo_parte_02.csv;66836;0;0
192139;despesas_es_2024_completo_parte_02.csv;66857;494494;1
192296;despesas_es_2024_completo_parte_02.csv;67014;8800;1
192316;despesas_es_2024_completo_parte_02.csv;67034;0;0
192621;despesas_es_2024_completo_parte_02.csv;67339;14035;1
192651;despesas_es_2024_completo_parte_02.csv;67369;52800;1
192696;despesas_es_2024_completo_parte_02.csv;67414;70920;1
192853;despesas_es_2024_completo_parte_02.csv;67571;281980;1
192882;despesas_es_2024_completo_parte_02.csv;67600;45000;1
192890;despesas_es_2024_completo_parte_02.csv;67608;58193;1
192928;despesas_es_2024_completo_parte_02.csv;67646;30800;1
193031;despesas_es_2024_completo_parte_02.csv;67749;0;0
193157;despesas_es_2024_completo_parte_02.csv;67875;62508;1
193196;despesas_es_2024_completo_parte_02.csv;67914;153874;1
193268;despesas_es_2024_completo_parte_02.csv;67986;26400;1
193290;despesas_es_2024_completo_parte_02.csv;68008;117788;1
193337;despesas_es_2024_completo_parte_02.csv;68055;23027721;1
193347;despesas_es_2024_completo_parte_02.csv;68065;0;0
193364;despesas_es_2024_completo_parte_02.csv;68082;1176090;1
193398;despesas_es_2024_completo_parte_02.csv;68116;321248;1
193499;despesas_es_2024_completo_parte_02.csv;68217;0;0
193500;despesas_es_2024_completo_parte_02.csv;68218;0;0
193509;despesas_es_2024_completo_parte_02.csv;68227;0;0
193827;despesas_es_2024_completo_parte_02.csv;68545;0;0
193943;despesas_es_2024_completo_parte_02.csv;68661;699110;1
193954;despesas_es_2024_completo_parte_02.csv;68672;1749395;1
193976;despesas_es_2024_completo_parte_02.csv;68694;0;0
194063;despesas_es_2024_completo_parte_02.csv;68781;0;0
194073;despesas_es_2024_completo_parte_02.csv;68791;0;0
194229;despesas_es_2024_completo_parte_02.csv;68947;7851;1
194237;despesas_es_2024_completo_parte_02.csv;68955;1793785;1
194250;despesas_es_2024_completo_parte_02.csv;68968;0;0
194338;despesas_es_2024_completo_parte_02.csv;69056;0;0
194355;despesas_es_2024_completo_parte_02.csv;69073;0;0
194444;despesas_es_2024_completo_parte_02.csv;69162;0;0
194548;despesas_es_2024_completo_parte_02.csv;69266;74100;1
194628;despesas_es_2024_completo_parte_02.csv;69346;0;0
194773;despesas_es_2024_completo_parte_02.csv;69491;8800;1
194782;despesas_es_2024_completo_parte_02.csv;69500;0;0
194796;despesas_es_2024_completo_parte_02.csv;69514;52800;1
194805;despesas_es_2024_completo_parte_02.csv;69523;122400;1
194853;despesas_es_2024_completo_parte_02.csv;69571;132396;1
194967;despesas_es_2024_completo_parte_02.csv;69685;675464;1
194979;despesas_es_2024_completo_parte_02.csv;69697;0;0
195009;despesas_es_2024_completo_parte_02.csv;69727;0;0
195122;despesas_es_2024_completo_parte_02.csv;69840;0;0
195125;despesas_es_2024_completo_parte_02.csv;69843;0;0
195189;despesas_es_2024_completo_parte_02.csv;69907;0;0
195256;despesas_es_2024_completo_parte_02.csv;69974;175521;1
195268;despesas_es_2024_completo_parte_02.csv;69986;0;0
195274;despesas_es_2024_completo_parte_02.csv;69992;26943667;1
195325;despesas_es_2024_completo_parte_02.csv;70043;0;0
195352;despesas_es_2024_completo_parte_02.csv;70070;0;0
195444;despesas_es_2024_completo_parte_02.csv;70162;199189;1
195518;despesas_es_2024_completo_parte_02.csv;70236;0;0
195617;despesas_es_2024_completo_parte_02.csv;70335;0;0
195668;despesas_es_2024_completo_parte_02.csv;70386;0;0
195673;despesas_es_2024_completo_parte_02.csv;70391;0;0
195783;despesas_es_2024_completo_parte_02.csv;70501;5197020;1
195793;despesas_es_2024_completo_parte_02.csv;70511;0;0
195835;despesas_es_2024_completo_parte_02.csv;70553;1053856;1
195851;despesas_es_2024_completo_parte_02.csv;70569;0;0
195892;despesas_es_2024_completo_parte_02.csv;70610;0;0
195923;despesas_es_2024_completo_parte_02.csv;70641;0;0
195935;despesas_es_2024_completo_parte_02.csv;70653;0;0
195970;despesas_es_2024_completo_parte_02.csv;70688;1294878;1
195979;despesas_es_2024_completo_parte_02.csv;70697;48899216;1
196006;despesas_es_2024_completo_parte_02.csv;70724;0;0
196105;despesas_es_2024_completo_parte_02.csv;70823;486096;1
196127;despesas_es_2024_completo_parte_02.csv;70845;0;0
196393;despesas_es_2024_completo_parte_02.csv;71111;0;0
196427;despesas_es_2024_completo_parte_02.csv;71145;0;0
196554;despesas_es_2024_completo_parte_02.csv;71272;1440000;1
196626;despesas_es_2024_completo_parte_02.csv;71344;3402290;1
196657;despesas_es_2024_completo_parte_02.csv;71375;858444;1
196665;despesas_es_2024_completo_parte_02.csv;71383;24919512;1
196710;despesas_es_2024_completo_parte_02.csv;71428;307050;1
196717;despesas_es_2024_completo_parte_02.csv;71435;0;0
196777;despesas_es_2024_completo_parte_02.csv;71495;27200;1
196848;despesas_es_2024_completo_parte_02.csv;71566;15838075;1
196868;despesas_es_2024_completo_parte_02.csv;71586;30800;1
196897;despesas_es_2024_completo_parte_02.csv;71615;0;0
196925;despesas_es_2024_completo_parte_02.csv;71643;0;0
196928;despesas_es_2024_completo_parte_02.csv;71646;0;0
196957;despesas_es_2024_completo_parte_02.csv;71675;0;0
196969;despesas_es_2024_completo_parte_02.csv;71687;0;0
197034;despesas_es_2024_completo_parte_02.csv;71752;6643500;1
197157;despesas_es_2024_completo_parte_02.csv;71875;68404;1
197277;despesas_es_2024_completo_parte_02.csv;71995;0;0
197356;despesas_es_2024_completo_parte_02.csv;72074;2006;1
197397;despesas_es_2024_completo_parte_02.csv;72115;53;1
197401;despesas_es_2024_completo_parte_02.csv;72119;43947;1
197421;despesas_es_2024_completo_parte_02.csv;72139;0;0
197424;despesas_es_2024_completo_parte_02.csv;72142;0;0
197511;despesas_es_2024_completo_parte_02.csv;72229;0;0
197570;despesas_es_2024_completo_parte_02.csv;72288;0;0
197635;despesas_es_2024_completo_parte_02.csv;72353;3200000;1
197697;despesas_es_2024_completo_parte_02.csv;72415;0;0
197738;despesas_es_2024_completo_parte_02.csv;72456;28366613;1
197869;despesas_es_2024_completo_parte_02.csv;72587;30800;1
197937;despesas_es_2024_completo_parte_02.csv;72655;0;0
198017;despesas_es_2024_completo_parte_02.csv;72735;22000;1
198070;despesas_es_2024_completo_parte_02.csv;72788;0;0
198095;despesas_es_2024_completo_parte_02.csv;72813;8800;1
198099;despesas_es_2024_completo_parte_02.csv;72817;134069;1
198111;despesas_es_2024_completo_parte_02.csv;72829;0;0
198129;despesas_es_2024_completo_parte_02.csv;72847;0;0
198136;despesas_es_2024_completo_parte_02.csv;72854;0;0
198192;despesas_es_2024_completo_parte_02.csv;72910;0;0
198194;despesas_es_2024_completo_parte_02.csv;72912;0;0
198196;despesas_es_2024_completo_parte_02.csv;72914;0;0
198209;despesas_es_2024_completo_parte_02.csv;72927;0;0
198312;despesas_es_2024_completo_parte_02.csv;73030;0;0
198335;despesas_es_2024_completo_parte_02.csv;73053;64666;1
198340;despesas_es_2024_completo_parte_02.csv;73058;0;0
198360;despesas_es_2024_completo_parte_02.csv;73078;154762;1
198363;despesas_es_2024_completo_parte_02.csv;73081;8800;1
198476;despesas_es_2024_completo_parte_02.csv;73194;827;1
198558;despesas_es_2024_completo_parte_02.csv;73276;0;0
198560;despesas_es_2024_completo_parte_02.csv;73278;0;0
198618;despesas_es_2024_completo_parte_02.csv;73336;0;0
198658;despesas_es_2024_completo_parte_02.csv;73376;0;0
198858;despesas_es_2024_completo_parte_02.csv;73576;0;0
198966;despesas_es_2024_completo_parte_02.csv;73684;10714;1
199101;despesas_es_2024_completo_parte_02.csv;73819;468000;1
199117;despesas_es_2024_completo_parte_02.csv;73835;0;0
199127;despesas_es_2024_completo_parte_02.csv;73845;0;0
199150;despesas_es_2024_completo_parte_02.csv;73868;0;0
199154;despesas_es_2024_completo_parte_02.csv;73872;0;0
199202;despesas_es_2024_completo_parte_02.csv;73920;8800;1
199353;despesas_es_2024_completo_parte_02.csv;74071;8800;1
199478;despesas_es_2024_completo_parte_02.csv;74196;8800;1
199535;despesas_es_2024_completo_parte_02.csv;74253;0;0
199553;despesas_es_2024_completo_parte_02.csv;74271;553524;1
199573;despesas_es_2024_completo_parte_02.csv;74291;0;0
199574;despesas_es_2024_completo_parte_02.csv;74292;0;0
199601;despesas_es_2024_completo_parte_02.csv;74319;50163;1
199657;despesas_es_2024_completo_parte_02.csv;74375;87750;1
199871;despesas_es_2024_completo_parte_02.csv;74589;15712;1
199881;despesas_es_2024_completo_parte_02.csv;74599;1150026;1
199921;despesas_es_2024_completo_parte_02.csv;74639;183947;1
199923;despesas_es_2024_completo_parte_02.csv;74641;8800;1
199939;despesas_es_2024_completo_parte_02.csv;74657;0;0
200059;despesas_es_2024_completo_parte_02.csv;74777;0;0
200102;despesas_es_2024_completo_parte_02.csv;74820;196880;1
200116;despesas_es_2024_completo_parte_02.csv;74834;0;0
200200;despesas_es_2024_completo_parte_02.csv;74918;0;0
200271;despesas_es_2024_completo_parte_02.csv;74989;1142;1
200335;despesas_es_2024_completo_parte_02.csv;75053;14612685;1
200413;despesas_es_2024_completo_parte_02.csv;75131;834911;1
200417;despesas_es_2024_completo_parte_02.csv;75135;19988;1
200601;despesas_es_2024_completo_parte_02.csv;75319;0;0
200607;despesas_es_2024_completo_parte_02.csv;75325;357500;1
200663;despesas_es_2024_completo_parte_02.csv;75381;0;0
200702;despesas_es_2024_completo_parte_02.csv;75420;0;0
200731;despesas_es_2024_completo_parte_02.csv;75449;0;0
200930;despesas_es_2024_completo_parte_02.csv;75648;126763;1
200943;despesas_es_2024_completo_parte_02.csv;75661;0;0
200988;despesas_es_2024_completo_parte_02.csv;75706;22000;1
201066;despesas_es_2024_completo_parte_02.csv;75784;0;0
201097;despesas_es_2024_completo_parte_02.csv;75815;15500;1
201110;despesas_es_2024_completo_parte_02.csv;75828;0;0
201149;despesas_es_2024_completo_parte_02.csv;75867;0;0
201158;despesas_es_2024_completo_parte_02.csv;75876;0;0
201196;despesas_es_2024_completo_parte_02.csv;75914;0;0
201210;despesas_es_2024_completo_parte_02.csv;75928;0;0
201300;despesas_es_2024_completo_parte_02.csv;76018;5866556;1
201326;despesas_es_2024_completo_parte_02.csv;76044;0;0
201389;despesas_es_2024_completo_parte_02.csv;76107;0;0
201420;despesas_es_2024_completo_parte_02.csv;76138;0;0
201474;despesas_es_2024_completo_parte_02.csv;76192;0;0
201548;despesas_es_2024_completo_parte_02.csv;76266;0;0
201569;despesas_es_2024_completo_parte_02.csv;76287;157297;1
201667;despesas_es_2024_completo_parte_02.csv;76385;0;0
201681;despesas_es_2024_completo_parte_02.csv;76399;0;0
201701;despesas_es_2024_completo_parte_02.csv;76419;0;0
201705;despesas_es_2024_completo_parte_02.csv;76423;0;0
201804;despesas_es_2024_completo_parte_02.csv;76522;167085;1
201969;despesas_es_2024_completo_parte_02.csv;76687;0;0
201997;despesas_es_2024_completo_parte_02.csv;76715;0;0
202018;despesas_es_2024_completo_parte_02.csv;76736;0;0
202020;despesas_es_2024_completo_parte_02.csv;76738;0;0
202039;despesas_es_2024_completo_parte_02.csv;76757;790087;1
202109;despesas_es_2024_completo_parte_02.csv;76827;0;0
202126;despesas_es_2024_completo_parte_02.csv;76844;178373592;1
202143;despesas_es_2024_completo_parte_02.csv;76861;0;0
202186;despesas_es_2024_completo_parte_02.csv;76904;0;0
202284;despesas_es_2024_completo_parte_02.csv;77002;0;0
202309;despesas_es_2024_completo_parte_02.csv;77027;53648049;1
202315;despesas_es_2024_completo_parte_02.csv;77033;290625;1
202423;despesas_es_2024_completo_parte_02.csv;77141;741000;1
202483;despesas_es_2024_completo_parte_02.csv;77201;22000;1
202535;despesas_es_2024_completo_parte_02.csv;77253;0;0
202571;despesas_es_2024_completo_parte_02.csv;77289;359178;1
202593;despesas_es_2024_completo_parte_02.csv;77311;4163247;1
202594;despesas_es_2024_completo_parte_02.csv;77312;1914752;1
202612;despesas_es_2024_completo_parte_02.csv;77330;0;0
202663;despesas_es_2024_completo_parte_02.csv;77381;0;0
202770;despesas_es_2024_completo_parte_02.csv;77488;0;0
202773;despesas_es_2024_completo_parte_02.csv;77491;1520590;1
202873;despesas_es_2024_completo_parte_02.csv;77591;0;0
202940;despesas_es_2024_completo_parte_02.csv;77658;0;0
202952;despesas_es_2024_completo_parte_02.csv;77670;8800;1
203042;despesas_es_2024_completo_parte_02.csv;77760;-101694;0
203073;despesas_es_2024_completo_parte_02.csv;77791;-8800;0
203080;despesas_es_2024_completo_parte_02.csv;77798;-8800;0
203116;despesas_es_2024_completo_parte_02.csv;77834;-2738;0
203131;despesas_es_2024_completo_parte_02.csv;77849;-30000;0
203166;despesas_es_2024_completo_parte_02.csv;77884;0;0
203306;despesas_es_2024_completo_parte_02.csv;78024;0;0
203434;despesas_es_2024_completo_parte_02.csv;78152;-2691471;0
203463;despesas_es_2024_completo_parte_02.csv;78181;0;0
203562;despesas_es_2024_completo_parte_02.csv;78280;30800;1
203628;despesas_es_2024_completo_parte_02.csv;78346;0;0
203649;despesas_es_2024_completo_parte_02.csv;78367;-4290;0
203671;despesas_es_2024_completo_parte_02.csv;78389;0;0
203738;despesas_es_2024_completo_parte_02.csv;78456;-8800;0
203778;despesas_es_2024_completo_parte_02.csv;78496;0;0
203803;despesas_es_2024_completo_parte_02.csv;78521;-8800;0
203950;despesas_es_2024_completo_parte_02.csv;78668;-17160;0
204026;despesas_es_2024_completo_parte_02.csv;78744;0;0
204067;despesas_es_2024_completo_parte_02.csv;78785;0;0
204140;despesas_es_2024_completo_parte_02.csv;78858;0;0
204145;despesas_es_2024_completo_parte_02.csv;78863;0;0
204167;despesas_es_2024_completo_parte_02.csv;78885;-8800;0
204419;despesas_es_2024_completo_parte_02.csv;79137;-108618;0
204633;despesas_es_2024_completo_parte_02.csv;79351;0;0
204692;despesas_es_2024_completo_parte_02.csv;79410;0;0
204732;despesas_es_2024_completo_parte_02.csv;79450;8800;1
204774;despesas_es_2024_completo_parte_02.csv;79492;0;0
204832;despesas_es_2024_completo_parte_02.csv;79550;0;0
204845;despesas_es_2024_completo_parte_02.csv;79563;0;0
204894;despesas_es_2024_completo_parte_02.csv;79612;0;0
204907;despesas_es_2024_completo_parte_02.csv;79625;-262020;0
205007;despesas_es_2024_completo_parte_02.csv;79725;0;0
205037;despesas_es_2024_completo_parte_02.csv;79755;0;0
205109;despesas_es_2024_completo_parte_02.csv;79827;0;0
205135;despesas_es_2024_completo_parte_02.csv;79853;0;0
205215;despesas_es_2024_completo_parte_02.csv;79933;30800;1
205226;despesas_es_2024_completo_parte_02.csv;79944;6663635;1
205227;despesas_es_2024_completo_parte_02.csv;79945;4156669;1
205274;despesas_es_2024_completo_parte_02.csv;79992;642525;1
205462;despesas_es_2024_completo_parte_02.csv;80180;199186;1
205492;despesas_es_2024_completo_parte_02.csv;80210;2218;1
205546;despesas_es_2024_completo_parte_02.csv;80264;0;0
205591;despesas_es_2024_completo_parte_02.csv;80309;0;0
205631;despesas_es_2024_completo_parte_02.csv;80349;2332049;1
205774;despesas_es_2024_completo_parte_02.csv;80492;1643100;1
205791;despesas_es_2024_completo_parte_02.csv;80509;0;0
205833;despesas_es_2024_completo_parte_02.csv;80551;700000;1
205891;despesas_es_2024_completo_parte_02.csv;80609;0;0
205912;despesas_es_2024_completo_parte_02.csv;80630;549390;1
206045;despesas_es_2024_completo_parte_02.csv;80763;0;0
206122;despesas_es_2024_completo_parte_02.csv;80840;1379472;1
206209;despesas_es_2024_completo_parte_02.csv;80927;0;0
206373;despesas_es_2024_completo_parte_02.csv;81091;0;0
206374;despesas_es_2024_completo_parte_02.csv;81092;0;0
206392;despesas_es_2024_completo_parte_02.csv;81110;0;0
206429;despesas_es_2024_completo_parte_02.csv;81147;0;0
206445;despesas_es_2024_completo_parte_02.csv;81163;0;0
206501;despesas_es_2024_completo_parte_02.csv;81219;9279;1
206612;despesas_es_2024_completo_parte_02.csv;81330;1600000;1
206614;despesas_es_2024_completo_parte_02.csv;81332;1556170;1
206694;despesas_es_2024_completo_parte_02.csv;81412;0;0
206696;despesas_es_2024_completo_parte_02.csv;81414;0;0
206708;despesas_es_2024_completo_parte_02.csv;81426;0;0
206736;despesas_es_2024_completo_parte_02.csv;81454;0;0
206757;despesas_es_2024_completo_parte_02.csv;81475;0;0
206858;despesas_es_2024_completo_parte_02.csv;81576;0;0
206860;despesas_es_2024_completo_parte_02.csv;81578;0;0
206879;despesas_es_2024_completo_parte_02.csv;81597;0;0
206995;despesas_es_2024_completo_parte_02.csv;81713;2454013;1
207002;despesas_es_2024_completo_parte_02.csv;81720;2752837;1
207006;despesas_es_2024_completo_parte_02.csv;81724;30800;1
207019;despesas_es_2024_completo_parte_02.csv;81737;8800;1
207159;despesas_es_2024_completo_parte_02.csv;81877;0;0
207231;despesas_es_2024_completo_parte_02.csv;81949;3048;1
207309;despesas_es_2024_completo_parte_02.csv;82027;45224;1
207316;despesas_es_2024_completo_parte_02.csv;82034;0;0
207365;despesas_es_2024_completo_parte_02.csv;82083;0;0
207468;despesas_es_2024_completo_parte_02.csv;82186;39050;1
207641;despesas_es_2024_completo_parte_02.csv;82359;35560;1
207678;despesas_es_2024_completo_parte_02.csv;82396;943655;1
207783;despesas_es_2024_completo_parte_02.csv;82501;465847;1
207853;despesas_es_2024_completo_parte_02.csv;82571;0;0
207886;despesas_es_2024_completo_parte_02.csv;82604;0;0
207931;despesas_es_2024_completo_parte_02.csv;82649;82486;1
208141;despesas_es_2024_completo_parte_02.csv;82859;0;0
208323;despesas_es_2024_completo_parte_02.csv;83041;192017;1
208347;despesas_es_2024_completo_parte_02.csv;83065;0;0
208350;despesas_es_2024_completo_parte_02.csv;83068;293181;1
208401;despesas_es_2024_completo_parte_02.csv;83119;0;0
208434;despesas_es_2024_completo_parte_02.csv;83152;0;0
208510;despesas_es_2024_completo_parte_02.csv;83228;0;0
208615;despesas_es_2024_completo_parte_02.csv;83333;108638;1
208680;despesas_es_2024_completo_parte_02.csv;83398;0;0
208738;despesas_es_2024_completo_parte_02.csv;83456;123336;1
208906;despesas_es_2024_completo_parte_02.csv;83624;0;0
208971;despesas_es_2024_completo_parte_02.csv;83689;0;0
208994;despesas_es_2024_completo_parte_02.csv;83712;0;0
209011;despesas_es_2024_completo_parte_02.csv;83729;8800;1
209084;despesas_es_2024_completo_parte_02.csv;83802;33515;1
209193;despesas_es_2024_completo_parte_02.csv;83911;2425127;1
209208;despesas_es_2024_completo_parte_02.csv;83926;0;0
209246;despesas_es_2024_completo_parte_02.csv;83964;4290;1
209300;despesas_es_2024_completo_parte_02.csv;84018;74516;1
209449;despesas_es_2024_completo_parte_02.csv;84167;0;0
209590;despesas_es_2024_completo_parte_02.csv;84308;67333116;1
209610;despesas_es_2024_completo_parte_02.csv;84328;0;0
209623;despesas_es_2024_completo_parte_02.csv;84341;17282;1
209706;despesas_es_2024_completo_parte_02.csv;84424;0;0
209736;despesas_es_2024_completo_parte_02.csv;84454;335633;1
209740;despesas_es_2024_completo_parte_02.csv;84458;3420;1
209757;despesas_es_2024_completo_parte_02.csv;84475;342606;1
209772;despesas_es_2024_completo_parte_02.csv;84490;13590;1
209793;despesas_es_2024_completo_parte_02.csv;84511;1270888;1
209822;despesas_es_2024_completo_parte_02.csv;84540;0;0
209926;despesas_es_2024_completo_parte_02.csv;84644;0;0
209967;despesas_es_2024_completo_parte_02.csv;84685;0;0
210040;despesas_es_2024_completo_parte_02.csv;84758;0;0
210064;despesas_es_2024_completo_parte_02.csv;84782;162397;1
210065;despesas_es_2024_completo_parte_02.csv;84783;55915;1
210090;despesas_es_2024_completo_parte_02.csv;84808;142804;1
210123;despesas_es_2024_completo_parte_02.csv;84841;40223168;1
210184;despesas_es_2024_completo_parte_02.csv;84902;25627660;1
210197;despesas_es_2024_completo_parte_02.csv;84915;11236;1
210198;despesas_es_2024_completo_parte_02.csv;84916;97862832;1
210201;despesas_es_2024_completo_parte_02.csv;84919;0;0
210204;despesas_es_2024_completo_parte_02.csv;84922;0;0
210338;despesas_es_2024_completo_parte_02.csv;85056;0;0
210425;despesas_es_2024_completo_parte_02.csv;85143;1418915;1
210438;despesas_es_2024_completo_parte_02.csv;85156;1234562;1
210461;despesas_es_2024_completo_parte_02.csv;85179;0;0
210573;despesas_es_2024_completo_parte_02.csv;85291;552;1
210632;despesas_es_2024_completo_parte_02.csv;85350;30689;1
210699;despesas_es_2024_completo_parte_02.csv;85417;3264;1
210740;despesas_es_2024_completo_parte_02.csv;85458;401619;1
210744;despesas_es_2024_completo_parte_02.csv;85462;0;0
210745;despesas_es_2024_completo_parte_02.csv;85463;0;0
210748;despesas_es_2024_completo_parte_02.csv;85466;0;0
210803;despesas_es_2024_completo_parte_02.csv;85521;601837;1
210809;despesas_es_2024_completo_parte_02.csv;85527;173372;1
210868;despesas_es_2024_completo_parte_02.csv;85586;4355;1
210888;despesas_es_2024_completo_parte_02.csv;85606;2100;1
210904;despesas_es_2024_completo_parte_02.csv;85622;202953;1
210914;despesas_es_2024_completo_parte_02.csv;85632;940;1
210999;despesas_es_2024_completo_parte_02.csv;85717;0;0
211046;despesas_es_2024_completo_parte_02.csv;85764;706;1
211055;despesas_es_2024_completo_parte_02.csv;85773;0;0
211254;despesas_es_2024_completo_parte_02.csv;85972;266083;1
211270;despesas_es_2024_completo_parte_02.csv;85988;2046;1
211320;despesas_es_2024_completo_parte_02.csv;86038;3304;1
211473;despesas_es_2024_completo_parte_02.csv;86191;0;0
211506;despesas_es_2024_completo_parte_02.csv;86224;1417;1
211534;despesas_es_2024_completo_parte_02.csv;86252;-120000;0
211543;despesas_es_2024_completo_parte_02.csv;86261;2000000;1
211640;despesas_es_2024_completo_parte_02.csv;86358;2233370;1
211673;despesas_es_2024_completo_parte_02.csv;86391;-47685;0
211714;despesas_es_2024_completo_parte_02.csv;86432;0;0
211763;despesas_es_2024_completo_parte_02.csv;86481;179100;1
211809;despesas_es_2024_completo_parte_02.csv;86527;1617;1
211881;despesas_es_2024_completo_parte_02.csv;86599;0;0
211956;despesas_es_2024_completo_parte_02.csv;86674;7000000;1
212048;despesas_es_2024_completo_parte_02.csv;86766;471131;1
212083;despesas_es_2024_completo_parte_02.csv;86801;8800;1
212202;despesas_es_2024_completo_parte_02.csv;86920;0;0
212257;despesas_es_2024_completo_parte_02.csv;86975;0;0
212298;despesas_es_2024_completo_parte_02.csv;87016;31498;1
212332;despesas_es_2024_completo_parte_02.csv;87050;8800;1
212483;despesas_es_2024_completo_parte_02.csv;87201;0;0
212503;despesas_es_2024_completo_parte_02.csv;87221;0;0
212508;despesas_es_2024_completo_parte_02.csv;87226;248561;1
212547;despesas_es_2024_completo_parte_02.csv;87265;0;0
212637;despesas_es_2024_completo_parte_02.csv;87355;0;0
212666;despesas_es_2024_completo_parte_02.csv;87384;70412;1
212693;despesas_es_2024_completo_parte_02.csv;87411;13230;1
212729;despesas_es_2024_completo_parte_02.csv;87447;13917079;1
212746;despesas_es_2024_completo_parte_02.csv;87464;128196;1
212807;despesas_es_2024_completo_parte_02.csv;87525;0;0
212918;despesas_es_2024_completo_parte_02.csv;87636;935;1
212947;despesas_es_2024_completo_parte_02.csv;87665;677687;1
212989;despesas_es_2024_completo_parte_02.csv;87707;0;0
213240;despesas_es_2024_completo_parte_02.csv;87958;291065;1
213301;despesas_es_2024_completo_parte_02.csv;88019;3165;1
213332;despesas_es_2024_completo_parte_02.csv;88050;0;0
213344;despesas_es_2024_completo_parte_02.csv;88062;101173;1
213360;despesas_es_2024_completo_parte_02.csv;88078;402645;1
213373;despesas_es_2024_completo_parte_02.csv;88091;49063;1
213403;despesas_es_2024_completo_parte_02.csv;88121;879320;1
213461;despesas_es_2024_completo_parte_02.csv;88179;0;0
213469;despesas_es_2024_completo_parte_02.csv;88187;0;0
213542;despesas_es_2024_completo_parte_02.csv;88260;0;0
213764;despesas_es_2024_completo_parte_02.csv;88482;0;0
213790;despesas_es_2024_completo_parte_02.csv;88508;31471;1
213816;despesas_es_2024_completo_parte_02.csv;88534;74325;1
213820;despesas_es_2024_completo_parte_02.csv;88538;93900;1
213901;despesas_es_2024_completo_parte_02.csv;88619;0;0
213922;despesas_es_2024_completo_parte_02.csv;88640;8800;1
213984;despesas_es_2024_completo_parte_02.csv;88702;114180;1
214080;despesas_es_2024_completo_parte_02.csv;88798;0;0
214130;despesas_es_2024_completo_parte_02.csv;88848;226178;1
214153;despesas_es_2024_completo_parte_02.csv;88871;0;0
214222;despesas_es_2024_completo_parte_02.csv;88940;76307;1
214244;despesas_es_2024_completo_parte_02.csv;88962;0;0
214256;despesas_es_2024_completo_parte_02.csv;88974;0;0
214259;despesas_es_2024_completo_parte_02.csv;88977;0;0
214394;despesas_es_2024_completo_parte_02.csv;89112;0;0
214451;despesas_es_2024_completo_parte_02.csv;89169;69;1
214535;despesas_es_2024_completo_parte_02.csv;89253;3485;1
214575;despesas_es_2024_completo_parte_02.csv;89293;0;0
214603;despesas_es_2024_completo_parte_02.csv;89321;32040953;1
214633;despesas_es_2024_completo_parte_02.csv;89351;17922;1
214706;despesas_es_2024_completo_parte_02.csv;89424;154630;1
214794;despesas_es_2024_completo_parte_02.csv;89512;14925;1
214806;despesas_es_2024_completo_parte_02.csv;89524;0;0
214876;despesas_es_2024_completo_parte_02.csv;89594;285066;1
214878;despesas_es_2024_completo_parte_02.csv;89596;30888;1
214916;despesas_es_2024_completo_parte_02.csv;89634;1797;1
215005;despesas_es_2024_completo_parte_02.csv;89723;0;0
215168;despesas_es_2024_completo_parte_02.csv;89886;172611;1
215189;despesas_es_2024_completo_parte_02.csv;89907;216;1
215283;despesas_es_2024_completo_parte_02.csv;90001;0;0
215341;despesas_es_2024_completo_parte_02.csv;90059;0;0
215348;despesas_es_2024_completo_parte_02.csv;90066;9293;1
215376;despesas_es_2024_completo_parte_02.csv;90094;0;0
215408;despesas_es_2024_completo_parte_02.csv;90126;64690;1
215605;despesas_es_2024_completo_parte_02.csv;90323;0;0
215757;despesas_es_2024_completo_parte_02.csv;90475;2295055;1
215763;despesas_es_2024_completo_parte_02.csv;90481;3455;1
215767;despesas_es_2024_completo_parte_02.csv;90485;0;0
215792;despesas_es_2024_completo_parte_02.csv;90510;0;0
215879;despesas_es_2024_completo_parte_02.csv;90597;955402;1
215949;despesas_es_2024_completo_parte_02.csv;90667;8800;1
215960;despesas_es_2024_completo_parte_02.csv;90678;0;0
216081;despesas_es_2024_completo_parte_02.csv;90799;317573;1
216133;despesas_es_2024_completo_parte_02.csv;90851;0;0
216194;despesas_es_2024_completo_parte_02.csv;90912;0;0
216198;despesas_es_2024_completo_parte_02.csv;90916;15426;1
216200;despesas_es_2024_completo_parte_02.csv;90918;0;0
216226;despesas_es_2024_completo_parte_02.csv;90944;0;0
216241;despesas_es_2024_completo_parte_02.csv;90959;44412;1
216272;despesas_es_2024_completo_parte_02.csv;90990;0;0
216294;despesas_es_2024_completo_parte_02.csv;91012;30800;1
216299;despesas_es_2024_completo_parte_02.csv;91017;0;0
216300;despesas_es_2024_completo_parte_02.csv;91018;0;0
216355;despesas_es_2024_completo_parte_02.csv;91073;95793;1
216363;despesas_es_2024_completo_parte_02.csv;91081;0;0
216416;despesas_es_2024_completo_parte_02.csv;91134;0;0
216683;despesas_es_2024_completo_parte_02.csv;91401;0;0
216766;despesas_es_2024_completo_parte_02.csv;91484;718893;1
216824;despesas_es_2024_completo_parte_02.csv;91542;19912449;1
216861;despesas_es_2024_completo_parte_02.csv;91579;1388717;1
216886;despesas_es_2024_completo_parte_02.csv;91604;1714000;1
216939;despesas_es_2024_completo_parte_02.csv;91657;105105;1
216961;despesas_es_2024_completo_parte_02.csv;91679;3211101;1
216983;despesas_es_2024_completo_parte_02.csv;91701;96800;1
216985;despesas_es_2024_completo_parte_02.csv;91703;0;0
216992;despesas_es_2024_completo_parte_02.csv;91710;0;0
217001;despesas_es_2024_completo_parte_02.csv;91719;22000;1
217096;despesas_es_2024_completo_parte_02.csv;91814;77130;1
217098;despesas_es_2024_completo_parte_02.csv;91816;220000;1
217114;despesas_es_2024_completo_parte_02.csv;91832;0;0
217237;despesas_es_2024_completo_parte_02.csv;91955;0;0
217257;despesas_es_2024_completo_parte_02.csv;91975;0;0
217274;despesas_es_2024_completo_parte_02.csv;91992;0;0
217281;despesas_es_2024_completo_parte_02.csv;91999;0;0
217374;despesas_es_2024_completo_parte_02.csv;92092;224670;1
217403;despesas_es_2024_completo_parte_02.csv;92121;300000000;1
217463;despesas_es_2024_completo_parte_02.csv;92181;158454;1
217480;despesas_es_2024_completo_parte_02.csv;92198;0;0
217530;despesas_es_2024_completo_parte_02.csv;92248;360000;1
217538;despesas_es_2024_completo_parte_02.csv;92256;55912813;1
217603;despesas_es_2024_completo_parte_02.csv;92321;0;0
217612;despesas_es_2024_completo_parte_02.csv;92330;3039659;1
217737;despesas_es_2024_completo_parte_02.csv;92455;0;0
217746;despesas_es_2024_completo_parte_02.csv;92464;0;0
217798;despesas_es_2024_completo_parte_02.csv;92516;0;0
217850;despesas_es_2024_completo_parte_02.csv;92568;12360534;1
217853;despesas_es_2024_completo_parte_02.csv;92571;78742;1
217855;despesas_es_2024_completo_parte_02.csv;92573;0;0
217901;despesas_es_2024_completo_parte_02.csv;92619;2000000;1
218035;despesas_es_2024_completo_parte_02.csv;92753;627033;1
218037;despesas_es_2024_completo_parte_02.csv;92755;744396;1
218053;despesas_es_2024_completo_parte_02.csv;92771;8536320;1
218122;despesas_es_2024_completo_parte_02.csv;92840;0;0
218164;despesas_es_2024_completo_parte_02.csv;92882;0;0
218256;despesas_es_2024_completo_parte_02.csv;92974;0;0
218265;despesas_es_2024_completo_parte_02.csv;92983;0;0
218289;despesas_es_2024_completo_parte_02.csv;93007;0;0
218323;despesas_es_2024_completo_parte_02.csv;93041;168000;1
218403;despesas_es_2024_completo_parte_02.csv;93121;921693;1
218419;despesas_es_2024_completo_parte_02.csv;93137;0;0
218424;despesas_es_2024_completo_parte_02.csv;93142;0;0
218528;despesas_es_2024_completo_parte_02.csv;93246;52800;1
218686;despesas_es_2024_completo_parte_02.csv;93404;0;0
218746;despesas_es_2024_completo_parte_02.csv;93464;1020000;1
218760;despesas_es_2024_completo_parte_02.csv;93478;0;0
218790;despesas_es_2024_completo_parte_02.csv;93508;77971;1
218813;despesas_es_2024_completo_parte_02.csv;93531;0;0
218871;despesas_es_2024_completo_parte_02.csv;93589;0;0
218891;despesas_es_2024_completo_parte_02.csv;93609;0;0
218946;despesas_es_2024_completo_parte_02.csv;93664;0;0
219016;despesas_es_2024_completo_parte_02.csv;93734;0;0
219068;despesas_es_2024_completo_parte_02.csv;93786;50000;1
219325;despesas_es_2024_completo_parte_02.csv;94043;0;0
219374;despesas_es_2024_completo_parte_02.csv;94092;0;0
219375;despesas_es_2024_completo_parte_02.csv;94093;0;0
219383;despesas_es_2024_completo_parte_02.csv;94101;0;0
219399;despesas_es_2024_completo_parte_02.csv;94117;0;0
219434;despesas_es_2024_completo_parte_02.csv;94152;0;0
219493;despesas_es_2024_completo_parte_02.csv;94211;550000;1
219494;despesas_es_2024_completo_parte_02.csv;94212;0;0
219495;despesas_es_2024_completo_parte_02.csv;94213;0;0
219514;despesas_es_2024_completo_parte_02.csv;94232;63649752;1
219569;despesas_es_2024_completo_parte_02.csv;94287;368033;1
219594;despesas_es_2024_completo_parte_02.csv;94312;1161958;1
219621;despesas_es_2024_completo_parte_02.csv;94339;8800;1
219667;despesas_es_2024_completo_parte_02.csv;94385;0;0
219723;despesas_es_2024_completo_parte_02.csv;94441;0;0
219788;despesas_es_2024_completo_parte_02.csv;94506;0;0
219793;despesas_es_2024_completo_parte_02.csv;94511;0;0
219832;despesas_es_2024_completo_parte_02.csv;94550;0;0
219879;despesas_es_2024_completo_parte_02.csv;94597;0;0
220042;despesas_es_2024_completo_parte_02.csv;94760;0;0
220057;despesas_es_2024_completo_parte_02.csv;94775;0;0
220059;despesas_es_2024_completo_parte_02.csv;94777;0;0
220071;despesas_es_2024_completo_parte_02.csv;94789;0;0
220103;despesas_es_2024_completo_parte_02.csv;94821;0;0
220228;despesas_es_2024_completo_parte_02.csv;94946;0;0
220293;despesas_es_2024_completo_parte_02.csv;95011;0;0
220385;despesas_es_2024_completo_parte_02.csv;95103;0;0
220409;despesas_es_2024_completo_parte_02.csv;95127;0;0
220600;despesas_es_2024_completo_parte_02.csv;95318;0;0
220752;despesas_es_2024_completo_parte_02.csv;95470;0;0
220763;despesas_es_2024_completo_parte_02.csv;95481;39451;1
220768;despesas_es_2024_completo_parte_02.csv;95486;31382;1
220780;despesas_es_2024_completo_parte_02.csv;95498;52800;1
220817;despesas_es_2024_completo_parte_02.csv;95535;0;0
220850;despesas_es_2024_completo_parte_02.csv;95568;0;0
220912;despesas_es_2024_completo_parte_02.csv;95630;0;0
220936;despesas_es_2024_completo_parte_02.csv;95654;0;0
220980;despesas_es_2024_completo_parte_02.csv;95698;0;0
221016;despesas_es_2024_completo_parte_02.csv;95734;0;0
221063;despesas_es_2024_completo_parte_02.csv;95781;0;0
221125;despesas_es_2024_completo_parte_02.csv;95843;0;0
221148;despesas_es_2024_completo_parte_02.csv;95866;0;0
221160;despesas_es_2024_completo_parte_02.csv;95878;0;0
221449;despesas_es_2024_completo_parte_02.csv;96167;0;0
221549;despesas_es_2024_completo_parte_02.csv;96267;0;0
221589;despesas_es_2024_completo_parte_02.csv;96307;0;0
221674;despesas_es_2024_completo_parte_02.csv;96392;0;0
221719;despesas_es_2024_completo_parte_02.csv;96437;0;0
221798;despesas_es_2024_completo_parte_02.csv;96516;0;0
221819;despesas_es_2024_completo_parte_02.csv;96537;0;0
221971;despesas_es_2024_completo_parte_02.csv;96689;0;0
222023;despesas_es_2024_completo_parte_02.csv;96741;0;0
222045;despesas_es_2024_completo_parte_02.csv;96763;0;0
222110;despesas_es_2024_completo_parte_02.csv;96828;0;0
222151;despesas_es_2024_completo_parte_02.csv;96869;0;0
222168;despesas_es_2024_completo_parte_02.csv;96886;0;0
222190;despesas_es_2024_completo_parte_02.csv;96908;0;0
222202;despesas_es_2024_completo_parte_02.csv;96920;0;0
222352;despesas_es_2024_completo_parte_02.csv;97070;0;0
222384;despesas_es_2024_completo_parte_02.csv;97102;0;0
222400;despesas_es_2024_completo_parte_02.csv;97118;0;0
222406;despesas_es_2024_completo_parte_02.csv;97124;0;0
222462;despesas_es_2024_completo_parte_02.csv;97180;0;0
222490;despesas_es_2024_completo_parte_02.csv;97208;0;0
222520;despesas_es_2024_completo_parte_02.csv;97238;0;0
222859;despesas_es_2024_completo_parte_02.csv;97577;0;0
222863;despesas_es_2024_completo_parte_02.csv;97581;0;0
222880;despesas_es_2024_completo_parte_02.csv;97598;0;0
222981;despesas_es_2024_completo_parte_02.csv;97699;0;0
222982;despesas_es_2024_completo_parte_02.csv;97700;0;0
223055;despesas_es_2024_completo_parte_02.csv;97773;0;0
223058;despesas_es_2024_completo_parte_02.csv;97776;0;0
223098;despesas_es_2024_completo_parte_02.csv;97816;0;0
223112;despesas_es_2024_completo_parte_02.csv;97830;0;0
223194;despesas_es_2024_completo_parte_02.csv;97912;0;0
223197;despesas_es_2024_completo_parte_02.csv;97915;0;0
223242;despesas_es_2024_completo_parte_02.csv;97960;0;0
223329;despesas_es_2024_completo_parte_02.csv;98047;0;0
223490;despesas_es_2024_completo_parte_02.csv;98208;0;0
223493;despesas_es_2024_completo_parte_02.csv;98211;0;0
223505;despesas_es_2024_completo_parte_02.csv;98223;0;0
223567;despesas_es_2024_completo_parte_02.csv;98285;0;0
223588;despesas_es_2024_completo_parte_02.csv;98306;0;0
223717;despesas_es_2024_completo_parte_02.csv;98435;0;0
223752;despesas_es_2024_completo_parte_02.csv;98470;0;0
223770;despesas_es_2024_completo_parte_02.csv;98488;0;0
223787;despesas_es_2024_completo_parte_02.csv;98505;0;0
223824;despesas_es_2024_completo_parte_02.csv;98542;0;0
223898;despesas_es_2024_completo_parte_02.csv;98616;0;0
223931;despesas_es_2024_completo_parte_02.csv;98649;0;0
223934;despesas_es_2024_completo_parte_02.csv;98652;0;0
224013;despesas_es_2024_completo_parte_02.csv;98731;258187;1
224156;despesas_es_2024_completo_parte_02.csv;98874;0;0
224262;despesas_es_2024_completo_parte_02.csv;98980;0;0
224316;despesas_es_2024_completo_parte_02.csv;99034;0;0
224364;despesas_es_2024_completo_parte_02.csv;99082;0;0
224368;despesas_es_2024_completo_parte_02.csv;99086;0;0
224397;despesas_es_2024_completo_parte_02.csv;99115;0;0
224411;despesas_es_2024_completo_parte_02.csv;99129;0;0
224456;despesas_es_2024_completo_parte_02.csv;99174;32901;1
224481;despesas_es_2024_completo_parte_02.csv;99199;0;0
224486;despesas_es_2024_completo_parte_02.csv;99204;0;0
224501;despesas_es_2024_completo_parte_02.csv;99219;81132996;1
224508;despesas_es_2024_completo_parte_02.csv;99226;8800;1
224566;despesas_es_2024_completo_parte_02.csv;99284;180812;1
224589;despesas_es_2024_completo_parte_02.csv;99307;341713;1
224611;despesas_es_2024_completo_parte_02.csv;99329;6416;1
224677;despesas_es_2024_completo_parte_02.csv;99395;482661;1
224781;despesas_es_2024_completo_parte_02.csv;99499;422565;1
224811;despesas_es_2024_completo_parte_02.csv;99529;0;0
224859;despesas_es_2024_completo_parte_02.csv;99577;0;0
224860;despesas_es_2024_completo_parte_02.csv;99578;0;0
224866;despesas_es_2024_completo_parte_02.csv;99584;0;0
225004;despesas_es_2024_completo_parte_02.csv;99722;0;0
225030;despesas_es_2024_completo_parte_02.csv;99748;0;0
225142;despesas_es_2024_completo_parte_02.csv;99860;0;0
225149;despesas_es_2024_completo_parte_02.csv;99867;0;0
225212;despesas_es_2024_completo_parte_02.csv;99930;0;0
225219;despesas_es_2024_completo_parte_02.csv;99937;0;0
225221;despesas_es_2024_completo_parte_02.csv;99939;0;0
225333;despesas_es_2024_completo_parte_02.csv;100051;4509096442;1
225486;despesas_es_2024_completo_parte_02.csv;100204;0;0
225490;despesas_es_2024_completo_parte_02.csv;100208;0;0
225541;despesas_es_2024_completo_parte_02.csv;100259;0;0
225549;despesas_es_2024_completo_parte_02.csv;100267;0;0
225552;despesas_es_2024_completo_parte_02.csv;100270;0;0
225597;despesas_es_2024_completo_parte_02.csv;100315;0;0
225622;despesas_es_2024_completo_parte_02.csv;100340;0;0
225703;despesas_es_2024_completo_parte_02.csv;100421;0;0
225749;despesas_es_2024_completo_parte_02.csv;100467;1340282;1
225841;despesas_es_2024_completo_parte_02.csv;100559;0;0
225860;despesas_es_2024_completo_parte_02.csv;100578;0;0
225870;despesas_es_2024_completo_parte_02.csv;100588;0;0
225884;despesas_es_2024_completo_parte_02.csv;100602;0;0
225938;despesas_es_2024_completo_parte_02.csv;100656;0;0
225966;despesas_es_2024_completo_parte_02.csv;100684;0;0
226017;despesas_es_2024_completo_parte_02.csv;100735;0;0
226067;despesas_es_2024_completo_parte_02.csv;100785;0;0
226166;despesas_es_2024_completo_parte_02.csv;100884;0;0
226169;despesas_es_2024_completo_parte_02.csv;100887;0;0
226255;despesas_es_2024_completo_parte_02.csv;100973;133470;1
226265;despesas_es_2024_completo_parte_02.csv;100983;2563;1
226350;despesas_es_2024_completo_parte_02.csv;101068;0;0
226361;despesas_es_2024_completo_parte_02.csv;101079;0;0
226373;despesas_es_2024_completo_parte_02.csv;101091;0;0
226412;despesas_es_2024_completo_parte_02.csv;101130;0;0
226606;despesas_es_2024_completo_parte_02.csv;101324;0;0
226671;despesas_es_2024_completo_parte_02.csv;101389;0;0
226691;despesas_es_2024_completo_parte_02.csv;101409;0;0
226728;despesas_es_2024_completo_parte_02.csv;101446;0;0
226731;despesas_es_2024_completo_parte_02.csv;101449;0;0
226740;despesas_es_2024_completo_parte_02.csv;101458;0;0
226980;despesas_es_2024_completo_parte_02.csv;101698;0;0
227047;despesas_es_2024_completo_parte_02.csv;101765;0;0
227086;despesas_es_2024_completo_parte_02.csv;101804;0;0
227188;despesas_es_2024_completo_parte_02.csv;101906;0;0
227258;despesas_es_2024_completo_parte_02.csv;101976;0;0
227326;despesas_es_2024_completo_parte_02.csv;102044;0;0
227371;despesas_es_2024_completo_parte_02.csv;102089;0;0
227419;despesas_es_2024_completo_parte_02.csv;102137;0;0
227432;despesas_es_2024_completo_parte_02.csv;102150;0;0
227441;despesas_es_2024_completo_parte_02.csv;102159;0;0
227466;despesas_es_2024_completo_parte_02.csv;102184;0;0
227489;despesas_es_2024_completo_parte_02.csv;102207;2045150;1
227529;despesas_es_2024_completo_parte_02.csv;102247;0;0
227561;despesas_es_2024_completo_parte_02.csv;102279;104846;1
227613;despesas_es_2024_completo_parte_02.csv;102331;0;0
227690;despesas_es_2024_completo_parte_02.csv;102408;0;0
227701;despesas_es_2024_completo_parte_02.csv;102419;0;0
227702;despesas_es_2024_completo_parte_02.csv;102420;0;0
227719;despesas_es_2024_completo_parte_02.csv;102437;0;0
227879;despesas_es_2024_completo_parte_02.csv;102597;11422;1
227912;despesas_es_2024_completo_parte_02.csv;102630;0;0
227938;despesas_es_2024_completo_parte_02.csv;102656;0;0
227953;despesas_es_2024_completo_parte_02.csv;102671;0;0
227982;despesas_es_2024_completo_parte_02.csv;102700;0;0
228352;despesas_es_2024_completo_parte_02.csv;103070;56765;1
228394;despesas_es_2024_completo_parte_02.csv;103112;66957;1
228505;despesas_es_2024_completo_parte_02.csv;103223;0;0
228509;despesas_es_2024_completo_parte_02.csv;103227;0;0
228533;despesas_es_2024_completo_parte_02.csv;103251;0;0
228536;despesas_es_2024_completo_parte_02.csv;103254;0;0
228538;despesas_es_2024_completo_parte_02.csv;103256;0;0
228541;despesas_es_2024_completo_parte_02.csv;103259;0;0
228550;despesas_es_2024_completo_parte_02.csv;103268;0;0
228599;despesas_es_2024_completo_parte_02.csv;103317;0;0
228643;despesas_es_2024_completo_parte_02.csv;103361;200000;1
228735;despesas_es_2024_completo_parte_02.csv;103453;0;0
228751;despesas_es_2024_completo_parte_02.csv;103469;0;0
228783;despesas_es_2024_completo_parte_02.csv;103501;0;0
228829;despesas_es_2024_completo_parte_02.csv;103547;0;0
228909;despesas_es_2024_completo_parte_02.csv;103627;0;0
228984;despesas_es_2024_completo_parte_02.csv;103702;0;0
229044;despesas_es_2024_completo_parte_02.csv;103762;0;0
229072;despesas_es_2024_completo_parte_02.csv;103790;0;0
229099;despesas_es_2024_completo_parte_02.csv;103817;0;0
229136;despesas_es_2024_completo_parte_02.csv;103854;0;0
229170;despesas_es_2024_completo_parte_02.csv;103888;0;0
229208;despesas_es_2024_completo_parte_02.csv;103926;2280133;1
229248;despesas_es_2024_completo_parte_02.csv;103966;394000;1
229257;despesas_es_2024_completo_parte_02.csv;103975;-52800;0
229293;despesas_es_2024_completo_parte_02.csv;104011;628153;1
229348;despesas_es_2024_completo_parte_02.csv;104066;4972643;1
229432;despesas_es_2024_completo_parte_02.csv;104150;30800;1
229463;despesas_es_2024_completo_parte_02.csv;104181;0;0
229469;despesas_es_2024_completo_parte_02.csv;104187;0;0
229541;despesas_es_2024_completo_parte_02.csv;104259;0;0
229548;despesas_es_2024_completo_parte_02.csv;104266;0;0
229550;despesas_es_2024_completo_parte_02.csv;104268;0;0
229564;despesas_es_2024_completo_parte_02.csv;104282;0;0
229568;despesas_es_2024_completo_parte_02.csv;104286;0;0
229678;despesas_es_2024_completo_parte_02.csv;104396;0;0
229711;despesas_es_2024_completo_parte_02.csv;104429;0;0
229773;despesas_es_2024_completo_parte_02.csv;104491;0;0
229788;despesas_es_2024_completo_parte_02.csv;104506;0;0
229829;despesas_es_2024_completo_parte_02.csv;104547;0;0
229882;despesas_es_2024_completo_parte_02.csv;104600;845130;1
229988;despesas_es_2024_completo_parte_02.csv;104706;0;0
230012;despesas_es_2024_completo_parte_02.csv;104730;-1140566;0
230036;despesas_es_2024_completo_parte_02.csv;104754;9809;1
230050;despesas_es_2024_completo_parte_02.csv;104768;6864;1
230071;despesas_es_2024_completo_parte_02.csv;104789;0;0
230080;despesas_es_2024_completo_parte_02.csv;104798;0;0
230102;despesas_es_2024_completo_parte_02.csv;104820;0;0
230105;despesas_es_2024_completo_parte_02.csv;104823;0;0
230207;despesas_es_2024_completo_parte_02.csv;104925;0;0
230226;despesas_es_2024_completo_parte_02.csv;104944;0;0
230350;despesas_es_2024_completo_parte_02.csv;105068;0;0
230386;despesas_es_2024_completo_parte_02.csv;105104;0;0
230490;despesas_es_2024_completo_parte_02.csv;105208;0;0
230529;despesas_es_2024_completo_parte_02.csv;105247;0;0
230561;despesas_es_2024_completo_parte_02.csv;105279;0;0
230625;despesas_es_2024_completo_parte_02.csv;105343;0;0
230672;despesas_es_2024_completo_parte_02.csv;105390;0;0
230763;despesas_es_2024_completo_parte_02.csv;105481;0;0
230861;despesas_es_2024_completo_parte_02.csv;105579;0;0
230867;despesas_es_2024_completo_parte_02.csv;105585;0;0
230869;despesas_es_2024_completo_parte_02.csv;105587;0;0
230917;despesas_es_2024_completo_parte_02.csv;105635;31648;1
231028;despesas_es_2024_completo_parte_02.csv;105746;0;0
231215;despesas_es_2024_completo_parte_02.csv;105933;0;0
231230;despesas_es_2024_completo_parte_02.csv;105948;0;0
231240;despesas_es_2024_completo_parte_02.csv;105958;0;0
231396;despesas_es_2024_completo_parte_02.csv;106114;0;0
231473;despesas_es_2024_completo_parte_02.csv;106191;0;0
231486;despesas_es_2024_completo_parte_02.csv;106204;0;0
231487;despesas_es_2024_completo_parte_02.csv;106205;0;0
231506;despesas_es_2024_completo_parte_02.csv;106224;94;1
231516;despesas_es_2024_completo_parte_02.csv;106234;0;0
231531;despesas_es_2024_completo_parte_02.csv;106249;0;0
231573;despesas_es_2024_completo_parte_02.csv;106291;0;0
231609;despesas_es_2024_completo_parte_02.csv;106327;0;0
231637;despesas_es_2024_completo_parte_02.csv;106355;0;0
231725;despesas_es_2024_completo_parte_02.csv;106443;0;0
231738;despesas_es_2024_completo_parte_02.csv;106456;0;0
231769;despesas_es_2024_completo_parte_02.csv;106487;0;0
231838;despesas_es_2024_completo_parte_02.csv;106556;0;0
231955;despesas_es_2024_completo_parte_02.csv;106673;0;0
231969;despesas_es_2024_completo_parte_02.csv;106687;0;0
232088;despesas_es_2024_completo_parte_02.csv;106806;0;0
232117;despesas_es_2024_completo_parte_02.csv;106835;0;0
232204;despesas_es_2024_completo_parte_02.csv;106922;0;0
232271;despesas_es_2024_completo_parte_02.csv;106989;0;0
232367;despesas_es_2024_completo_parte_02.csv;107085;0;0
232390;despesas_es_2024_completo_parte_02.csv;107108;0;0
232448;despesas_es_2024_completo_parte_02.csv;107166;0;0
232550;despesas_es_2024_completo_parte_02.csv;107268;0;0
232586;despesas_es_2024_completo_parte_02.csv;107304;0;0
232636;despesas_es_2024_completo_parte_02.csv;107354;0;0
232724;despesas_es_2024_completo_parte_02.csv;107442;97818;1
232815;despesas_es_2024_completo_parte_02.csv;107533;0;0
232881;despesas_es_2024_completo_parte_02.csv;107599;0;0
232890;despesas_es_2024_completo_parte_02.csv;107608;0;0
232952;despesas_es_2024_completo_parte_02.csv;107670;0;0
232986;despesas_es_2024_completo_parte_02.csv;107704;390943;1
233109;despesas_es_2024_completo_parte_02.csv;107827;0;0
233135;despesas_es_2024_completo_parte_02.csv;107853;0;0
233187;despesas_es_2024_completo_parte_02.csv;107905;0;0
233211;despesas_es_2024_completo_parte_02.csv;107929;0;0
233235;despesas_es_2024_completo_parte_02.csv;107953;0;0
233437;despesas_es_2024_completo_parte_02.csv;108155;0;0
233463;despesas_es_2024_completo_parte_02.csv;108181;0;0
233476;despesas_es_2024_completo_parte_02.csv;108194;0;0
233562;despesas_es_2024_completo_parte_02.csv;108280;0;0
233665;despesas_es_2024_completo_parte_02.csv;108383;0;0
233674;despesas_es_2024_completo_parte_02.csv;108392;0;0
233748;despesas_es_2024_completo_parte_02.csv;108466;0;0
233897;despesas_es_2024_completo_parte_02.csv;108615;0;0
233908;despesas_es_2024_completo_parte_02.csv;108626;0;0
233932;despesas_es_2024_completo_parte_02.csv;108650;0;0
233967;despesas_es_2024_completo_parte_02.csv;108685;0;0
234124;despesas_es_2024_completo_parte_02.csv;108842;0;0
234206;despesas_es_2024_completo_parte_02.csv;108924;0;0
234241;despesas_es_2024_completo_parte_02.csv;108959;0;0
234249;despesas_es_2024_completo_parte_02.csv;108967;0;0
234416;despesas_es_2024_completo_parte_02.csv;109134;0;0
234489;despesas_es_2024_completo_parte_02.csv;109207;0;0
234620;despesas_es_2024_completo_parte_02.csv;109338;0;0
234652;despesas_es_2024_completo_parte_02.csv;109370;0;0
234658;despesas_es_2024_completo_parte_02.csv;109376;0;0
234682;despesas_es_2024_completo_parte_02.csv;109400;0;0
234796;despesas_es_2024_completo_parte_02.csv;109514;0;0
234832;despesas_es_2024_completo_parte_02.csv;109550;0;0
234860;despesas_es_2024_completo_parte_02.csv;109578;0;0
234874;despesas_es_2024_completo_parte_02.csv;109592;0;0
234948;despesas_es_2024_completo_parte_02.csv;109666;0;0
235020;despesas_es_2024_completo_parte_02.csv;109738;900000;1
235128;despesas_es_2024_completo_parte_02.csv;109846;0;0
235147;despesas_es_2024_completo_parte_02.csv;109865;0;0
235153;despesas_es_2024_completo_parte_02.csv;109871;0;0
235185;despesas_es_2024_completo_parte_02.csv;109903;0;0
235240;despesas_es_2024_completo_parte_02.csv;109958;0;0
235266;despesas_es_2024_completo_parte_02.csv;109984;0;0
235331;despesas_es_2024_completo_parte_02.csv;110049;0;0
235375;despesas_es_2024_completo_parte_02.csv;110093;0;0
235380;despesas_es_2024_completo_parte_02.csv;110098;0;0
235610;despesas_es_2024_completo_parte_02.csv;110328;0;0
235663;despesas_es_2024_completo_parte_02.csv;110381;381135;1
235705;despesas_es_2024_completo_parte_02.csv;110423;0;0
235764;despesas_es_2024_completo_parte_02.csv;110482;0;0
235851;despesas_es_2024_completo_parte_02.csv;110569;0;0
235864;despesas_es_2024_completo_parte_02.csv;110582;0;0
235887;despesas_es_2024_completo_parte_02.csv;110605;0;0
236002;despesas_es_2024_completo_parte_02.csv;110720;0;0
236038;despesas_es_2024_completo_parte_02.csv;110756;0;0
236045;despesas_es_2024_completo_parte_02.csv;110763;0;0
236101;despesas_es_2024_completo_parte_02.csv;110819;36571;1
236112;despesas_es_2024_completo_parte_02.csv;110830;0;0
236145;despesas_es_2024_completo_parte_02.csv;110863;0;0
236244;despesas_es_2024_completo_parte_02.csv;110962;0;0
236251;despesas_es_2024_completo_parte_02.csv;110969;0;0
236293;despesas_es_2024_completo_parte_02.csv;111011;0;0
236432;despesas_es_2024_completo_parte_02.csv;111150;0;0
236446;despesas_es_2024_completo_parte_02.csv;111164;0;0
236461;despesas_es_2024_completo_parte_02.csv;111179;0;0
236483;despesas_es_2024_completo_parte_02.csv;111201;22291;1
236567;despesas_es_2024_completo_parte_02.csv;111285;0;0
236790;despesas_es_2024_completo_parte_02.csv;111508;3744;1
236814;despesas_es_2024_completo_parte_02.csv;111532;1060072;1
236824;despesas_es_2024_completo_parte_02.csv;111542;0;0
236847;despesas_es_2024_completo_parte_02.csv;111565;0;0
236954;despesas_es_2024_completo_parte_02.csv;111672;0;0
236995;despesas_es_2024_completo_parte_02.csv;111713;0;0
237061;despesas_es_2024_completo_parte_02.csv;111779;0;0
237097;despesas_es_2024_completo_parte_02.csv;111815;0;0
237121;despesas_es_2024_completo_parte_02.csv;111839;64438;1
237151;despesas_es_2024_completo_parte_02.csv;111869;0;0
237364;despesas_es_2024_completo_parte_02.csv;112082;0;0
237392;despesas_es_2024_completo_parte_02.csv;112110;0;0
237426;despesas_es_2024_completo_parte_02.csv;112144;0;0
237478;despesas_es_2024_completo_parte_02.csv;112196;0;0
237549;despesas_es_2024_completo_parte_02.csv;112267;0;0
237555;despesas_es_2024_completo_parte_02.csv;112273;0;0
237707;despesas_es_2024_completo_parte_02.csv;112425;601465;1
237740;despesas_es_2024_completo_parte_02.csv;112458;624879;1
237823;despesas_es_2024_completo_parte_02.csv;112541;0;0
237828;despesas_es_2024_completo_parte_02.csv;112546;15525;1
237855;despesas_es_2024_completo_parte_02.csv;112573;15941;1
237968;despesas_es_2024_completo_parte_02.csv;112686;142453;1
237989;despesas_es_2024_completo_parte_02.csv;112707;0;0
238001;despesas_es_2024_completo_parte_02.csv;112719;0;0
238055;despesas_es_2024_completo_parte_02.csv;112773;0;0
238061;despesas_es_2024_completo_parte_02.csv;112779;0;0
238197;despesas_es_2024_completo_parte_02.csv;112915;297053;1
238201;despesas_es_2024_completo_parte_02.csv;112919;301410;1
238230;despesas_es_2024_completo_parte_02.csv;112948;25552;1
238238;despesas_es_2024_completo_parte_02.csv;112956;294109;1
238352;despesas_es_2024_completo_parte_02.csv;113070;0;0
238587;despesas_es_2024_completo_parte_02.csv;113305;310;1
238724;despesas_es_2024_completo_parte_02.csv;113442;0;0
238747;despesas_es_2024_completo_parte_02.csv;113465;0;0
238885;despesas_es_2024_completo_parte_02.csv;113603;1021876;1
238906;despesas_es_2024_completo_parte_02.csv;113624;357418;1
238932;despesas_es_2024_completo_parte_02.csv;113650;77921;1
238943;despesas_es_2024_completo_parte_02.csv;113661;7721;1
239018;despesas_es_2024_completo_parte_02.csv;113736;356889;1
239150;despesas_es_2024_completo_parte_02.csv;113868;1184413;1
239162;despesas_es_2024_completo_parte_02.csv;113880;386823;1
239239;despesas_es_2024_completo_parte_02.csv;113957;4805240;1
239277;despesas_es_2024_completo_parte_02.csv;113995;0;0
239281;despesas_es_2024_completo_parte_02.csv;113999;0;0
239493;despesas_es_2024_completo_parte_02.csv;114211;499274;1
239514;despesas_es_2024_completo_parte_02.csv;114232;434789;1
239670;despesas_es_2024_completo_parte_02.csv;114388;0;0
239705;despesas_es_2024_completo_parte_02.csv;114423;-409817;0
239730;despesas_es_2024_completo_parte_02.csv;114448;-235101;0
239731;despesas_es_2024_completo_parte_02.csv;114449;-378616;0
239747;despesas_es_2024_completo_parte_02.csv;114465;-371192;0
239812;despesas_es_2024_completo_parte_02.csv;114530;748198;1
239816;despesas_es_2024_completo_parte_02.csv;114534;-421296;0
239834;despesas_es_2024_completo_parte_02.csv;114552;-339789;0
239970;despesas_es_2024_completo_parte_02.csv;114688;0;0
239973;despesas_es_2024_completo_parte_02.csv;114691;0;0
239978;despesas_es_2024_completo_parte_02.csv;114696;0;0
240001;despesas_es_2024_completo_parte_02.csv;114719;1005883;1
240111;despesas_es_2024_completo_parte_02.csv;114829;0;0
240239;despesas_es_2024_completo_parte_02.csv;114957;0;0
240278;despesas_es_2024_completo_parte_02.csv;114996;0;0
240345;despesas_es_2024_completo_parte_02.csv;115063;1893187;1
240360;despesas_es_2024_completo_parte_02.csv;115078;0;0
240390;despesas_es_2024_completo_parte_02.csv;115108;0;0
240394;despesas_es_2024_completo_parte_02.csv;115112;6246786;1
240498;despesas_es_2024_completo_parte_02.csv;115216;0;0
240519;despesas_es_2024_completo_parte_02.csv;115237;8800;1
240625;despesas_es_2024_completo_parte_02.csv;115343;136130;1
240668;despesas_es_2024_completo_parte_02.csv;115386;0;0
240764;despesas_es_2024_completo_parte_02.csv;115482;168000;1
240768;despesas_es_2024_completo_parte_02.csv;115486;0;0
240833;despesas_es_2024_completo_parte_02.csv;115551;5468046;1
240864;despesas_es_2024_completo_parte_02.csv;115582;0;0
240937;despesas_es_2024_completo_parte_02.csv;115655;0;0
240947;despesas_es_2024_completo_parte_02.csv;115665;0;0
240986;despesas_es_2024_completo_parte_02.csv;115704;0;0
241025;despesas_es_2024_completo_parte_02.csv;115743;0;0
241071;despesas_es_2024_completo_parte_02.csv;115789;0;0
241143;despesas_es_2024_completo_parte_02.csv;115861;0;0
241216;despesas_es_2024_completo_parte_02.csv;115934;1463229;1
241320;despesas_es_2024_completo_parte_02.csv;116038;179177;1
241346;despesas_es_2024_completo_parte_02.csv;116064;0;0
241353;despesas_es_2024_completo_parte_02.csv;116071;0;0
241384;despesas_es_2024_completo_parte_02.csv;116102;1478978;1
241399;despesas_es_2024_completo_parte_02.csv;116117;444680;1
241466;despesas_es_2024_completo_parte_02.csv;116184;379420;1
241469;despesas_es_2024_completo_parte_02.csv;116187;0;0
241511;despesas_es_2024_completo_parte_02.csv;116229;1673909;1
241548;despesas_es_2024_completo_parte_02.csv;116266;0;0
241612;despesas_es_2024_completo_parte_02.csv;116330;8800;1
241662;despesas_es_2024_completo_parte_02.csv;116380;0;0
241684;despesas_es_2024_completo_parte_02.csv;116402;0;0
241756;despesas_es_2024_completo_parte_02.csv;116474;1012700;1
241784;despesas_es_2024_completo_parte_02.csv;116502;29103;1
241802;despesas_es_2024_completo_parte_02.csv;116520;0;0
241818;despesas_es_2024_completo_parte_02.csv;116536;0;0
241863;despesas_es_2024_completo_parte_02.csv;116581;0;0
241869;despesas_es_2024_completo_parte_02.csv;116587;0;0
241926;despesas_es_2024_completo_parte_02.csv;116644;0;0
241978;despesas_es_2024_completo_parte_02.csv;116696;8800;1
242139;despesas_es_2024_completo_parte_02.csv;116857;1740000;1
242189;despesas_es_2024_completo_parte_02.csv;116907;0;0
242205;despesas_es_2024_completo_parte_02.csv;116923;0;0
242226;despesas_es_2024_completo_parte_02.csv;116944;1988692;1
242293;despesas_es_2024_completo_parte_02.csv;117011;0;0
242431;despesas_es_2024_completo_parte_02.csv;117149;0;0
242473;despesas_es_2024_completo_parte_02.csv;117191;0;0
242484;despesas_es_2024_completo_parte_02.csv;117202;165440;1
242502;despesas_es_2024_completo_parte_02.csv;117220;408408;1
242511;despesas_es_2024_completo_parte_02.csv;117229;0;0
242651;despesas_es_2024_completo_parte_02.csv;117369;0;0
242727;despesas_es_2024_completo_parte_02.csv;117445;716300;1
242733;despesas_es_2024_completo_parte_02.csv;117451;0;0
242747;despesas_es_2024_completo_parte_02.csv;117465;30800;1
242874;despesas_es_2024_completo_parte_02.csv;117592;180000;1
242886;despesas_es_2024_completo_parte_02.csv;117604;110320;1
242889;despesas_es_2024_completo_parte_02.csv;117607;3645720;1
242896;despesas_es_2024_completo_parte_02.csv;117614;0;0
242901;despesas_es_2024_completo_parte_02.csv;117619;411840;1
242939;despesas_es_2024_completo_parte_02.csv;117657;4595707;1
243036;despesas_es_2024_completo_parte_02.csv;117754;177489;1
243075;despesas_es_2024_completo_parte_02.csv;117793;24667;1
243203;despesas_es_2024_completo_parte_02.csv;117921;147400;1
243210;despesas_es_2024_completo_parte_02.csv;117928;8800;1
243258;despesas_es_2024_completo_parte_02.csv;117976;0;0
243409;despesas_es_2024_completo_parte_02.csv;118127;3990330;1
243432;despesas_es_2024_completo_parte_02.csv;118150;129238;1
243461;despesas_es_2024_completo_parte_02.csv;118179;0;0
243482;despesas_es_2024_completo_parte_02.csv;118200;0;0
243497;despesas_es_2024_completo_parte_02.csv;118215;30800;1
243549;despesas_es_2024_completo_parte_02.csv;118267;29315;1
243594;despesas_es_2024_completo_parte_02.csv;118312;87999;1
243630;despesas_es_2024_completo_parte_02.csv;118348;523875;1
243638;despesas_es_2024_completo_parte_02.csv;118356;0;0
243735;despesas_es_2024_completo_parte_02.csv;118453;0;0
243774;despesas_es_2024_completo_parte_02.csv;118492;2759281;1
243818;despesas_es_2024_completo_parte_02.csv;118536;0;0
243834;despesas_es_2024_completo_parte_02.csv;118552;15073;1
243853;despesas_es_2024_completo_parte_02.csv;118571;0;0
243900;despesas_es_2024_completo_parte_02.csv;118618;0;0
244027;despesas_es_2024_completo_parte_02.csv;118745;0;0
244107;despesas_es_2024_completo_parte_02.csv;118825;0;0
244257;despesas_es_2024_completo_parte_02.csv;118975;8000;1
244375;despesas_es_2024_completo_parte_02.csv;119093;0;0
244451;despesas_es_2024_completo_parte_02.csv;119169;0;0
244460;despesas_es_2024_completo_parte_02.csv;119178;0;0
244570;despesas_es_2024_completo_parte_02.csv;119288;0;0
244629;despesas_es_2024_completo_parte_02.csv;119347;0;0
244730;despesas_es_2024_completo_parte_02.csv;119448;101200;1
244769;despesas_es_2024_completo_parte_02.csv;119487;24442;1
244783;despesas_es_2024_completo_parte_02.csv;119501;0;0
244787;despesas_es_2024_completo_parte_02.csv;119505;0;0
244834;despesas_es_2024_completo_parte_02.csv;119552;19184;1
245024;despesas_es_2024_completo_parte_02.csv;119742;0;0
245057;despesas_es_2024_completo_parte_02.csv;119775;1337444;1
245077;despesas_es_2024_completo_parte_02.csv;119795;368925;1
245218;despesas_es_2024_completo_parte_02.csv;119936;0;0
245361;despesas_es_2024_completo_parte_02.csv;120079;0;0
245372;despesas_es_2024_completo_parte_02.csv;120090;0;0
245392;despesas_es_2024_completo_parte_02.csv;120110;15800;1
245493;despesas_es_2024_completo_parte_02.csv;120211;19939;1
245520;despesas_es_2024_completo_parte_02.csv;120238;0;0
245552;despesas_es_2024_completo_parte_02.csv;120270;0;0
245647;despesas_es_2024_completo_parte_02.csv;120365;0;0
245662;despesas_es_2024_completo_parte_02.csv;120380;40318;1
245807;despesas_es_2024_completo_parte_02.csv;120525;160000;1
245824;despesas_es_2024_completo_parte_02.csv;120542;176963;1
245982;despesas_es_2024_completo_parte_02.csv;120700;2076;1
245990;despesas_es_2024_completo_parte_02.csv;120708;500000;1
246014;despesas_es_2024_completo_parte_02.csv;120732;1218995;1
246100;despesas_es_2024_completo_parte_02.csv;120818;0;0
246136;despesas_es_2024_completo_parte_02.csv;120854;0;0
246142;despesas_es_2024_completo_parte_02.csv;120860;0;0
246150;despesas_es_2024_completo_parte_02.csv;120868;0;0
246265;despesas_es_2024_completo_parte_02.csv;120983;0;0
246378;despesas_es_2024_completo_parte_02.csv;121096;0;0
246430;despesas_es_2024_completo_parte_02.csv;121148;8800;1
246463;despesas_es_2024_completo_parte_02.csv;121181;0;0
246469;despesas_es_2024_completo_parte_02.csv;121187;0;0
246512;despesas_es_2024_completo_parte_02.csv;121230;0;0
246587;despesas_es_2024_completo_parte_02.csv;121305;0;0
246595;despesas_es_2024_completo_parte_02.csv;121313;0;0
246638;despesas_es_2024_completo_parte_02.csv;121356;0;0
246737;despesas_es_2024_completo_parte_02.csv;121455;0;0
246794;despesas_es_2024_completo_parte_02.csv;121512;1034800;1
246827;despesas_es_2024_completo_parte_02.csv;121545;-51201535;0
246847;despesas_es_2024_completo_parte_02.csv;121565;17910;1
246941;despesas_es_2024_completo_parte_02.csv;121659;3334;1
246983;despesas_es_2024_completo_parte_02.csv;121701;3943950;1
247025;despesas_es_2024_completo_parte_02.csv;121743;98391;1
247042;despesas_es_2024_completo_parte_02.csv;121760;0;0
247165;despesas_es_2024_completo_parte_02.csv;121883;288198;1
247175;despesas_es_2024_completo_parte_02.csv;121893;0;0
247211;despesas_es_2024_completo_parte_02.csv;121929;0;0
247245;despesas_es_2024_completo_parte_02.csv;121963;0;0
247246;despesas_es_2024_completo_parte_02.csv;121964;0;0
247396;despesas_es_2024_completo_parte_02.csv;122114;0;0
247491;despesas_es_2024_completo_parte_02.csv;122209;0;0
247515;despesas_es_2024_completo_parte_02.csv;122233;0;0
247535;despesas_es_2024_completo_parte_02.csv;122253;0;0
247547;despesas_es_2024_completo_parte_02.csv;122265;0;0
247553;despesas_es_2024_completo_parte_02.csv;122271;0;0
247570;despesas_es_2024_completo_parte_02.csv;122288;0;0
247591;despesas_es_2024_completo_parte_02.csv;122309;0;0
247610;despesas_es_2024_completo_parte_02.csv;122328;0;0
247616;despesas_es_2024_completo_parte_02.csv;122334;0;0
247628;despesas_es_2024_completo_parte_02.csv;122346;118462;1
247673;despesas_es_2024_completo_parte_02.csv;122391;87750;1
247729;despesas_es_2024_completo_parte_02.csv;122447;0;0
247762;despesas_es_2024_completo_parte_02.csv;122480;0;0
247772;despesas_es_2024_completo_parte_02.csv;122490;0;0
247868;despesas_es_2024_completo_parte_02.csv;122586;0;0
247871;despesas_es_2024_completo_parte_02.csv;122589;0;0
247918;despesas_es_2024_completo_parte_02.csv;122636;0;0
247919;despesas_es_2024_completo_parte_02.csv;122637;0;0
247955;despesas_es_2024_completo_parte_02.csv;122673;400626;1
247977;despesas_es_2024_completo_parte_02.csv;122695;0;0
248009;despesas_es_2024_completo_parte_02.csv;122727;0;0
248012;despesas_es_2024_completo_parte_02.csv;122730;0;0
248045;despesas_es_2024_completo_parte_02.csv;122763;17046;1
248073;despesas_es_2024_completo_parte_02.csv;122791;931;1
248111;despesas_es_2024_completo_parte_02.csv;122829;8800;1
248322;despesas_es_2024_completo_parte_02.csv;123040;0;0
248350;despesas_es_2024_completo_parte_02.csv;123068;541240;1
248388;despesas_es_2024_completo_parte_02.csv;123106;63625;1
248404;despesas_es_2024_completo_parte_02.csv;123122;66000;1
248421;despesas_es_2024_completo_parte_02.csv;123139;904108;1
248464;despesas_es_2024_completo_parte_02.csv;123182;0;0
248524;despesas_es_2024_completo_parte_02.csv;123242;0;0
248526;despesas_es_2024_completo_parte_02.csv;123244;0;0
248551;despesas_es_2024_completo_parte_02.csv;123269;282568;1
248618;despesas_es_2024_completo_parte_02.csv;123336;54126;1
248721;despesas_es_2024_completo_parte_02.csv;123439;0;0
248787;despesas_es_2024_completo_parte_02.csv;123505;8660;1
248803;despesas_es_2024_completo_parte_02.csv;123521;78917020;1
248815;despesas_es_2024_completo_parte_02.csv;123533;15182;1
248818;despesas_es_2024_completo_parte_02.csv;123536;12373927;1
249024;despesas_es_2024_completo_parte_02.csv;123742;0;0
249035;despesas_es_2024_completo_parte_02.csv;123753;0;0
249124;despesas_es_2024_completo_parte_02.csv;123842;0;0
249127;despesas_es_2024_completo_parte_02.csv;123845;0;0
249166;despesas_es_2024_completo_parte_02.csv;123884;0;0
249186;despesas_es_2024_completo_parte_02.csv;123904;62376;1
249209;despesas_es_2024_completo_parte_02.csv;123927;13728;1
249238;despesas_es_2024_completo_parte_02.csv;123956;800422;1
249358;despesas_es_2024_completo_parte_02.csv;124076;0;0
249487;despesas_es_2024_completo_parte_02.csv;124205;0;0
249496;despesas_es_2024_completo_parte_02.csv;124214;0;0
249497;despesas_es_2024_completo_parte_02.csv;124215;0;0
249522;despesas_es_2024_completo_parte_02.csv;124240;0;0
249531;despesas_es_2024_completo_parte_02.csv;124249;0;0
249652;despesas_es_2024_completo_parte_02.csv;124370;0;0
249698;despesas_es_2024_completo_parte_02.csv;124416;2421;1
249801;despesas_es_2024_completo_parte_02.csv;124519;12250;1
249836;despesas_es_2024_completo_parte_02.csv;124554;1036024;1
249919;despesas_es_2024_completo_parte_02.csv;124637;0;0
249976;despesas_es_2024_completo_parte_02.csv;124694;0;0
250027;despesas_es_2024_completo_parte_02.csv;124745;360877;1
250080;despesas_es_2024_completo_parte_02.csv;124798;9708318;1
250085;despesas_es_2024_completo_parte_02.csv;124803;183779;1
250129;despesas_es_2024_completo_parte_02.csv;124847;0;0
250133;despesas_es_2024_completo_parte_02.csv;124851;528484;1
250160;despesas_es_2024_completo_parte_02.csv;124878;0;0
250244;despesas_es_2024_completo_parte_02.csv;124962;0;0
250314;despesas_es_2024_completo_parte_02.csv;125032;1019;1
250358;despesas_es_2024_completo_parte_02.csv;125076;2884;1
250444;despesas_es_2024_completo_parte_02.csv;125162;0;0
250554;despesas_es_2024_completo_parte_02.csv;125272;0;0
250635;despesas_es_2024_completo_parte_02.csv;125353;3774143;1
250645;despesas_es_2024_completo_parte_02.csv;125363;3810;1
250690;despesas_es_2024_completo_parte_02.csv;125408;34675;1
250699;despesas_es_2024_completo_parte_02.csv;125417;0;0
250807;despesas_es_2024_completo_parte_02.csv;125525;8800;1
250840;despesas_es_2024_completo_parte_02.csv;125558;10260;1
250924;despesas_es_2024_completo_parte_02.csv;125642;0;0
250977;despesas_es_2024_completo_parte_03.csv;34;0;0
250988;despesas_es_2024_completo_parte_03.csv;45;0;0
251042;despesas_es_2024_completo_parte_03.csv;99;0;0
251115;despesas_es_2024_completo_parte_03.csv;172;3341203;1
251123;despesas_es_2024_completo_parte_03.csv;180;0;0
251334;despesas_es_2024_completo_parte_03.csv;391;0;0
251384;despesas_es_2024_completo_parte_03.csv;441;0;0
251385;despesas_es_2024_completo_parte_03.csv;442;0;0
251438;despesas_es_2024_completo_parte_03.csv;495;0;0
251448;despesas_es_2024_completo_parte_03.csv;505;135207;1
251453;despesas_es_2024_completo_parte_03.csv;510;3971;1
251466;despesas_es_2024_completo_parte_03.csv;523;187572;1
251518;despesas_es_2024_completo_parte_03.csv;575;4800;1
251522;despesas_es_2024_completo_parte_03.csv;579;2832;1
251539;despesas_es_2024_completo_parte_03.csv;596;20680;1
251543;despesas_es_2024_completo_parte_03.csv;600;0;0
251580;despesas_es_2024_completo_parte_03.csv;637;0;0
251600;despesas_es_2024_completo_parte_03.csv;657;0;0
251670;despesas_es_2024_completo_parte_03.csv;727;95602;1
251694;despesas_es_2024_completo_parte_03.csv;751;191;1
251718;despesas_es_2024_completo_parte_03.csv;775;0;0
251745;despesas_es_2024_completo_parte_03.csv;802;0;0
251773;despesas_es_2024_completo_parte_03.csv;830;2230273;1
251775;despesas_es_2024_completo_parte_03.csv;832;6994;1
251844;despesas_es_2024_completo_parte_03.csv;901;1396826;1
251880;despesas_es_2024_completo_parte_03.csv;937;0;0
251887;despesas_es_2024_completo_parte_03.csv;944;8800;1
251915;despesas_es_2024_completo_parte_03.csv;972;0;0
252028;despesas_es_2024_completo_parte_03.csv;1085;0;0
252040;despesas_es_2024_completo_parte_03.csv;1097;0;0
252093;despesas_es_2024_completo_parte_03.csv;1150;0;0
252117;despesas_es_2024_completo_parte_03.csv;1174;0;0
252171;despesas_es_2024_completo_parte_03.csv;1228;0;0
252193;despesas_es_2024_completo_parte_03.csv;1250;107749;1
252245;despesas_es_2024_completo_parte_03.csv;1302;0;0
252317;despesas_es_2024_completo_parte_03.csv;1374;285919;1
252349;despesas_es_2024_completo_parte_03.csv;1406;47280;1
252427;despesas_es_2024_completo_parte_03.csv;1484;30230;1
252609;despesas_es_2024_completo_parte_03.csv;1666;30800;1
252611;despesas_es_2024_completo_parte_03.csv;1668;89313595;1
252624;despesas_es_2024_completo_parte_03.csv;1681;8800;1
252643;despesas_es_2024_completo_parte_03.csv;1700;25357;1
252683;despesas_es_2024_completo_parte_03.csv;1740;335572;1
252731;despesas_es_2024_completo_parte_03.csv;1788;0;0
252833;despesas_es_2024_completo_parte_03.csv;1890;0;0
252838;despesas_es_2024_completo_parte_03.csv;1895;8800;1
252927;despesas_es_2024_completo_parte_03.csv;1984;0;0
252932;despesas_es_2024_completo_parte_03.csv;1989;-212164;0
252940;despesas_es_2024_completo_parte_03.csv;1997;0;0
252941;despesas_es_2024_completo_parte_03.csv;1998;0;0
252975;despesas_es_2024_completo_parte_03.csv;2032;186711;1
253034;despesas_es_2024_completo_parte_03.csv;2091;0;0
253040;despesas_es_2024_completo_parte_03.csv;2097;0;0
253110;despesas_es_2024_completo_parte_03.csv;2167;0;0
253173;despesas_es_2024_completo_parte_03.csv;2230;7880;1
253309;despesas_es_2024_completo_parte_03.csv;2366;0;0
253315;despesas_es_2024_completo_parte_03.csv;2372;0;0
253326;despesas_es_2024_completo_parte_03.csv;2383;5999;1
253338;despesas_es_2024_completo_parte_03.csv;2395;156923;1
253404;despesas_es_2024_completo_parte_03.csv;2461;0;0
253428;despesas_es_2024_completo_parte_03.csv;2485;0;0
253522;despesas_es_2024_completo_parte_03.csv;2579;0;0
253525;despesas_es_2024_completo_parte_03.csv;2582;0;0
253572;despesas_es_2024_completo_parte_03.csv;2629;0;0
253594;despesas_es_2024_completo_parte_03.csv;2651;0;0
253690;despesas_es_2024_completo_parte_03.csv;2747;0;0
253795;despesas_es_2024_completo_parte_03.csv;2852;0;0
253805;despesas_es_2024_completo_parte_03.csv;2862;0;0
253817;despesas_es_2024_completo_parte_03.csv;2874;0;0
253900;despesas_es_2024_completo_parte_03.csv;2957;0;0
253981;despesas_es_2024_completo_parte_03.csv;3038;0;0
254027;despesas_es_2024_completo_parte_03.csv;3084;18000;1
254208;despesas_es_2024_completo_parte_03.csv;3265;139055;1
254246;despesas_es_2024_completo_parte_03.csv;3303;56242;1
254283;despesas_es_2024_completo_parte_03.csv;3340;7520;1
254345;despesas_es_2024_completo_parte_03.csv;3402;0;0
254359;despesas_es_2024_completo_parte_03.csv;3416;-87750;0
254371;despesas_es_2024_completo_parte_03.csv;3428;0;0
254484;despesas_es_2024_completo_parte_03.csv;3541;0;0
254718;despesas_es_2024_completo_parte_03.csv;3775;750000;1
254724;despesas_es_2024_completo_parte_03.csv;3781;22200;1
254778;despesas_es_2024_completo_parte_03.csv;3835;0;0
254903;despesas_es_2024_completo_parte_03.csv;3960;0;0
254923;despesas_es_2024_completo_parte_03.csv;3980;0;0
254934;despesas_es_2024_completo_parte_03.csv;3991;0;0
255086;despesas_es_2024_completo_parte_03.csv;4143;0;0
255111;despesas_es_2024_completo_parte_03.csv;4168;0;0
255118;despesas_es_2024_completo_parte_03.csv;4175;0;0
255122;despesas_es_2024_completo_parte_03.csv;4179;0;0
255215;despesas_es_2024_completo_parte_03.csv;4272;0;0
255221;despesas_es_2024_completo_parte_03.csv;4278;0;0
255290;despesas_es_2024_completo_parte_03.csv;4347;0;0
255328;despesas_es_2024_completo_parte_03.csv;4385;0;0
255339;despesas_es_2024_completo_parte_03.csv;4396;32095;1
255353;despesas_es_2024_completo_parte_03.csv;4410;8800;1
255359;despesas_es_2024_completo_parte_03.csv;4416;133500;1
255557;despesas_es_2024_completo_parte_03.csv;4614;0;0
255682;despesas_es_2024_completo_parte_03.csv;4739;0;0
255838;despesas_es_2024_completo_parte_03.csv;4895;0;0
255879;despesas_es_2024_completo_parte_03.csv;4936;0;0
255891;despesas_es_2024_completo_parte_03.csv;4948;0;0
255950;despesas_es_2024_completo_parte_03.csv;5007;2123339;1
255978;despesas_es_2024_completo_parte_03.csv;5035;0;0
256127;despesas_es_2024_completo_parte_03.csv;5184;0;0
256201;despesas_es_2024_completo_parte_03.csv;5258;0;0
256231;despesas_es_2024_completo_parte_03.csv;5288;0;0
256269;despesas_es_2024_completo_parte_03.csv;5326;0;0
256321;despesas_es_2024_completo_parte_03.csv;5378;0;0
256322;despesas_es_2024_completo_parte_03.csv;5379;0;0
256325;despesas_es_2024_completo_parte_03.csv;5382;0;0
256358;despesas_es_2024_completo_parte_03.csv;5415;0;0
256405;despesas_es_2024_completo_parte_03.csv;5462;65120;1
256587;despesas_es_2024_completo_parte_03.csv;5644;0;0
256611;despesas_es_2024_completo_parte_03.csv;5668;0;0
256614;despesas_es_2024_completo_parte_03.csv;5671;0;0
256813;despesas_es_2024_completo_parte_03.csv;5870;0;0
256976;despesas_es_2024_completo_parte_03.csv;6033;0;0
257075;despesas_es_2024_completo_parte_03.csv;6132;0;0
257087;despesas_es_2024_completo_parte_03.csv;6144;8800;1
257098;despesas_es_2024_completo_parte_03.csv;6155;0;0
257126;despesas_es_2024_completo_parte_03.csv;6183;0;0
257230;despesas_es_2024_completo_parte_03.csv;6287;0;0
257231;despesas_es_2024_completo_parte_03.csv;6288;0;0
257247;despesas_es_2024_completo_parte_03.csv;6304;0;0
257257;despesas_es_2024_completo_parte_03.csv;6314;0;0
257301;despesas_es_2024_completo_parte_03.csv;6358;0;0
257563;despesas_es_2024_completo_parte_03.csv;6620;0;0
257636;despesas_es_2024_completo_parte_03.csv;6693;0;0
257671;despesas_es_2024_completo_parte_03.csv;6728;18742;1
257690;despesas_es_2024_completo_parte_03.csv;6747;0;0
257698;despesas_es_2024_completo_parte_03.csv;6755;0;0
257745;despesas_es_2024_completo_parte_03.csv;6802;0;0
257757;despesas_es_2024_completo_parte_03.csv;6814;0;0
257918;despesas_es_2024_completo_parte_03.csv;6975;0;0
257924;despesas_es_2024_completo_parte_03.csv;6981;0;0
257936;despesas_es_2024_completo_parte_03.csv;6993;8088820;1
257937;despesas_es_2024_completo_parte_03.csv;6994;204215;1
257940;despesas_es_2024_completo_parte_03.csv;6997;0;0
257955;despesas_es_2024_completo_parte_03.csv;7012;0;0
258183;despesas_es_2024_completo_parte_03.csv;7240;214805;1
258212;despesas_es_2024_completo_parte_03.csv;7269;0;0
258272;despesas_es_2024_completo_parte_03.csv;7329;70642;1
258330;despesas_es_2024_completo_parte_03.csv;7387;0;0
258475;despesas_es_2024_completo_parte_03.csv;7532;0;0
258503;despesas_es_2024_completo_parte_03.csv;7560;0;0
258539;despesas_es_2024_completo_parte_03.csv;7596;80000;1
258597;despesas_es_2024_completo_parte_03.csv;7654;0;0
258654;despesas_es_2024_completo_parte_03.csv;7711;108000;1
258732;despesas_es_2024_completo_parte_03.csv;7789;0;0
258758;despesas_es_2024_completo_parte_03.csv;7815;0;0
258789;despesas_es_2024_completo_parte_03.csv;7846;0;0
258809;despesas_es_2024_completo_parte_03.csv;7866;0;0
258828;despesas_es_2024_completo_parte_03.csv;7885;0;0
259001;despesas_es_2024_completo_parte_03.csv;8058;0;0
259030;despesas_es_2024_completo_parte_03.csv;8087;29166;1
259049;despesas_es_2024_completo_parte_03.csv;8106;0;0
259062;despesas_es_2024_completo_parte_03.csv;8119;0;0
259112;despesas_es_2024_completo_parte_03.csv;8169;0;0
259279;despesas_es_2024_completo_parte_03.csv;8336;1;1
259284;despesas_es_2024_completo_parte_03.csv;8341;5599744;1
259299;despesas_es_2024_completo_parte_03.csv;8356;8800;1
259329;despesas_es_2024_completo_parte_03.csv;8386;30800;1
259402;despesas_es_2024_completo_parte_03.csv;8459;0;0
259472;despesas_es_2024_completo_parte_03.csv;8529;30594;1
259529;despesas_es_2024_completo_parte_03.csv;8586;0;0
259575;despesas_es_2024_completo_parte_03.csv;8632;0;0
259615;despesas_es_2024_completo_parte_03.csv;8672;0;0
259622;despesas_es_2024_completo_parte_03.csv;8679;0;0
259627;despesas_es_2024_completo_parte_03.csv;8684;6250000;1
259638;despesas_es_2024_completo_parte_03.csv;8695;0;0
259657;despesas_es_2024_completo_parte_03.csv;8714;5766;1
259766;despesas_es_2024_completo_parte_03.csv;8823;0;0
259802;despesas_es_2024_completo_parte_03.csv;8859;0;0
259829;despesas_es_2024_completo_parte_03.csv;8886;8800;1
259895;despesas_es_2024_completo_parte_03.csv;8952;218956;1
259943;despesas_es_2024_completo_parte_03.csv;9000;0;0
260023;despesas_es_2024_completo_parte_03.csv;9080;0;0
260029;despesas_es_2024_completo_parte_03.csv;9086;0;0
260115;despesas_es_2024_completo_parte_03.csv;9172;0;0
260220;despesas_es_2024_completo_parte_03.csv;9277;0;0
260257;despesas_es_2024_completo_parte_03.csv;9314;-35222;0
260263;despesas_es_2024_completo_parte_03.csv;9320;8800;1
260347;despesas_es_2024_completo_parte_03.csv;9404;122400;1
260353;despesas_es_2024_completo_parte_03.csv;9410;127131141;1
260479;despesas_es_2024_completo_parte_03.csv;9536;5000000;1
260585;despesas_es_2024_completo_parte_03.csv;9642;0;0
260630;despesas_es_2024_completo_parte_03.csv;9687;17500;1
260696;despesas_es_2024_completo_parte_03.csv;9753;2179;1
260698;despesas_es_2024_completo_parte_03.csv;9755;178700;1
260729;despesas_es_2024_completo_parte_03.csv;9786;200000;1
260768;despesas_es_2024_completo_parte_03.csv;9825;0;0
260905;despesas_es_2024_completo_parte_03.csv;9962;0;0
260940;despesas_es_2024_completo_parte_03.csv;9997;0;0
260970;despesas_es_2024_completo_parte_03.csv;10027;0;0
261109;despesas_es_2024_completo_parte_03.csv;10166;0;0
261234;despesas_es_2024_completo_parte_03.csv;10291;0;0
261248;despesas_es_2024_completo_parte_03.csv;10305;0;0
261254;despesas_es_2024_completo_parte_03.csv;10311;1071577;1
261352;despesas_es_2024_completo_parte_03.csv;10409;3552;1
261362;despesas_es_2024_completo_parte_03.csv;10419;0;0
261415;despesas_es_2024_completo_parte_03.csv;10472;0;0
261458;despesas_es_2024_completo_parte_03.csv;10515;0;0
261504;despesas_es_2024_completo_parte_03.csv;10561;0;0
261574;despesas_es_2024_completo_parte_03.csv;10631;0;0
261600;despesas_es_2024_completo_parte_03.csv;10657;0;0
261601;despesas_es_2024_completo_parte_03.csv;10658;0;0
261685;despesas_es_2024_completo_parte_03.csv;10742;52800;1
261694;despesas_es_2024_completo_parte_03.csv;10751;0;0
261705;despesas_es_2024_completo_parte_03.csv;10762;136685;1
261741;despesas_es_2024_completo_parte_03.csv;10798;4190696;1
261784;despesas_es_2024_completo_parte_03.csv;10841;0;0
261799;despesas_es_2024_completo_parte_03.csv;10856;0;0
261823;despesas_es_2024_completo_parte_03.csv;10880;0;0
261863;despesas_es_2024_completo_parte_03.csv;10920;0;0
261865;despesas_es_2024_completo_parte_03.csv;10922;0;0
261941;despesas_es_2024_completo_parte_03.csv;10998;0;0
262019;despesas_es_2024_completo_parte_03.csv;11076;0;0
262115;despesas_es_2024_completo_parte_03.csv;11172;0;0
262268;despesas_es_2024_completo_parte_03.csv;11325;0;0
262270;despesas_es_2024_completo_parte_03.csv;11327;0;0
262411;despesas_es_2024_completo_parte_03.csv;11468;0;0
262427;despesas_es_2024_completo_parte_03.csv;11484;0;0
262469;despesas_es_2024_completo_parte_03.csv;11526;0;0
262477;despesas_es_2024_completo_parte_03.csv;11534;5645084;1
262584;despesas_es_2024_completo_parte_03.csv;11641;0;0
262697;despesas_es_2024_completo_parte_03.csv;11754;26267364;1
262741;despesas_es_2024_completo_parte_03.csv;11798;96800;1
262776;despesas_es_2024_completo_parte_03.csv;11833;0;0
262786;despesas_es_2024_completo_parte_03.csv;11843;235724;1
262857;despesas_es_2024_completo_parte_03.csv;11914;2000000;1
262899;despesas_es_2024_completo_parte_03.csv;11956;155875663;1
263039;despesas_es_2024_completo_parte_03.csv;12096;212300;1
263199;despesas_es_2024_completo_parte_03.csv;12256;-1186775;0
263238;despesas_es_2024_completo_parte_03.csv;12295;0;0
263241;despesas_es_2024_completo_parte_03.csv;12298;0;0
263269;despesas_es_2024_completo_parte_03.csv;12326;128120;1
263321;despesas_es_2024_completo_parte_03.csv;12378;8800;1
263354;despesas_es_2024_completo_parte_03.csv;12411;0;0
263375;despesas_es_2024_completo_parte_03.csv;12432;362483;1
263412;despesas_es_2024_completo_parte_03.csv;12469;10990748;1
263494;despesas_es_2024_completo_parte_03.csv;12551;0;0
263546;despesas_es_2024_completo_parte_03.csv;12603;-348012;0
263583;despesas_es_2024_completo_parte_03.csv;12640;0;0
263611;despesas_es_2024_completo_parte_03.csv;12668;0;0
263675;despesas_es_2024_completo_parte_03.csv;12732;0;0
263705;despesas_es_2024_completo_parte_03.csv;12762;0;0
263715;despesas_es_2024_completo_parte_03.csv;12772;0;0
263803;despesas_es_2024_completo_parte_03.csv;12860;0;0
263825;despesas_es_2024_completo_parte_03.csv;12882;0;0
263916;despesas_es_2024_completo_parte_03.csv;12973;0;0
263991;despesas_es_2024_completo_parte_03.csv;13048;0;0
264085;despesas_es_2024_completo_parte_03.csv;13142;0;0
264103;despesas_es_2024_completo_parte_03.csv;13160;0;0
264175;despesas_es_2024_completo_parte_03.csv;13232;0;0
264227;despesas_es_2024_completo_parte_03.csv;13284;0;0
264280;despesas_es_2024_completo_parte_03.csv;13337;0;0
264296;despesas_es_2024_completo_parte_03.csv;13353;0;0
264303;despesas_es_2024_completo_parte_03.csv;13360;0;0
264315;despesas_es_2024_completo_parte_03.csv;13372;0;0
264355;despesas_es_2024_completo_parte_03.csv;13412;0;0
264408;despesas_es_2024_completo_parte_03.csv;13465;0;0
264453;despesas_es_2024_completo_parte_03.csv;13510;0;0
264565;despesas_es_2024_completo_parte_03.csv;13622;0;0
264657;despesas_es_2024_completo_parte_03.csv;13714;0;0
264683;despesas_es_2024_completo_parte_03.csv;13740;0;0
264727;despesas_es_2024_completo_parte_03.csv;13784;0;0
264858;despesas_es_2024_completo_parte_03.csv;13915;0;0
264881;despesas_es_2024_completo_parte_03.csv;13938;0;0
264908;despesas_es_2024_completo_parte_03.csv;13965;0;0
264950;despesas_es_2024_completo_parte_03.csv;14007;300000;1
264965;despesas_es_2024_completo_parte_03.csv;14022;0;0
265102;despesas_es_2024_completo_parte_03.csv;14159;6456;1
265131;despesas_es_2024_completo_parte_03.csv;14188;0;0
265251;despesas_es_2024_completo_parte_03.csv;14308;0;0
265263;despesas_es_2024_completo_parte_03.csv;14320;0;0
265272;despesas_es_2024_completo_parte_03.csv;14329;112230671;1
265326;despesas_es_2024_completo_parte_03.csv;14383;0;0
265349;despesas_es_2024_completo_parte_03.csv;14406;0;0
265429;despesas_es_2024_completo_parte_03.csv;14486;0;0
265433;despesas_es_2024_completo_parte_03.csv;14490;0;0
265440;despesas_es_2024_completo_parte_03.csv;14497;0;0
265575;despesas_es_2024_completo_parte_03.csv;14632;0;0
265592;despesas_es_2024_completo_parte_03.csv;14649;109896;1
265612;despesas_es_2024_completo_parte_03.csv;14669;0;0
265627;despesas_es_2024_completo_parte_03.csv;14684;15748;1
265633;despesas_es_2024_completo_parte_03.csv;14690;0;0
265755;despesas_es_2024_completo_parte_03.csv;14812;0;0
265819;despesas_es_2024_completo_parte_03.csv;14876;0;0
265943;despesas_es_2024_completo_parte_03.csv;15000;0;0
266007;despesas_es_2024_completo_parte_03.csv;15064;0;0
266090;despesas_es_2024_completo_parte_03.csv;15147;70642;1
266110;despesas_es_2024_completo_parte_03.csv;15167;0;0
266190;despesas_es_2024_completo_parte_03.csv;15247;0;0
266194;despesas_es_2024_completo_parte_03.csv;15251;1194;1
266295;despesas_es_2024_completo_parte_03.csv;15352;0;0
266318;despesas_es_2024_completo_parte_03.csv;15375;0;0
266350;despesas_es_2024_completo_parte_03.csv;15407;0;0
266406;despesas_es_2024_completo_parte_03.csv;15463;0;0
266466;despesas_es_2024_completo_parte_03.csv;15523;0;0
266518;despesas_es_2024_completo_parte_03.csv;15575;8800;1
266533;despesas_es_2024_completo_parte_03.csv;15590;342876;1
266609;despesas_es_2024_completo_parte_03.csv;15666;-30750;0
266619;despesas_es_2024_completo_parte_03.csv;15676;-2154567;0
266656;despesas_es_2024_completo_parte_03.csv;15713;0;0
266713;despesas_es_2024_completo_parte_03.csv;15770;0;0
266729;despesas_es_2024_completo_parte_03.csv;15786;8800;1
266756;despesas_es_2024_completo_parte_03.csv;15813;337841;1
266768;despesas_es_2024_completo_parte_03.csv;15825;46489;1
266784;despesas_es_2024_completo_parte_03.csv;15841;8800;1
266817;despesas_es_2024_completo_parte_03.csv;15874;22000;1
266902;despesas_es_2024_completo_parte_03.csv;15959;7224;1
266939;despesas_es_2024_completo_parte_03.csv;15996;7108280;1
266998;despesas_es_2024_completo_parte_03.csv;16055;0;0
267003;despesas_es_2024_completo_parte_03.csv;16060;0;0
267045;despesas_es_2024_completo_parte_03.csv;16102;30800;1
267106;despesas_es_2024_completo_parte_03.csv;16163;0;0
267137;despesas_es_2024_completo_parte_03.csv;16194;8800;1
267285;despesas_es_2024_completo_parte_03.csv;16342;25899;1
267288;despesas_es_2024_completo_parte_03.csv;16345;3375;1
267356;despesas_es_2024_completo_parte_03.csv;16413;0;0
267524;despesas_es_2024_completo_parte_03.csv;16581;0;0
267549;despesas_es_2024_completo_parte_03.csv;16606;0;0
267613;despesas_es_2024_completo_parte_03.csv;16670;0;0
267639;despesas_es_2024_completo_parte_03.csv;16696;0;0
267655;despesas_es_2024_completo_parte_03.csv;16712;0;0
267664;despesas_es_2024_completo_parte_03.csv;16721;0;0
267676;despesas_es_2024_completo_parte_03.csv;16733;0;0
267698;despesas_es_2024_completo_parte_03.csv;16755;0;0
267733;despesas_es_2024_completo_parte_03.csv;16790;0;0
267863;despesas_es_2024_completo_parte_03.csv;16920;0;0
268081;despesas_es_2024_completo_parte_03.csv;17138;0;0
268261;despesas_es_2024_completo_parte_03.csv;17318;0;0
268323;despesas_es_2024_completo_parte_03.csv;17380;0;0
268577;despesas_es_2024_completo_parte_03.csv;17634;0;0
268609;despesas_es_2024_completo_parte_03.csv;17666;0;0
268659;despesas_es_2024_completo_parte_03.csv;17716;0;0
268666;despesas_es_2024_completo_parte_03.csv;17723;0;0
268778;despesas_es_2024_completo_parte_03.csv;17835;0;0
268824;despesas_es_2024_completo_parte_03.csv;17881;0;0
268872;despesas_es_2024_completo_parte_03.csv;17929;0;0
268889;despesas_es_2024_completo_parte_03.csv;17946;0;0
268978;despesas_es_2024_completo_parte_03.csv;18035;0;0
268984;despesas_es_2024_completo_parte_03.csv;18041;0;0
268991;despesas_es_2024_completo_parte_03.csv;18048;0;0
269003;despesas_es_2024_completo_parte_03.csv;18060;0;0
269007;despesas_es_2024_completo_parte_03.csv;18064;0;0
269030;despesas_es_2024_completo_parte_03.csv;18087;0;0
269087;despesas_es_2024_completo_parte_03.csv;18144;0;0
269117;despesas_es_2024_completo_parte_03.csv;18174;0;0
269155;despesas_es_2024_completo_parte_03.csv;18212;0;0
269312;despesas_es_2024_completo_parte_03.csv;18369;0;0
269450;despesas_es_2024_completo_parte_03.csv;18507;0;0
269496;despesas_es_2024_completo_parte_03.csv;18553;8800;1
269514;despesas_es_2024_completo_parte_03.csv;18571;60479;1
269649;despesas_es_2024_completo_parte_03.csv;18706;8800;1
269735;despesas_es_2024_completo_parte_03.csv;18792;0;0
269774;despesas_es_2024_completo_parte_03.csv;18831;200000;1
269979;despesas_es_2024_completo_parte_03.csv;19036;8800;1
270041;despesas_es_2024_completo_parte_03.csv;19098;200000;1
270132;despesas_es_2024_completo_parte_03.csv;19189;1000000;1
270133;despesas_es_2024_completo_parte_03.csv;19190;1176090;1
270149;despesas_es_2024_completo_parte_03.csv;19206;0;0
270329;despesas_es_2024_completo_parte_03.csv;19386;0;0
270331;despesas_es_2024_completo_parte_03.csv;19388;0;0
270409;despesas_es_2024_completo_parte_03.csv;19466;0;0
270471;despesas_es_2024_completo_parte_03.csv;19528;0;0
270546;despesas_es_2024_completo_parte_03.csv;19603;34567;1
270561;despesas_es_2024_completo_parte_03.csv;19618;0;0
270606;despesas_es_2024_completo_parte_03.csv;19663;0;0
270716;despesas_es_2024_completo_parte_03.csv;19773;518014;1
270721;despesas_es_2024_completo_parte_03.csv;19778;0;0
270736;despesas_es_2024_completo_parte_03.csv;19793;0;0
270872;despesas_es_2024_completo_parte_03.csv;19929;0;0
270905;despesas_es_2024_completo_parte_03.csv;19962;0;0
270970;despesas_es_2024_completo_parte_03.csv;20027;156764;1
270994;despesas_es_2024_completo_parte_03.csv;20051;8889;1
271043;despesas_es_2024_completo_parte_03.csv;20100;0;0
271057;despesas_es_2024_completo_parte_03.csv;20114;0;0
271059;despesas_es_2024_completo_parte_03.csv;20116;0;0
271060;despesas_es_2024_completo_parte_03.csv;20117;0;0
271074;despesas_es_2024_completo_parte_03.csv;20131;140490;1
271150;despesas_es_2024_completo_parte_03.csv;20207;0;0
271164;despesas_es_2024_completo_parte_03.csv;20221;0;0
271166;despesas_es_2024_completo_parte_03.csv;20223;0;0
271177;despesas_es_2024_completo_parte_03.csv;20234;0;0
271372;despesas_es_2024_completo_parte_03.csv;20429;125000;1
271386;despesas_es_2024_completo_parte_03.csv;20443;0;0
271437;despesas_es_2024_completo_parte_03.csv;20494;0;0
271443;despesas_es_2024_completo_parte_03.csv;20500;0;0
271543;despesas_es_2024_completo_parte_03.csv;20600;0;0
271588;despesas_es_2024_completo_parte_03.csv;20645;0;0
271726;despesas_es_2024_completo_parte_03.csv;20783;0;0
271773;despesas_es_2024_completo_parte_03.csv;20830;59428;1
271810;despesas_es_2024_completo_parte_03.csv;20867;345070;1
271826;despesas_es_2024_completo_parte_03.csv;20883;0;0
271841;despesas_es_2024_completo_parte_03.csv;20898;0;0
271848;despesas_es_2024_completo_parte_03.csv;20905;0;0
271889;despesas_es_2024_completo_parte_03.csv;20946;0;0
271901;despesas_es_2024_completo_parte_03.csv;20958;0;0
271920;despesas_es_2024_completo_parte_03.csv;20977;15619;1
271973;despesas_es_2024_completo_parte_03.csv;21030;200000;1
272007;despesas_es_2024_completo_parte_03.csv;21064;0;0
272036;despesas_es_2024_completo_parte_03.csv;21093;0;0
272056;despesas_es_2024_completo_parte_03.csv;21113;54;1
272137;despesas_es_2024_completo_parte_03.csv;21194;0;0
272164;despesas_es_2024_completo_parte_03.csv;21221;0;0
272290;despesas_es_2024_completo_parte_03.csv;21347;0;0
272314;despesas_es_2024_completo_parte_03.csv;21371;8800;1
272426;despesas_es_2024_completo_parte_03.csv;21483;0;0
272440;despesas_es_2024_completo_parte_03.csv;21497;400000;1
272444;despesas_es_2024_completo_parte_03.csv;21501;0;0
272514;despesas_es_2024_completo_parte_03.csv;21571;0;0
272523;despesas_es_2024_completo_parte_03.csv;21580;0;0
272547;despesas_es_2024_completo_parte_03.csv;21604;347495;1
272606;despesas_es_2024_completo_parte_03.csv;21663;1920763;1
272620;despesas_es_2024_completo_parte_03.csv;21677;0;0
272708;despesas_es_2024_completo_parte_03.csv;21765;330554;1
272915;despesas_es_2024_completo_parte_03.csv;21972;0;0
272940;despesas_es_2024_completo_parte_03.csv;21997;277564;1
272997;despesas_es_2024_completo_parte_03.csv;22054;0;0
273039;despesas_es_2024_completo_parte_03.csv;22096;0;0
273076;despesas_es_2024_completo_parte_03.csv;22133;0;0
273149;despesas_es_2024_completo_parte_03.csv;22206;563662;1
273164;despesas_es_2024_completo_parte_03.csv;22221;53921039;1
273178;despesas_es_2024_completo_parte_03.csv;22235;0;0
273376;despesas_es_2024_completo_parte_03.csv;22433;0;0
273569;despesas_es_2024_completo_parte_03.csv;22626;0;0
273620;despesas_es_2024_completo_parte_03.csv;22677;6420840;1
273687;despesas_es_2024_completo_parte_03.csv;22744;0;0
273719;despesas_es_2024_completo_parte_03.csv;22776;21341;1
273730;despesas_es_2024_completo_parte_03.csv;22787;0;0
273745;despesas_es_2024_completo_parte_03.csv;22802;47921;1
273787;despesas_es_2024_completo_parte_03.csv;22844;51774;1
273806;despesas_es_2024_completo_parte_03.csv;22863;561085;1
273889;despesas_es_2024_completo_parte_03.csv;22946;0;0
273931;despesas_es_2024_completo_parte_03.csv;22988;0;0
273941;despesas_es_2024_completo_parte_03.csv;22998;0;0
273986;despesas_es_2024_completo_parte_03.csv;23043;97010;1
274067;despesas_es_2024_completo_parte_03.csv;23124;0;0
274093;despesas_es_2024_completo_parte_03.csv;23150;792608;1
274122;despesas_es_2024_completo_parte_03.csv;23179;138271;1
274126;despesas_es_2024_completo_parte_03.csv;23183;17587267;1
274157;despesas_es_2024_completo_parte_03.csv;23214;0;0
274194;despesas_es_2024_completo_parte_03.csv;23251;0;0
274259;despesas_es_2024_completo_parte_03.csv;23316;74800;1
274287;despesas_es_2024_completo_parte_03.csv;23344;1186500;1
274350;despesas_es_2024_completo_parte_03.csv;23407;4040800;1
274370;despesas_es_2024_completo_parte_03.csv;23427;0;0
274445;despesas_es_2024_completo_parte_03.csv;23502;0;0
274557;despesas_es_2024_completo_parte_03.csv;23614;0;0
274567;despesas_es_2024_completo_parte_03.csv;23624;0;0
274569;despesas_es_2024_completo_parte_03.csv;23626;0;0
274675;despesas_es_2024_completo_parte_03.csv;23732;0;0
274679;despesas_es_2024_completo_parte_03.csv;23736;0;0
274751;despesas_es_2024_completo_parte_03.csv;23808;446410;1
274779;despesas_es_2024_completo_parte_03.csv;23836;0;0
274828;despesas_es_2024_completo_parte_03.csv;23885;0;0
274882;despesas_es_2024_completo_parte_03.csv;23939;0;0
274967;despesas_es_2024_completo_parte_03.csv;24024;296400;1
274988;despesas_es_2024_completo_parte_03.csv;24045;0;0
274993;despesas_es_2024_completo_parte_03.csv;24050;0;0
275001;despesas_es_2024_completo_parte_03.csv;24058;19352178;1
275007;despesas_es_2024_completo_parte_03.csv;24064;0;0
275009;despesas_es_2024_completo_parte_03.csv;24066;0;0
275030;despesas_es_2024_completo_parte_03.csv;24087;0;0
275048;despesas_es_2024_completo_parte_03.csv;24105;0;0
275065;despesas_es_2024_completo_parte_03.csv;24122;0;0
275295;despesas_es_2024_completo_parte_03.csv;24352;0;0
275323;despesas_es_2024_completo_parte_03.csv;24380;0;0
275381;despesas_es_2024_completo_parte_03.csv;24438;0;0
275482;despesas_es_2024_completo_parte_03.csv;24539;0;0
275523;despesas_es_2024_completo_parte_03.csv;24580;13739232;1
275533;despesas_es_2024_completo_parte_03.csv;24590;0;0
275562;despesas_es_2024_completo_parte_03.csv;24619;596662;1
275682;despesas_es_2024_completo_parte_03.csv;24739;0;0
275707;despesas_es_2024_completo_parte_03.csv;24764;0;0
275854;despesas_es_2024_completo_parte_03.csv;24911;0;0
275960;despesas_es_2024_completo_parte_03.csv;25017;374241;1
275963;despesas_es_2024_completo_parte_03.csv;25020;29980;1
276005;despesas_es_2024_completo_parte_03.csv;25062;31987;1
276102;despesas_es_2024_completo_parte_03.csv;25159;0;0
276126;despesas_es_2024_completo_parte_03.csv;25183;0;0
276171;despesas_es_2024_completo_parte_03.csv;25228;0;0
276173;despesas_es_2024_completo_parte_03.csv;25230;0;0
276431;despesas_es_2024_completo_parte_03.csv;25488;0;0
276465;despesas_es_2024_completo_parte_03.csv;25522;0;0
276473;despesas_es_2024_completo_parte_03.csv;25530;0;0
276486;despesas_es_2024_completo_parte_03.csv;25543;0;0
276592;despesas_es_2024_completo_parte_03.csv;25649;0;0
276657;despesas_es_2024_completo_parte_03.csv;25714;0;0
276680;despesas_es_2024_completo_parte_03.csv;25737;323631;1
276694;despesas_es_2024_completo_parte_03.csv;25751;6584;1
276695;despesas_es_2024_completo_parte_03.csv;25752;877220;1
276789;despesas_es_2024_completo_parte_03.csv;25846;32591;1
276833;despesas_es_2024_completo_parte_03.csv;25890;0;0
276882;despesas_es_2024_completo_parte_03.csv;25939;0;0
276905;despesas_es_2024_completo_parte_03.csv;25962;0;0
276929;despesas_es_2024_completo_parte_03.csv;25986;455184;1
277200;despesas_es_2024_completo_parte_03.csv;26257;0;0
277213;despesas_es_2024_completo_parte_03.csv;26270;160669924;1
277306;despesas_es_2024_completo_parte_03.csv;26363;0;0
277315;despesas_es_2024_completo_parte_03.csv;26372;0;0
277335;despesas_es_2024_completo_parte_03.csv;26392;8643;1
277393;despesas_es_2024_completo_parte_03.csv;26450;0;0
277396;despesas_es_2024_completo_parte_03.csv;26453;0;0
277448;despesas_es_2024_completo_parte_03.csv;26505;0;0
277487;despesas_es_2024_completo_parte_03.csv;26544;0;0
277491;despesas_es_2024_completo_parte_03.csv;26548;0;0
277512;despesas_es_2024_completo_parte_03.csv;26569;0;0
277525;despesas_es_2024_completo_parte_03.csv;26582;0;0
277627;despesas_es_2024_completo_parte_03.csv;26684;310155;1
277721;despesas_es_2024_completo_parte_03.csv;26778;608811720;1
277813;despesas_es_2024_completo_parte_03.csv;26870;762934;1
277829;despesas_es_2024_completo_parte_03.csv;26886;7858423;1
277839;despesas_es_2024_completo_parte_03.csv;26896;0;0
277856;despesas_es_2024_completo_parte_03.csv;26913;0;0
277865;despesas_es_2024_completo_parte_03.csv;26922;3347460;1
277875;despesas_es_2024_completo_parte_03.csv;26932;22000;1
277884;despesas_es_2024_completo_parte_03.csv;26941;0;0
277932;despesas_es_2024_completo_parte_03.csv;26989;0;0
277970;despesas_es_2024_completo_parte_03.csv;27027;0;0
278000;despesas_es_2024_completo_parte_03.csv;27057;489023;1
278113;despesas_es_2024_completo_parte_03.csv;27170;11748;1
278145;despesas_es_2024_completo_parte_03.csv;27202;0;0
278146;despesas_es_2024_completo_parte_03.csv;27203;0;0
278168;despesas_es_2024_completo_parte_03.csv;27225;0;0
278184;despesas_es_2024_completo_parte_03.csv;27241;0;0
278234;despesas_es_2024_completo_parte_03.csv;27291;8800;1
278244;despesas_es_2024_completo_parte_03.csv;27301;0;0
278281;despesas_es_2024_completo_parte_03.csv;27338;0;0
278286;despesas_es_2024_completo_parte_03.csv;27343;68000;1
278315;despesas_es_2024_completo_parte_03.csv;27372;8800;1
278325;despesas_es_2024_completo_parte_03.csv;27382;834000;1
278482;despesas_es_2024_completo_parte_03.csv;27539;0;0
278568;despesas_es_2024_completo_parte_03.csv;27625;407460928;1
278585;despesas_es_2024_completo_parte_03.csv;27642;10717;1
278716;despesas_es_2024_completo_parte_03.csv;27773;0;0
278734;despesas_es_2024_completo_parte_03.csv;27791;0;0
278784;despesas_es_2024_completo_parte_03.csv;27841;0;0
278804;despesas_es_2024_completo_parte_03.csv;27861;0;0
278838;despesas_es_2024_completo_parte_03.csv;27895;0;0
279081;despesas_es_2024_completo_parte_03.csv;28138;0;0
279092;despesas_es_2024_completo_parte_03.csv;28149;0;0
279109;despesas_es_2024_completo_parte_03.csv;28166;0;0
279157;despesas_es_2024_completo_parte_03.csv;28214;0;0
279161;despesas_es_2024_completo_parte_03.csv;28218;0;0
279215;despesas_es_2024_completo_parte_03.csv;28272;0;0
279310;despesas_es_2024_completo_parte_03.csv;28367;0;0
279330;despesas_es_2024_completo_parte_03.csv;28387;206987;1
279403;despesas_es_2024_completo_parte_03.csv;28460;369301;1
279449;despesas_es_2024_completo_parte_03.csv;28506;0;0
279458;despesas_es_2024_completo_parte_03.csv;28515;0;0
279490;despesas_es_2024_completo_parte_03.csv;28547;0;0
279516;despesas_es_2024_completo_parte_03.csv;28573;0;0
279541;despesas_es_2024_completo_parte_03.csv;28598;26057170;1
279671;despesas_es_2024_completo_parte_03.csv;28728;8800;1
279673;despesas_es_2024_completo_parte_03.csv;28730;8386744;1
279704;despesas_es_2024_completo_parte_03.csv;28761;-8800;0
279788;despesas_es_2024_completo_parte_03.csv;28845;829056;1
279802;despesas_es_2024_completo_parte_03.csv;28859;0;0
279805;despesas_es_2024_completo_parte_03.csv;28862;0;0
280072;despesas_es_2024_completo_parte_03.csv;29129;0;0
280182;despesas_es_2024_completo_parte_03.csv;29239;0;0
280183;despesas_es_2024_completo_parte_03.csv;29240;0;0
280191;despesas_es_2024_completo_parte_03.csv;29248;0;0
280250;despesas_es_2024_completo_parte_03.csv;29307;0;0
280287;despesas_es_2024_completo_parte_03.csv;29344;0;0
280350;despesas_es_2024_completo_parte_03.csv;29407;0;0
280404;despesas_es_2024_completo_parte_03.csv;29461;0;0
280429;despesas_es_2024_completo_parte_03.csv;29486;187268;1
280443;despesas_es_2024_completo_parte_03.csv;29500;0;0
280449;despesas_es_2024_completo_parte_03.csv;29506;0;0
280574;despesas_es_2024_completo_parte_03.csv;29631;0;0
280609;despesas_es_2024_completo_parte_03.csv;29666;0;0
280651;despesas_es_2024_completo_parte_03.csv;29708;578820;1
280677;despesas_es_2024_completo_parte_03.csv;29734;87750;1
280687;despesas_es_2024_completo_parte_03.csv;29744;2781106;1
280757;despesas_es_2024_completo_parte_03.csv;29814;552913;1
280857;despesas_es_2024_completo_parte_03.csv;29914;0;0
280860;despesas_es_2024_completo_parte_03.csv;29917;0;0
280921;despesas_es_2024_completo_parte_03.csv;29978;0;0
280999;despesas_es_2024_completo_parte_03.csv;30056;0;0
281045;despesas_es_2024_completo_parte_03.csv;30102;0;0
281062;despesas_es_2024_completo_parte_03.csv;30119;0;0
281064;despesas_es_2024_completo_parte_03.csv;30121;0;0
281084;despesas_es_2024_completo_parte_03.csv;30141;0;0
281264;despesas_es_2024_completo_parte_03.csv;30321;0;0
281356;despesas_es_2024_completo_parte_03.csv;30413;2299570;1
281420;despesas_es_2024_completo_parte_03.csv;30477;0;0
281431;despesas_es_2024_completo_parte_03.csv;30488;0;0
281441;despesas_es_2024_completo_parte_03.csv;30498;0;0
281467;despesas_es_2024_completo_parte_03.csv;30524;3134417;1
281623;despesas_es_2024_completo_parte_03.csv;30680;0;0
281710;despesas_es_2024_completo_parte_03.csv;30767;36397;1
281738;despesas_es_2024_completo_parte_03.csv;30795;0;0
281739;despesas_es_2024_completo_parte_03.csv;30796;0;0
281962;despesas_es_2024_completo_parte_03.csv;31019;0;0
281963;despesas_es_2024_completo_parte_03.csv;31020;0;0
281983;despesas_es_2024_completo_parte_03.csv;31040;92912;1
281985;despesas_es_2024_completo_parte_03.csv;31042;5992;1
281993;despesas_es_2024_completo_parte_03.csv;31050;0;0
282100;despesas_es_2024_completo_parte_03.csv;31157;8800;1
282118;despesas_es_2024_completo_parte_03.csv;31175;0;0
282176;despesas_es_2024_completo_parte_03.csv;31233;150000;1
282264;despesas_es_2024_completo_parte_03.csv;31321;13143;1
282273;despesas_es_2024_completo_parte_03.csv;31330;112829;1
282288;despesas_es_2024_completo_parte_03.csv;31345;0;0
282472;despesas_es_2024_completo_parte_03.csv;31529;22000;1
282485;despesas_es_2024_completo_parte_03.csv;31542;461121;1
282678;despesas_es_2024_completo_parte_03.csv;31735;0;0
282715;despesas_es_2024_completo_parte_03.csv;31772;0;0
282756;despesas_es_2024_completo_parte_03.csv;31813;0;0
282767;despesas_es_2024_completo_parte_03.csv;31824;0;0
282779;despesas_es_2024_completo_parte_03.csv;31836;0;0
282879;despesas_es_2024_completo_parte_03.csv;31936;0;0
282948;despesas_es_2024_completo_parte_03.csv;32005;104211;1
282977;despesas_es_2024_completo_parte_03.csv;32034;0;0
282982;despesas_es_2024_completo_parte_03.csv;32039;0;0
282996;despesas_es_2024_completo_parte_03.csv;32053;0;0
283015;despesas_es_2024_completo_parte_03.csv;32072;0;0
283016;despesas_es_2024_completo_parte_03.csv;32073;0;0
283066;despesas_es_2024_completo_parte_03.csv;32123;0;0
283084;despesas_es_2024_completo_parte_03.csv;32141;0;0
283147;despesas_es_2024_completo_parte_03.csv;32204;0;0
283171;despesas_es_2024_completo_parte_03.csv;32228;4679;1
283208;despesas_es_2024_completo_parte_03.csv;32265;0;0
283320;despesas_es_2024_completo_parte_03.csv;32377;0;0
283326;despesas_es_2024_completo_parte_03.csv;32383;57279;1
283348;despesas_es_2024_completo_parte_03.csv;32405;0;0
283356;despesas_es_2024_completo_parte_03.csv;32413;0;0
283471;despesas_es_2024_completo_parte_03.csv;32528;33361;1
283503;despesas_es_2024_completo_parte_03.csv;32560;0;0
283506;despesas_es_2024_completo_parte_03.csv;32563;0;0
283624;despesas_es_2024_completo_parte_03.csv;32681;37800;1
283628;despesas_es_2024_completo_parte_03.csv;32685;50000;1
283671;despesas_es_2024_completo_parte_03.csv;32728;0;0
283812;despesas_es_2024_completo_parte_03.csv;32869;8800;1
283891;despesas_es_2024_completo_parte_03.csv;32948;0;0
283943;despesas_es_2024_completo_parte_03.csv;33000;0;0
284004;despesas_es_2024_completo_parte_03.csv;33061;1428129;1
284039;despesas_es_2024_completo_parte_03.csv;33096;0;0
284077;despesas_es_2024_completo_parte_03.csv;33134;0;0
284109;despesas_es_2024_completo_parte_03.csv;33166;0;0
284126;despesas_es_2024_completo_parte_03.csv;33183;0;0
284139;despesas_es_2024_completo_parte_03.csv;33196;0;0
284243;despesas_es_2024_completo_parte_03.csv;33300;386084;1
284274;despesas_es_2024_completo_parte_03.csv;33331;0;0
284391;despesas_es_2024_completo_parte_03.csv;33448;415742;1
284432;despesas_es_2024_completo_parte_03.csv;33489;0;0
284472;despesas_es_2024_completo_parte_03.csv;33529;8800;1
284493;despesas_es_2024_completo_parte_03.csv;33550;673807;1
284641;despesas_es_2024_completo_parte_03.csv;33698;196216;1
284680;despesas_es_2024_completo_parte_03.csv;33737;0;0
284707;despesas_es_2024_completo_parte_03.csv;33764;285120;1
284748;despesas_es_2024_completo_parte_03.csv;33805;0;0
284782;despesas_es_2024_completo_parte_03.csv;33839;7614;1
284903;despesas_es_2024_completo_parte_03.csv;33960;200000;1
284964;despesas_es_2024_completo_parte_03.csv;34021;0;0
285025;despesas_es_2024_completo_parte_03.csv;34082;74800;1
285033;despesas_es_2024_completo_parte_03.csv;34090;460292;1
285047;despesas_es_2024_completo_parte_03.csv;34104;1077972;1
285068;despesas_es_2024_completo_parte_03.csv;34125;0;0
285077;despesas_es_2024_completo_parte_03.csv;34134;8800;1
285094;despesas_es_2024_completo_parte_03.csv;34151;509993;1
285125;despesas_es_2024_completo_parte_03.csv;34182;0;0
285297;despesas_es_2024_completo_parte_03.csv;34354;0;0
285363;despesas_es_2024_completo_parte_03.csv;34420;0;0
285423;despesas_es_2024_completo_parte_03.csv;34480;169873;1
285448;despesas_es_2024_completo_parte_03.csv;34505;0;0
285450;despesas_es_2024_completo_parte_03.csv;34507;33234;1
285452;despesas_es_2024_completo_parte_03.csv;34509;4843;1
285571;despesas_es_2024_completo_parte_03.csv;34628;0;0
285582;despesas_es_2024_completo_parte_03.csv;34639;0;0
285738;despesas_es_2024_completo_parte_03.csv;34795;0;0
285751;despesas_es_2024_completo_parte_03.csv;34808;42425;1
285769;despesas_es_2024_completo_parte_03.csv;34826;0;0
285776;despesas_es_2024_completo_parte_03.csv;34833;0;0
286023;despesas_es_2024_completo_parte_03.csv;35080;0;0
286115;despesas_es_2024_completo_parte_03.csv;35172;0;0
286158;despesas_es_2024_completo_parte_03.csv;35215;0;0
286160;despesas_es_2024_completo_parte_03.csv;35217;0;0
286193;despesas_es_2024_completo_parte_03.csv;35250;0;0
286235;despesas_es_2024_completo_parte_03.csv;35292;0;0
286347;despesas_es_2024_completo_parte_03.csv;35404;0;0
286379;despesas_es_2024_completo_parte_03.csv;35436;0;0
286407;despesas_es_2024_completo_parte_03.csv;35464;0;0
286436;despesas_es_2024_completo_parte_03.csv;35493;0;0
286499;despesas_es_2024_completo_parte_03.csv;35556;0;0
286507;despesas_es_2024_completo_parte_03.csv;35564;0;0
286529;despesas_es_2024_completo_parte_03.csv;35586;0;0
286567;despesas_es_2024_completo_parte_03.csv;35624;6700;1
286616;despesas_es_2024_completo_parte_03.csv;35673;0;0
286627;despesas_es_2024_completo_parte_03.csv;35684;0;0
286636;despesas_es_2024_completo_parte_03.csv;35693;0;0
286644;despesas_es_2024_completo_parte_03.csv;35701;0;0
286738;despesas_es_2024_completo_parte_03.csv;35795;0;0
286750;despesas_es_2024_completo_parte_03.csv;35807;0;0
286788;despesas_es_2024_completo_parte_03.csv;35845;3404120;1
286824;despesas_es_2024_completo_parte_03.csv;35881;0;0
286851;despesas_es_2024_completo_parte_03.csv;35908;0;0
286898;despesas_es_2024_completo_parte_03.csv;35955;0;0
286909;despesas_es_2024_completo_parte_03.csv;35966;50000;1
286937;despesas_es_2024_completo_parte_03.csv;35994;0;0
287018;despesas_es_2024_completo_parte_03.csv;36075;899087;1
287040;despesas_es_2024_completo_parte_03.csv;36097;110382;1
287076;despesas_es_2024_completo_parte_03.csv;36133;0;0
287106;despesas_es_2024_completo_parte_03.csv;36163;0;0
287135;despesas_es_2024_completo_parte_03.csv;36192;0;0
287181;despesas_es_2024_completo_parte_03.csv;36238;0;0
287218;despesas_es_2024_completo_parte_03.csv;36275;0;0
287316;despesas_es_2024_completo_parte_03.csv;36373;0;0
287331;despesas_es_2024_completo_parte_03.csv;36388;0;0
287374;despesas_es_2024_completo_parte_03.csv;36431;0;0
287413;despesas_es_2024_completo_parte_03.csv;36470;0;0
287418;despesas_es_2024_completo_parte_03.csv;36475;0;0
287419;despesas_es_2024_completo_parte_03.csv;36476;0;0
287422;despesas_es_2024_completo_parte_03.csv;36479;51151;1
287423;despesas_es_2024_completo_parte_03.csv;36480;0;0
287482;despesas_es_2024_completo_parte_03.csv;36539;0;0
287531;despesas_es_2024_completo_parte_03.csv;36588;207307;1
287599;despesas_es_2024_completo_parte_03.csv;36656;0;0
287616;despesas_es_2024_completo_parte_03.csv;36673;0;0
287698;despesas_es_2024_completo_parte_03.csv;36755;0;0
287709;despesas_es_2024_completo_parte_03.csv;36766;30800;1
287732;despesas_es_2024_completo_parte_03.csv;36789;0;0
287819;despesas_es_2024_completo_parte_03.csv;36876;0;0
287863;despesas_es_2024_completo_parte_03.csv;36920;0;0
287879;despesas_es_2024_completo_parte_03.csv;36936;0;0
287936;despesas_es_2024_completo_parte_03.csv;36993;0;0
287951;despesas_es_2024_completo_parte_03.csv;37008;246281;1
288040;despesas_es_2024_completo_parte_03.csv;37097;0;0
288085;despesas_es_2024_completo_parte_03.csv;37142;0;0
288102;despesas_es_2024_completo_parte_03.csv;37159;0;0
288151;despesas_es_2024_completo_parte_03.csv;37208;0;0
288195;despesas_es_2024_completo_parte_03.csv;37252;0;0
288218;despesas_es_2024_completo_parte_03.csv;37275;0;0
288261;despesas_es_2024_completo_parte_03.csv;37318;0;0
288408;despesas_es_2024_completo_parte_03.csv;37465;540305;1
288581;despesas_es_2024_completo_parte_03.csv;37638;0;0
288583;despesas_es_2024_completo_parte_03.csv;37640;0;0
288680;despesas_es_2024_completo_parte_03.csv;37737;43244;1
288758;despesas_es_2024_completo_parte_03.csv;37815;0;0
288764;despesas_es_2024_completo_parte_03.csv;37821;0;0
288789;despesas_es_2024_completo_parte_03.csv;37846;0;0
288824;despesas_es_2024_completo_parte_03.csv;37881;0;0
288889;despesas_es_2024_completo_parte_03.csv;37946;0;0
288906;despesas_es_2024_completo_parte_03.csv;37963;403295;1
288936;despesas_es_2024_completo_parte_03.csv;37993;0;0
288973;despesas_es_2024_completo_parte_03.csv;38030;408408;1
289013;despesas_es_2024_completo_parte_03.csv;38070;-60000;0
289041;despesas_es_2024_completo_parte_03.csv;38098;0;0
289099;despesas_es_2024_completo_parte_03.csv;38156;0;0
289127;despesas_es_2024_completo_parte_03.csv;38184;0;0
289129;despesas_es_2024_completo_parte_03.csv;38186;4289919;1
289198;despesas_es_2024_completo_parte_03.csv;38255;0;0
289241;despesas_es_2024_completo_parte_03.csv;38298;0;0
289262;despesas_es_2024_completo_parte_03.csv;38319;0;0
289294;despesas_es_2024_completo_parte_03.csv;38351;33390;1
289316;despesas_es_2024_completo_parte_03.csv;38373;0;0
289414;despesas_es_2024_completo_parte_03.csv;38471;0;0
289595;despesas_es_2024_completo_parte_03.csv;38652;434094;1
289616;despesas_es_2024_completo_parte_03.csv;38673;0;0
289648;despesas_es_2024_completo_parte_03.csv;38705;6864;1
289654;despesas_es_2024_completo_parte_03.csv;38711;0;0
289693;despesas_es_2024_completo_parte_03.csv;38750;0;0
289700;despesas_es_2024_completo_parte_03.csv;38757;0;0
289730;despesas_es_2024_completo_parte_03.csv;38787;0;0
289763;despesas_es_2024_completo_parte_03.csv;38820;0;0
289775;despesas_es_2024_completo_parte_03.csv;38832;0;0
289817;despesas_es_2024_completo_parte_03.csv;38874;24850000;1
289829;despesas_es_2024_completo_parte_03.csv;38886;0;0
289940;despesas_es_2024_completo_parte_03.csv;38997;0;0
289955;despesas_es_2024_completo_parte_03.csv;39012;0;0
289984;despesas_es_2024_completo_parte_03.csv;39041;299000;1
290022;despesas_es_2024_completo_parte_03.csv;39079;0;0
290119;despesas_es_2024_completo_parte_03.csv;39176;30800;1
290141;despesas_es_2024_completo_parte_03.csv;39198;8800;1
290160;despesas_es_2024_completo_parte_03.csv;39217;2398;1
290479;despesas_es_2024_completo_parte_03.csv;39536;0;0
290743;despesas_es_2024_completo_parte_03.csv;39800;0;0
290745;despesas_es_2024_completo_parte_03.csv;39802;0;0
290793;despesas_es_2024_completo_parte_03.csv;39850;0;0
290871;despesas_es_2024_completo_parte_03.csv;39928;0;0
290967;despesas_es_2024_completo_parte_03.csv;40024;195004;1
291267;despesas_es_2024_completo_parte_03.csv;40324;0;0
291502;despesas_es_2024_completo_parte_03.csv;40559;0;0
291508;despesas_es_2024_completo_parte_03.csv;40565;0;0
291591;despesas_es_2024_completo_parte_03.csv;40648;0;0
291610;despesas_es_2024_completo_parte_03.csv;40667;0;0
291614;despesas_es_2024_completo_parte_03.csv;40671;0;0
291615;despesas_es_2024_completo_parte_03.csv;40672;0;0
291676;despesas_es_2024_completo_parte_03.csv;40733;0;0
291729;despesas_es_2024_completo_parte_03.csv;40786;0;0
291748;despesas_es_2024_completo_parte_03.csv;40805;-665654;0
291757;despesas_es_2024_completo_parte_03.csv;40814;0;0
291823;despesas_es_2024_completo_parte_03.csv;40880;0;0
291919;despesas_es_2024_completo_parte_03.csv;40976;1232;1
291936;despesas_es_2024_completo_parte_03.csv;40993;0;0
291972;despesas_es_2024_completo_parte_03.csv;41029;0;0
291993;despesas_es_2024_completo_parte_03.csv;41050;8800;1
292021;despesas_es_2024_completo_parte_03.csv;41078;22327;1
292066;despesas_es_2024_completo_parte_03.csv;41123;5617;1
292079;despesas_es_2024_completo_parte_03.csv;41136;52800;1
292099;despesas_es_2024_completo_parte_03.csv;41156;0;0
292161;despesas_es_2024_completo_parte_03.csv;41218;0;0
292177;despesas_es_2024_completo_parte_03.csv;41234;2431632;1
292215;despesas_es_2024_completo_parte_03.csv;41272;0;0
292223;despesas_es_2024_completo_parte_03.csv;41280;4397979;1
292232;despesas_es_2024_completo_parte_03.csv;41289;612612;1
292248;despesas_es_2024_completo_parte_03.csv;41305;0;0
292302;despesas_es_2024_completo_parte_03.csv;41359;0;0
292322;despesas_es_2024_completo_parte_03.csv;41379;958567;1
292347;despesas_es_2024_completo_parte_03.csv;41404;95701244;1
292404;despesas_es_2024_completo_parte_03.csv;41461;260464;1
292447;despesas_es_2024_completo_parte_03.csv;41504;0;0
292521;despesas_es_2024_completo_parte_03.csv;41578;0;0
292565;despesas_es_2024_completo_parte_03.csv;41622;0;0
292576;despesas_es_2024_completo_parte_03.csv;41633;0;0
292578;despesas_es_2024_completo_parte_03.csv;41635;0;0
292596;despesas_es_2024_completo_parte_03.csv;41653;0;0
292616;despesas_es_2024_completo_parte_03.csv;41673;0;0
292651;despesas_es_2024_completo_parte_03.csv;41708;0;0
292654;despesas_es_2024_completo_parte_03.csv;41711;0;0
292786;despesas_es_2024_completo_parte_03.csv;41843;0;0
292901;despesas_es_2024_completo_parte_03.csv;41958;0;0
292919;despesas_es_2024_completo_parte_03.csv;41976;570865;1
292927;despesas_es_2024_completo_parte_03.csv;41984;121200;1
292981;despesas_es_2024_completo_parte_03.csv;42038;0;0
293006;despesas_es_2024_completo_parte_03.csv;42063;0;0
293030;despesas_es_2024_completo_parte_03.csv;42087;1354358;1
293236;despesas_es_2024_completo_parte_03.csv;42293;25596;1
293244;despesas_es_2024_completo_parte_03.csv;42301;116307;1
293253;despesas_es_2024_completo_parte_03.csv;42310;0;0
293260;despesas_es_2024_completo_parte_03.csv;42317;0;0
293375;despesas_es_2024_completo_parte_03.csv;42432;0;0
293419;despesas_es_2024_completo_parte_03.csv;42476;0;0
293498;despesas_es_2024_completo_parte_03.csv;42555;0;0
293577;despesas_es_2024_completo_parte_03.csv;42634;0;0
293593;despesas_es_2024_completo_parte_03.csv;42650;0;0
293607;despesas_es_2024_completo_parte_03.csv;42664;0;0
293619;despesas_es_2024_completo_parte_03.csv;42676;0;0
293651;despesas_es_2024_completo_parte_03.csv;42708;0;0
293736;despesas_es_2024_completo_parte_03.csv;42793;0;0
293750;despesas_es_2024_completo_parte_03.csv;42807;0;0
293768;despesas_es_2024_completo_parte_03.csv;42825;0;0
293925;despesas_es_2024_completo_parte_03.csv;42982;0;0
293943;despesas_es_2024_completo_parte_03.csv;43000;0;0
294058;despesas_es_2024_completo_parte_03.csv;43115;0;0
294112;despesas_es_2024_completo_parte_03.csv;43169;0;0
294137;despesas_es_2024_completo_parte_03.csv;43194;0;0
294168;despesas_es_2024_completo_parte_03.csv;43225;280551;1
294230;despesas_es_2024_completo_parte_03.csv;43287;353;1
294411;despesas_es_2024_completo_parte_03.csv;43468;0;0
294481;despesas_es_2024_completo_parte_03.csv;43538;0;0
294604;despesas_es_2024_completo_parte_03.csv;43661;0;0
294683;despesas_es_2024_completo_parte_03.csv;43740;0;0
294713;despesas_es_2024_completo_parte_03.csv;43770;9910724;1
294729;despesas_es_2024_completo_parte_03.csv;43786;0;0
294811;despesas_es_2024_completo_parte_03.csv;43868;0;0
294818;despesas_es_2024_completo_parte_03.csv;43875;96800;1
294892;despesas_es_2024_completo_parte_03.csv;43949;0;0
294900;despesas_es_2024_completo_parte_03.csv;43957;0;0
295032;despesas_es_2024_completo_parte_03.csv;44089;0;0
295081;despesas_es_2024_completo_parte_03.csv;44138;3679564;1
295094;despesas_es_2024_completo_parte_03.csv;44151;0;0
295108;despesas_es_2024_completo_parte_03.csv;44165;30800;1
295120;despesas_es_2024_completo_parte_03.csv;44177;-385980;0
295169;despesas_es_2024_completo_parte_03.csv;44226;0;0
295175;despesas_es_2024_completo_parte_03.csv;44232;0;0
295189;despesas_es_2024_completo_parte_03.csv;44246;1154423;1
295212;despesas_es_2024_completo_parte_03.csv;44269;0;0
295246;despesas_es_2024_completo_parte_03.csv;44303;0;0
295263;despesas_es_2024_completo_parte_03.csv;44320;30800;1
295274;despesas_es_2024_completo_parte_03.csv;44331;8801;1
295302;despesas_es_2024_completo_parte_03.csv;44359;87750;1
295349;despesas_es_2024_completo_parte_03.csv;44406;54928;1
295353;despesas_es_2024_completo_parte_03.csv;44410;107960;1
295373;despesas_es_2024_completo_parte_03.csv;44430;0;0
295408;despesas_es_2024_completo_parte_03.csv;44465;0;0
295449;despesas_es_2024_completo_parte_03.csv;44506;13415;1
295470;despesas_es_2024_completo_parte_03.csv;44527;113732;1
295473;despesas_es_2024_completo_parte_03.csv;44530;326;1
295572;despesas_es_2024_completo_parte_03.csv;44629;0;0
295642;despesas_es_2024_completo_parte_03.csv;44699;0;0
295719;despesas_es_2024_completo_parte_03.csv;44776;0;0
295729;despesas_es_2024_completo_parte_03.csv;44786;4983;1
295850;despesas_es_2024_completo_parte_03.csv;44907;0;0
295907;despesas_es_2024_completo_parte_03.csv;44964;0;0
295929;despesas_es_2024_completo_parte_03.csv;44986;7695;1
295982;despesas_es_2024_completo_parte_03.csv;45039;0;0
296097;despesas_es_2024_completo_parte_03.csv;45154;0;0
296146;despesas_es_2024_completo_parte_03.csv;45203;0;0
296237;despesas_es_2024_completo_parte_03.csv;45294;0;0
296313;despesas_es_2024_completo_parte_03.csv;45370;32448;1
296394;despesas_es_2024_completo_parte_03.csv;45451;45255187;1
296402;despesas_es_2024_completo_parte_03.csv;45459;0;0
296534;despesas_es_2024_completo_parte_03.csv;45591;325519;1
296595;despesas_es_2024_completo_parte_03.csv;45652;-691316;0
296626;despesas_es_2024_completo_parte_03.csv;45683;30800;1
296657;despesas_es_2024_completo_parte_03.csv;45714;0;0
296718;despesas_es_2024_completo_parte_03.csv;45775;21702;1
296720;despesas_es_2024_completo_parte_03.csv;45777;0;0
296978;despesas_es_2024_completo_parte_03.csv;46035;568516;1
297009;despesas_es_2024_completo_parte_03.csv;46066;0;0
297047;despesas_es_2024_completo_parte_03.csv;46104;449334;1
297054;despesas_es_2024_completo_parte_03.csv;46111;85505;1
297073;despesas_es_2024_completo_parte_03.csv;46130;0;0
297138;despesas_es_2024_completo_parte_03.csv;46195;0;0
297147;despesas_es_2024_completo_parte_03.csv;46204;0;0
297354;despesas_es_2024_completo_parte_03.csv;46411;0;0
297360;despesas_es_2024_completo_parte_03.csv;46417;0;0
297366;despesas_es_2024_completo_parte_03.csv;46423;0;0
297496;despesas_es_2024_completo_parte_03.csv;46553;0;0
297510;despesas_es_2024_completo_parte_03.csv;46567;0;0
297574;despesas_es_2024_completo_parte_03.csv;46631;3246;1
297591;despesas_es_2024_completo_parte_03.csv;46648;109368;1
297633;despesas_es_2024_completo_parte_03.csv;46690;0;0
297638;despesas_es_2024_completo_parte_03.csv;46695;0;0
297734;despesas_es_2024_completo_parte_03.csv;46791;0;0
297757;despesas_es_2024_completo_parte_03.csv;46814;0;0
297923;despesas_es_2024_completo_parte_03.csv;46980;89435;1
297951;despesas_es_2024_completo_parte_03.csv;47008;0;0
297954;despesas_es_2024_completo_parte_03.csv;47011;0;0
298326;despesas_es_2024_completo_parte_03.csv;47383;0;0
298385;despesas_es_2024_completo_parte_03.csv;47442;0;0
298387;despesas_es_2024_completo_parte_03.csv;47444;0;0
298417;despesas_es_2024_completo_parte_03.csv;47474;0;0
298500;despesas_es_2024_completo_parte_03.csv;47557;650000;1
298509;despesas_es_2024_completo_parte_03.csv;47566;124125;1
298627;despesas_es_2024_completo_parte_03.csv;47684;-256194;0
298655;despesas_es_2024_completo_parte_03.csv;47712;14540875;1
298725;despesas_es_2024_completo_parte_03.csv;47782;0;0
298739;despesas_es_2024_completo_parte_03.csv;47796;0;0
298766;despesas_es_2024_completo_parte_03.csv;47823;8194;1
298775;despesas_es_2024_completo_parte_03.csv;47832;18435;1
298863;despesas_es_2024_completo_parte_03.csv;47920;91402;1
298864;despesas_es_2024_completo_parte_03.csv;47921;69701;1
298880;despesas_es_2024_completo_parte_03.csv;47937;0;0
298925;despesas_es_2024_completo_parte_03.csv;47982;0;0
298933;despesas_es_2024_completo_parte_03.csv;47990;22913;1
299000;despesas_es_2024_completo_parte_03.csv;48057;1716;1
299030;despesas_es_2024_completo_parte_03.csv;48087;73311;1
299125;despesas_es_2024_completo_parte_03.csv;48182;1083893;1
299170;despesas_es_2024_completo_parte_03.csv;48227;0;0
299260;despesas_es_2024_completo_parte_03.csv;48317;0;0
299292;despesas_es_2024_completo_parte_03.csv;48349;0;0
299328;despesas_es_2024_completo_parte_03.csv;48385;0;0
299404;despesas_es_2024_completo_parte_03.csv;48461;0;0
299418;despesas_es_2024_completo_parte_03.csv;48475;0;0
299453;despesas_es_2024_completo_parte_03.csv;48510;0;0
299506;despesas_es_2024_completo_parte_03.csv;48563;0;0
299529;despesas_es_2024_completo_parte_03.csv;48586;0;0
299898;despesas_es_2024_completo_parte_03.csv;48955;0;0
299978;despesas_es_2024_completo_parte_03.csv;49035;8800;1
299985;despesas_es_2024_completo_parte_03.csv;49042;8988472;1
300064;despesas_es_2024_completo_parte_03.csv;49121;0;0
300067;despesas_es_2024_completo_parte_03.csv;49124;10813;1
300121;despesas_es_2024_completo_parte_03.csv;49178;0;0
300245;despesas_es_2024_completo_parte_03.csv;49302;0;0
300338;despesas_es_2024_completo_parte_03.csv;49395;0;0
300380;despesas_es_2024_completo_parte_03.csv;49437;0;0
300396;despesas_es_2024_completo_parte_03.csv;49453;3805;1
300410;despesas_es_2024_completo_parte_03.csv;49467;0;0
300415;despesas_es_2024_completo_parte_03.csv;49472;0;0
300432;despesas_es_2024_completo_parte_03.csv;49489;115200;1
300464;despesas_es_2024_completo_parte_03.csv;49521;0;0
300479;despesas_es_2024_completo_parte_03.csv;49536;0;0
300496;despesas_es_2024_completo_parte_03.csv;49553;200000;1
300592;despesas_es_2024_completo_parte_03.csv;49649;0;0
300609;despesas_es_2024_completo_parte_03.csv;49666;0;0
300718;despesas_es_2024_completo_parte_03.csv;49775;0;0
300783;despesas_es_2024_completo_parte_03.csv;49840;488800;1
300825;despesas_es_2024_completo_parte_03.csv;49882;0;0
300829;despesas_es_2024_completo_parte_03.csv;49886;0;0
300864;despesas_es_2024_completo_parte_03.csv;49921;0;0
300909;despesas_es_2024_completo_parte_03.csv;49966;0;0
300915;despesas_es_2024_completo_parte_03.csv;49972;240000;1
300921;despesas_es_2024_completo_parte_03.csv;49978;0;0
301011;despesas_es_2024_completo_parte_03.csv;50068;0;0
301078;despesas_es_2024_completo_parte_03.csv;50135;0;0
301106;despesas_es_2024_completo_parte_03.csv;50163;0;0
301143;despesas_es_2024_completo_parte_03.csv;50200;2331119;1
301174;despesas_es_2024_completo_parte_03.csv;50231;0;0
301447;despesas_es_2024_completo_parte_03.csv;50504;0;0
301520;despesas_es_2024_completo_parte_03.csv;50577;8313;1
301534;despesas_es_2024_completo_parte_03.csv;50591;15949;1
301565;despesas_es_2024_completo_parte_03.csv;50622;3432;1
301576;despesas_es_2024_completo_parte_03.csv;50633;21785;1
301638;despesas_es_2024_completo_parte_03.csv;50695;3334145;1
301685;despesas_es_2024_completo_parte_03.csv;50742;0;0
301779;despesas_es_2024_completo_parte_03.csv;50836;6128;1
301812;despesas_es_2024_completo_parte_03.csv;50869;0;0
301824;despesas_es_2024_completo_parte_03.csv;50881;5197573;1
301836;despesas_es_2024_completo_parte_03.csv;50893;30800;1
301863;despesas_es_2024_completo_parte_03.csv;50920;2650545;1
301961;despesas_es_2024_completo_parte_03.csv;51018;0;0
302103;despesas_es_2024_completo_parte_03.csv;51160;513920;1
302153;despesas_es_2024_completo_parte_03.csv;51210;995291;1
302212;despesas_es_2024_completo_parte_03.csv;51269;8100000;1
302297;despesas_es_2024_completo_parte_03.csv;51354;0;0
302354;despesas_es_2024_completo_parte_03.csv;51411;0;0
302375;despesas_es_2024_completo_parte_03.csv;51432;0;0
302472;despesas_es_2024_completo_parte_03.csv;51529;0;0
302484;despesas_es_2024_completo_parte_03.csv;51541;3362596;1
302488;despesas_es_2024_completo_parte_03.csv;51545;1027000;1
302512;despesas_es_2024_completo_parte_03.csv;51569;0;0
302552;despesas_es_2024_completo_parte_03.csv;51609;0;0
302571;despesas_es_2024_completo_parte_03.csv;51628;423852;1
302652;despesas_es_2024_completo_parte_03.csv;51709;0;0
302932;despesas_es_2024_completo_parte_03.csv;51989;0;0
303052;despesas_es_2024_completo_parte_03.csv;52109;0;0
303087;despesas_es_2024_completo_parte_03.csv;52144;0;0
303107;despesas_es_2024_completo_parte_03.csv;52164;0;0
303205;despesas_es_2024_completo_parte_03.csv;52262;0;0
303218;despesas_es_2024_completo_parte_03.csv;52275;0;0
303224;despesas_es_2024_completo_parte_03.csv;52281;39090;1
303230;despesas_es_2024_completo_parte_03.csv;52287;143;1
303238;despesas_es_2024_completo_parte_03.csv;52295;0;0
303259;despesas_es_2024_completo_parte_03.csv;52316;0;0
303362;despesas_es_2024_completo_parte_03.csv;52419;0;0
303372;despesas_es_2024_completo_parte_03.csv;52429;8800;1
303392;despesas_es_2024_completo_parte_03.csv;52449;93180;1
303416;despesas_es_2024_completo_parte_03.csv;52473;0;0
303480;despesas_es_2024_completo_parte_03.csv;52537;11606;1
303489;despesas_es_2024_completo_parte_03.csv;52546;6962;1
303590;despesas_es_2024_completo_parte_03.csv;52647;0;0
303597;despesas_es_2024_completo_parte_03.csv;52654;0;0
303627;despesas_es_2024_completo_parte_03.csv;52684;209583;1
303648;despesas_es_2024_completo_parte_03.csv;52705;116591;1
303667;despesas_es_2024_completo_parte_03.csv;52724;0;0
303723;despesas_es_2024_completo_parte_03.csv;52780;14592238;1
303728;despesas_es_2024_completo_parte_03.csv;52785;95793;1
303753;despesas_es_2024_completo_parte_03.csv;52810;8800;1
303994;despesas_es_2024_completo_parte_03.csv;53051;0;0
303995;despesas_es_2024_completo_parte_03.csv;53052;0;0
304012;despesas_es_2024_completo_parte_03.csv;53069;0;0
304037;despesas_es_2024_completo_parte_03.csv;53094;0;0
304270;despesas_es_2024_completo_parte_03.csv;53327;0;0
304369;despesas_es_2024_completo_parte_03.csv;53426;0;0
304375;despesas_es_2024_completo_parte_03.csv;53432;3373;1
304431;despesas_es_2024_completo_parte_03.csv;53488;0;0
304465;despesas_es_2024_completo_parte_03.csv;53522;0;0
304530;despesas_es_2024_completo_parte_03.csv;53587;0;0
304555;despesas_es_2024_completo_parte_03.csv;53612;0;0
304572;despesas_es_2024_completo_parte_03.csv;53629;88403;1
304623;despesas_es_2024_completo_parte_03.csv;53680;45751;1
304624;despesas_es_2024_completo_parte_03.csv;53681;8978;1
304635;despesas_es_2024_completo_parte_03.csv;53692;0;0
304753;despesas_es_2024_completo_parte_03.csv;53810;8800;1
304806;despesas_es_2024_completo_parte_03.csv;53863;1971496;1
304835;despesas_es_2024_completo_parte_03.csv;53892;0;0
304900;despesas_es_2024_completo_parte_03.csv;53957;77704;1
304976;despesas_es_2024_completo_parte_03.csv;54033;102175;1
305033;despesas_es_2024_completo_parte_03.csv;54090;0;0
305086;despesas_es_2024_completo_parte_03.csv;54143;0;0
305106;despesas_es_2024_completo_parte_03.csv;54163;115200;1
305107;despesas_es_2024_completo_parte_03.csv;54164;8800;1
305151;despesas_es_2024_completo_parte_03.csv;54208;0;0
305157;despesas_es_2024_completo_parte_03.csv;54214;0;0
305199;despesas_es_2024_completo_parte_03.csv;54256;856345;1
305205;despesas_es_2024_completo_parte_03.csv;54262;0;0
305237;despesas_es_2024_completo_parte_03.csv;54294;0;0
305437;despesas_es_2024_completo_parte_03.csv;54494;-85135;0
305485;despesas_es_2024_completo_parte_03.csv;54542;0;0
305500;despesas_es_2024_completo_parte_03.csv;54557;0;0
305590;despesas_es_2024_completo_parte_03.csv;54647;0;0
305632;despesas_es_2024_completo_parte_03.csv;54689;0;0
305675;despesas_es_2024_completo_parte_03.csv;54732;0;0
305684;despesas_es_2024_completo_parte_03.csv;54741;0;0
305701;despesas_es_2024_completo_parte_03.csv;54758;0;0
305708;despesas_es_2024_completo_parte_03.csv;54765;0;0
305800;despesas_es_2024_completo_parte_03.csv;54857;450000;1
305809;despesas_es_2024_completo_parte_03.csv;54866;678751;1
305861;despesas_es_2024_completo_parte_03.csv;54918;0;0
305865;despesas_es_2024_completo_parte_03.csv;54922;0;0
305892;despesas_es_2024_completo_parte_03.csv;54949;0;0
305907;despesas_es_2024_completo_parte_03.csv;54964;0;0
305969;despesas_es_2024_completo_parte_03.csv;55026;0;0
305982;despesas_es_2024_completo_parte_03.csv;55039;0;0
306084;despesas_es_2024_completo_parte_03.csv;55141;0;0
306109;despesas_es_2024_completo_parte_03.csv;55166;0;0
306151;despesas_es_2024_completo_parte_03.csv;55208;0;0
306182;despesas_es_2024_completo_parte_03.csv;55239;103740;1
306185;despesas_es_2024_completo_parte_03.csv;55242;3400;1
306218;despesas_es_2024_completo_parte_03.csv;55275;8202133;1
306270;despesas_es_2024_completo_parte_03.csv;55327;0;0
306307;despesas_es_2024_completo_parte_03.csv;55364;0;0
306346;despesas_es_2024_completo_parte_03.csv;55403;0;0
306382;despesas_es_2024_completo_parte_03.csv;55439;8800;1
306407;despesas_es_2024_completo_parte_03.csv;55464;0;0
306416;despesas_es_2024_completo_parte_03.csv;55473;0;0
306537;despesas_es_2024_completo_parte_03.csv;55594;0;0
306807;despesas_es_2024_completo_parte_03.csv;55864;0;0
306857;despesas_es_2024_completo_parte_03.csv;55914;371830;1
306864;despesas_es_2024_completo_parte_03.csv;55921;136000;1
306926;despesas_es_2024_completo_parte_03.csv;55983;0;0
306972;despesas_es_2024_completo_parte_03.csv;56029;0;0
307017;despesas_es_2024_completo_parte_03.csv;56074;0;0
307086;despesas_es_2024_completo_parte_03.csv;56143;0;0
307089;despesas_es_2024_completo_parte_03.csv;56146;0;0
307140;despesas_es_2024_completo_parte_03.csv;56197;0;0
307335;despesas_es_2024_completo_parte_03.csv;56392;52800;1
307337;despesas_es_2024_completo_parte_03.csv;56394;21073;1
307406;despesas_es_2024_completo_parte_03.csv;56463;0;0
307656;despesas_es_2024_completo_parte_03.csv;56713;0;0
307725;despesas_es_2024_completo_parte_03.csv;56782;396500961;1
307742;despesas_es_2024_completo_parte_03.csv;56799;0;0
307782;despesas_es_2024_completo_parte_03.csv;56839;0;0
307874;despesas_es_2024_completo_parte_03.csv;56931;0;0
307889;despesas_es_2024_completo_parte_03.csv;56946;20482;1
308087;despesas_es_2024_completo_parte_03.csv;57144;0;0
308175;despesas_es_2024_completo_parte_03.csv;57232;0;0
308204;despesas_es_2024_completo_parte_03.csv;57261;0;0
308260;despesas_es_2024_completo_parte_03.csv;57317;0;0
308332;despesas_es_2024_completo_parte_03.csv;57389;0;0
308347;despesas_es_2024_completo_parte_03.csv;57404;0;0
308375;despesas_es_2024_completo_parte_03.csv;57432;93712;1
308376;despesas_es_2024_completo_parte_03.csv;57433;945953;1
308414;despesas_es_2024_completo_parte_03.csv;57471;8800;1
308418;despesas_es_2024_completo_parte_03.csv;57475;16363524;1
308444;despesas_es_2024_completo_parte_03.csv;57501;0;0
308682;despesas_es_2024_completo_parte_03.csv;57739;2311920;1
308685;despesas_es_2024_completo_parte_03.csv;57742;1664000;1
308736;despesas_es_2024_completo_parte_03.csv;57793;98900;1
308743;despesas_es_2024_completo_parte_03.csv;57800;84906;1
308812;despesas_es_2024_completo_parte_03.csv;57869;0;0
308836;despesas_es_2024_completo_parte_03.csv;57893;8800;1
308873;despesas_es_2024_completo_parte_03.csv;57930;8800;1
308874;despesas_es_2024_completo_parte_03.csv;57931;8800;1
308929;despesas_es_2024_completo_parte_03.csv;57986;0;0
309012;despesas_es_2024_completo_parte_03.csv;58069;0;0
309132;despesas_es_2024_completo_parte_03.csv;58189;0;0
309165;despesas_es_2024_completo_parte_03.csv;58222;0;0
309233;despesas_es_2024_completo_parte_03.csv;58290;0;0
309498;despesas_es_2024_completo_parte_03.csv;58555;0;0
309500;despesas_es_2024_completo_parte_03.csv;58557;0;0
309504;despesas_es_2024_completo_parte_03.csv;58561;0;0
309513;despesas_es_2024_completo_parte_03.csv;58570;0;0
309525;despesas_es_2024_completo_parte_03.csv;58582;0;0
309529;despesas_es_2024_completo_parte_03.csv;58586;0;0
309535;despesas_es_2024_completo_parte_03.csv;58592;0;0
309663;despesas_es_2024_completo_parte_03.csv;58720;0;0
309669;despesas_es_2024_completo_parte_03.csv;58726;0;0
309701;despesas_es_2024_completo_parte_03.csv;58758;0;0
309756;despesas_es_2024_completo_parte_03.csv;58813;0;0
309789;despesas_es_2024_completo_parte_03.csv;58846;0;0
309822;despesas_es_2024_completo_parte_03.csv;58879;7248;1
309828;despesas_es_2024_completo_parte_03.csv;58885;67901;1
309898;despesas_es_2024_completo_parte_03.csv;58955;0;0
309915;despesas_es_2024_completo_parte_03.csv;58972;0;0
309945;despesas_es_2024_completo_parte_03.csv;59002;0;0
310018;despesas_es_2024_completo_parte_03.csv;59075;0;0
310062;despesas_es_2024_completo_parte_03.csv;59119;1704;1
310067;despesas_es_2024_completo_parte_03.csv;59124;0;0
310090;despesas_es_2024_completo_parte_03.csv;59147;0;0
310097;despesas_es_2024_completo_parte_03.csv;59154;4992;1
310180;despesas_es_2024_completo_parte_03.csv;59237;0;0
310253;despesas_es_2024_completo_parte_03.csv;59310;3018112;1
310291;despesas_es_2024_completo_parte_03.csv;59348;0;0
310364;despesas_es_2024_completo_parte_03.csv;59421;216990;1
310485;despesas_es_2024_completo_parte_03.csv;59542;0;0
310633;despesas_es_2024_completo_parte_03.csv;59690;0;0
310779;despesas_es_2024_completo_parte_03.csv;59836;22089;1
310842;despesas_es_2024_completo_parte_03.csv;59899;0;0
310866;despesas_es_2024_completo_parte_03.csv;59923;0;0
310869;despesas_es_2024_completo_parte_03.csv;59926;0;0
310968;despesas_es_2024_completo_parte_03.csv;60025;0;0
310986;despesas_es_2024_completo_parte_03.csv;60043;0;0
311084;despesas_es_2024_completo_parte_03.csv;60141;0;0
311144;despesas_es_2024_completo_parte_03.csv;60201;15780;1
311179;despesas_es_2024_completo_parte_03.csv;60236;0;0
311213;despesas_es_2024_completo_parte_03.csv;60270;0;0
311284;despesas_es_2024_completo_parte_03.csv;60341;0;0
311345;despesas_es_2024_completo_parte_03.csv;60402;0;0
311377;despesas_es_2024_completo_parte_03.csv;60434;0;0
311467;despesas_es_2024_completo_parte_03.csv;60524;13108;1
311517;despesas_es_2024_completo_parte_03.csv;60574;1839;1
311525;despesas_es_2024_completo_parte_03.csv;60582;338100;1
311628;despesas_es_2024_completo_parte_03.csv;60685;0;0
311705;despesas_es_2024_completo_parte_03.csv;60762;649924;1
311742;despesas_es_2024_completo_parte_03.csv;60799;9600;1
311865;despesas_es_2024_completo_parte_03.csv;60922;0;0
311890;despesas_es_2024_completo_parte_03.csv;60947;0;0
312017;despesas_es_2024_completo_parte_03.csv;61074;0;0
312050;despesas_es_2024_completo_parte_03.csv;61107;0;0
312154;despesas_es_2024_completo_parte_03.csv;61211;0;0
312169;despesas_es_2024_completo_parte_03.csv;61226;17203075;1
312185;despesas_es_2024_completo_parte_03.csv;61242;0;0
312207;despesas_es_2024_completo_parte_03.csv;61264;70139;1
312221;despesas_es_2024_completo_parte_03.csv;61278;5095;1
312282;despesas_es_2024_completo_parte_03.csv;61339;339508;1
312297;despesas_es_2024_completo_parte_03.csv;61354;0;0
312307;despesas_es_2024_completo_parte_03.csv;61364;0;0
312308;despesas_es_2024_completo_parte_03.csv;61365;0;0
312340;despesas_es_2024_completo_parte_03.csv;61397;9169;1
312406;despesas_es_2024_completo_parte_03.csv;61463;0;0
312455;despesas_es_2024_completo_parte_03.csv;61512;2285;1
312497;despesas_es_2024_completo_parte_03.csv;61554;8800;1
312525;despesas_es_2024_completo_parte_03.csv;61582;0;0
312597;despesas_es_2024_completo_parte_03.csv;61654;3;1
312639;despesas_es_2024_completo_parte_03.csv;61696;0;0
312732;despesas_es_2024_completo_parte_03.csv;61789;0;0
312742;despesas_es_2024_completo_parte_03.csv;61799;0;0
312762;despesas_es_2024_completo_parte_03.csv;61819;0;0
312778;despesas_es_2024_completo_parte_03.csv;61835;0;0
312833;despesas_es_2024_completo_parte_03.csv;61890;0;0
312839;despesas_es_2024_completo_parte_03.csv;61896;0;0
312869;despesas_es_2024_completo_parte_03.csv;61926;0;0
312976;despesas_es_2024_completo_parte_03.csv;62033;0;0
313047;despesas_es_2024_completo_parte_03.csv;62104;510;1
313157;despesas_es_2024_completo_parte_03.csv;62214;0;0
313266;despesas_es_2024_completo_parte_03.csv;62323;0;0
313319;despesas_es_2024_completo_parte_03.csv;62376;186873;1
313337;despesas_es_2024_completo_parte_03.csv;62394;8800;1
313575;despesas_es_2024_completo_parte_03.csv;62632;0;0
313621;despesas_es_2024_completo_parte_03.csv;62678;0;0
313710;despesas_es_2024_completo_parte_03.csv;62767;0;0
313755;despesas_es_2024_completo_parte_03.csv;62812;596357;1
313762;despesas_es_2024_completo_parte_03.csv;62819;0;0
313815;despesas_es_2024_completo_parte_03.csv;62872;1918;1
313967;despesas_es_2024_completo_parte_03.csv;63024;0;0
314025;despesas_es_2024_completo_parte_03.csv;63082;0;0
314030;despesas_es_2024_completo_parte_03.csv;63087;0;0
314096;despesas_es_2024_completo_parte_03.csv;63153;91586;1
314140;despesas_es_2024_completo_parte_03.csv;63197;2183253;1
314160;despesas_es_2024_completo_parte_03.csv;63217;0;0
314162;despesas_es_2024_completo_parte_03.csv;63219;0;0
314169;despesas_es_2024_completo_parte_03.csv;63226;0;0
314177;despesas_es_2024_completo_parte_03.csv;63234;0;0
314240;despesas_es_2024_completo_parte_03.csv;63297;0;0
314320;despesas_es_2024_completo_parte_03.csv;63377;0;0
314419;despesas_es_2024_completo_parte_03.csv;63476;46918;1
314492;despesas_es_2024_completo_parte_03.csv;63549;41923;1
314612;despesas_es_2024_completo_parte_03.csv;63669;0;0
314650;despesas_es_2024_completo_parte_03.csv;63707;30800;1
314652;despesas_es_2024_completo_parte_03.csv;63709;8800;1
314820;despesas_es_2024_completo_parte_03.csv;63877;247200;1
314868;despesas_es_2024_completo_parte_03.csv;63925;75000;1
314896;despesas_es_2024_completo_parte_03.csv;63953;0;0
314993;despesas_es_2024_completo_parte_03.csv;64050;0;0
315035;despesas_es_2024_completo_parte_03.csv;64092;0;0
315076;despesas_es_2024_completo_parte_03.csv;64133;90441;1
315088;despesas_es_2024_completo_parte_03.csv;64145;2917314;1
315100;despesas_es_2024_completo_parte_03.csv;64157;48000;1
315132;despesas_es_2024_completo_parte_03.csv;64189;163200;1
315158;despesas_es_2024_completo_parte_03.csv;64215;0;0
315341;despesas_es_2024_completo_parte_03.csv;64398;87750;1
315356;despesas_es_2024_completo_parte_03.csv;64413;146000;1
315363;despesas_es_2024_completo_parte_03.csv;64420;0;0
315467;despesas_es_2024_completo_parte_03.csv;64524;0;0
315569;despesas_es_2024_completo_parte_03.csv;64626;0;0
315611;despesas_es_2024_completo_parte_03.csv;64668;0;0
315617;despesas_es_2024_completo_parte_03.csv;64674;0;0
315677;despesas_es_2024_completo_parte_03.csv;64734;0;0
315687;despesas_es_2024_completo_parte_03.csv;64744;134950;1
315771;despesas_es_2024_completo_parte_03.csv;64828;0;0
315841;despesas_es_2024_completo_parte_03.csv;64898;108390300;1
315846;despesas_es_2024_completo_parte_03.csv;64903;18507;1
315858;despesas_es_2024_completo_parte_03.csv;64915;9905;1
315899;despesas_es_2024_completo_parte_03.csv;64956;12299;1
315912;despesas_es_2024_completo_parte_03.csv;64969;1001042;1
315917;despesas_es_2024_completo_parte_03.csv;64974;20000;1
315924;despesas_es_2024_completo_parte_03.csv;64981;36508928;1
315941;despesas_es_2024_completo_parte_03.csv;64998;8800;1
315950;despesas_es_2024_completo_parte_03.csv;65007;0;0
316017;despesas_es_2024_completo_parte_03.csv;65074;0;0
316059;despesas_es_2024_completo_parte_03.csv;65116;0;0
316355;despesas_es_2024_completo_parte_03.csv;65412;8800;1
316408;despesas_es_2024_completo_parte_03.csv;65465;0;0
316622;despesas_es_2024_completo_parte_03.csv;65679;0;0
316646;despesas_es_2024_completo_parte_03.csv;65703;0;0
316657;despesas_es_2024_completo_parte_03.csv;65714;0;0
316838;despesas_es_2024_completo_parte_03.csv;65895;0;0
316842;despesas_es_2024_completo_parte_03.csv;65899;0;0
316911;despesas_es_2024_completo_parte_03.csv;65968;0;0
316917;despesas_es_2024_completo_parte_03.csv;65974;0;0
316943;despesas_es_2024_completo_parte_03.csv;66000;0;0
316945;despesas_es_2024_completo_parte_03.csv;66002;0;0
317046;despesas_es_2024_completo_parte_03.csv;66103;0;0
317131;despesas_es_2024_completo_parte_03.csv;66188;0;0
317167;despesas_es_2024_completo_parte_03.csv;66224;0;0
317237;despesas_es_2024_completo_parte_03.csv;66294;-1144941;0
317243;despesas_es_2024_completo_parte_03.csv;66300;-456183;0
317246;despesas_es_2024_completo_parte_03.csv;66303;-469122;0
317338;despesas_es_2024_completo_parte_03.csv;66395;0;0
317401;despesas_es_2024_completo_parte_03.csv;66458;0;0
317484;despesas_es_2024_completo_parte_03.csv;66541;0;0
317545;despesas_es_2024_completo_parte_03.csv;66602;0;0
317573;despesas_es_2024_completo_parte_03.csv;66630;442229;1
317627;despesas_es_2024_completo_parte_03.csv;66684;0;0
317695;despesas_es_2024_completo_parte_03.csv;66752;3343;1
317744;despesas_es_2024_completo_parte_03.csv;66801;0;0
317759;despesas_es_2024_completo_parte_03.csv;66816;0;0
317779;despesas_es_2024_completo_parte_03.csv;66836;13951157;1
317780;despesas_es_2024_completo_parte_03.csv;66837;2464426;1
317855;despesas_es_2024_completo_parte_03.csv;66912;0;0
318039;despesas_es_2024_completo_parte_03.csv;67096;0;0
318045;despesas_es_2024_completo_parte_03.csv;67102;0;0
318069;despesas_es_2024_completo_parte_03.csv;67126;30800;1
318085;despesas_es_2024_completo_parte_03.csv;67142;464663;1
318357;despesas_es_2024_completo_parte_03.csv;67414;0;0
318375;despesas_es_2024_completo_parte_03.csv;67432;0;0
318393;despesas_es_2024_completo_parte_03.csv;67450;0;0
318488;despesas_es_2024_completo_parte_03.csv;67545;0;0
318510;despesas_es_2024_completo_parte_03.csv;67567;15439;1
318569;despesas_es_2024_completo_parte_03.csv;67626;0;0
318625;despesas_es_2024_completo_parte_03.csv;67682;0;0
318669;despesas_es_2024_completo_parte_03.csv;67726;0;0
318705;despesas_es_2024_completo_parte_03.csv;67762;0;0
318790;despesas_es_2024_completo_parte_03.csv;67847;0;0
318791;despesas_es_2024_completo_parte_03.csv;67848;0;0
318793;despesas_es_2024_completo_parte_03.csv;67850;0;0
318840;despesas_es_2024_completo_parte_03.csv;67897;24615;1
318905;despesas_es_2024_completo_parte_03.csv;67962;0;0
318937;despesas_es_2024_completo_parte_03.csv;67994;46008768;1
318965;despesas_es_2024_completo_parte_03.csv;68022;0;0
319005;despesas_es_2024_completo_parte_03.csv;68062;825282;1
319037;despesas_es_2024_completo_parte_03.csv;68094;0;0
319134;despesas_es_2024_completo_parte_03.csv;68191;31656;1
319154;despesas_es_2024_completo_parte_03.csv;68211;33315360;1
319210;despesas_es_2024_completo_parte_03.csv;68267;-96764;0
319238;despesas_es_2024_completo_parte_03.csv;68295;0;0
319295;despesas_es_2024_completo_parte_03.csv;68352;0;0
319339;despesas_es_2024_completo_parte_03.csv;68396;0;0
319343;despesas_es_2024_completo_parte_03.csv;68400;0;0
319425;despesas_es_2024_completo_parte_03.csv;68482;0;0
319502;despesas_es_2024_completo_parte_03.csv;68559;-109;0
319547;despesas_es_2024_completo_parte_03.csv;68604;-230398;0
319755;despesas_es_2024_completo_parte_03.csv;68812;0;0
319756;despesas_es_2024_completo_parte_03.csv;68813;0;0
319824;despesas_es_2024_completo_parte_03.csv;68881;0;0
319863;despesas_es_2024_completo_parte_03.csv;68920;0;0
319940;despesas_es_2024_completo_parte_03.csv;68997;0;0
319941;despesas_es_2024_completo_parte_03.csv;68998;0;0
319951;despesas_es_2024_completo_parte_03.csv;69008;0;0
319971;despesas_es_2024_completo_parte_03.csv;69028;0;0
320054;despesas_es_2024_completo_parte_03.csv;69111;0;0
320105;despesas_es_2024_completo_parte_03.csv;69162;0;0
320113;despesas_es_2024_completo_parte_03.csv;69170;0;0
320220;despesas_es_2024_completo_parte_03.csv;69277;0;0
320251;despesas_es_2024_completo_parte_03.csv;69308;0;0
320279;despesas_es_2024_completo_parte_03.csv;69336;0;0
320308;despesas_es_2024_completo_parte_03.csv;69365;0;0
320380;despesas_es_2024_completo_parte_03.csv;69437;0;0
320435;despesas_es_2024_completo_parte_03.csv;69492;0;0
320489;despesas_es_2024_completo_parte_03.csv;69546;0;0
320523;despesas_es_2024_completo_parte_03.csv;69580;0;0
320606;despesas_es_2024_completo_parte_03.csv;69663;9916;1
320819;despesas_es_2024_completo_parte_03.csv;69876;-118090;0
320874;despesas_es_2024_completo_parte_03.csv;69931;2763;1
320958;despesas_es_2024_completo_parte_03.csv;70015;8965750;1
320968;despesas_es_2024_completo_parte_03.csv;70025;0;0
320975;despesas_es_2024_completo_parte_03.csv;70032;0;0
320996;despesas_es_2024_completo_parte_03.csv;70053;-336208;0
321012;despesas_es_2024_completo_parte_03.csv;70069;9171;1
321141;despesas_es_2024_completo_parte_03.csv;70198;0;0
321179;despesas_es_2024_completo_parte_03.csv;70236;450000;1
321211;despesas_es_2024_completo_parte_03.csv;70268;0;0
321222;despesas_es_2024_completo_parte_03.csv;70279;0;0
321337;despesas_es_2024_completo_parte_03.csv;70394;0;0
321438;despesas_es_2024_completo_parte_03.csv;70495;0;0
321489;despesas_es_2024_completo_parte_03.csv;70546;0;0
321545;despesas_es_2024_completo_parte_03.csv;70602;0;0
321567;despesas_es_2024_completo_parte_03.csv;70624;0;0
321580;despesas_es_2024_completo_parte_03.csv;70637;0;0
321595;despesas_es_2024_completo_parte_03.csv;70652;0;0
321619;despesas_es_2024_completo_parte_03.csv;70676;0;0
321643;despesas_es_2024_completo_parte_03.csv;70700;0;0
321649;despesas_es_2024_completo_parte_03.csv;70706;0;0
321749;despesas_es_2024_completo_parte_03.csv;70806;0;0
321800;despesas_es_2024_completo_parte_03.csv;70857;0;0
321860;despesas_es_2024_completo_parte_03.csv;70917;13850;1
322001;despesas_es_2024_completo_parte_03.csv;71058;0;0
322087;despesas_es_2024_completo_parte_03.csv;71144;0;0
322228;despesas_es_2024_completo_parte_03.csv;71285;8800;1
322264;despesas_es_2024_completo_parte_03.csv;71321;-305290;0
322299;despesas_es_2024_completo_parte_03.csv;71356;71857;1
322334;despesas_es_2024_completo_parte_03.csv;71391;553524;1
322409;despesas_es_2024_completo_parte_03.csv;71466;2486;1
322572;despesas_es_2024_completo_parte_03.csv;71629;0;0
322631;despesas_es_2024_completo_parte_03.csv;71688;0;0
322651;despesas_es_2024_completo_parte_03.csv;71708;0;0
322718;despesas_es_2024_completo_parte_03.csv;71775;0;0
322779;despesas_es_2024_completo_parte_03.csv;71836;0;0
322833;despesas_es_2024_completo_parte_03.csv;71890;0;0
322941;despesas_es_2024_completo_parte_03.csv;71998;0;0
323033;despesas_es_2024_completo_parte_03.csv;72090;0;0
323063;despesas_es_2024_completo_parte_03.csv;72120;8800;1
323112;despesas_es_2024_completo_parte_03.csv;72169;3210020;1
323138;despesas_es_2024_completo_parte_03.csv;72195;948;1
323143;despesas_es_2024_completo_parte_03.csv;72200;0;0
323228;despesas_es_2024_completo_parte_03.csv;72285;0;0
323279;despesas_es_2024_completo_parte_03.csv;72336;1114464;1
323299;despesas_es_2024_completo_parte_03.csv;72356;0;0
323306;despesas_es_2024_completo_parte_03.csv;72363;0;0
323342;despesas_es_2024_completo_parte_03.csv;72399;0;0
323385;despesas_es_2024_completo_parte_03.csv;72442;0;0
323494;despesas_es_2024_completo_parte_03.csv;72551;0;0
323554;despesas_es_2024_completo_parte_03.csv;72611;0;0
323602;despesas_es_2024_completo_parte_03.csv;72659;0;0
323632;despesas_es_2024_completo_parte_03.csv;72689;0;0
323661;despesas_es_2024_completo_parte_03.csv;72718;0;0
323715;despesas_es_2024_completo_parte_03.csv;72772;47128;1
323755;despesas_es_2024_completo_parte_03.csv;72812;-55148;0
323781;despesas_es_2024_completo_parte_03.csv;72838;34464;1
323784;despesas_es_2024_completo_parte_03.csv;72841;0;0
323899;despesas_es_2024_completo_parte_03.csv;72956;13351200;1
323924;despesas_es_2024_completo_parte_03.csv;72981;0;0
323951;despesas_es_2024_completo_parte_03.csv;73008;0;0
324044;despesas_es_2024_completo_parte_03.csv;73101;0;0
324089;despesas_es_2024_completo_parte_03.csv;73146;0;0
324247;despesas_es_2024_completo_parte_03.csv;73304;0;0
324284;despesas_es_2024_completo_parte_03.csv;73341;0;0
324292;despesas_es_2024_completo_parte_03.csv;73349;0;0
324466;despesas_es_2024_completo_parte_03.csv;73523;0;0
324474;despesas_es_2024_completo_parte_03.csv;73531;0;0
324535;despesas_es_2024_completo_parte_03.csv;73592;0;0
324541;despesas_es_2024_completo_parte_03.csv;73598;0;0
324547;despesas_es_2024_completo_parte_03.csv;73604;0;0
324577;despesas_es_2024_completo_parte_03.csv;73634;0;0
324588;despesas_es_2024_completo_parte_03.csv;73645;0;0
324608;despesas_es_2024_completo_parte_03.csv;73665;0;0
324638;despesas_es_2024_completo_parte_03.csv;73695;0;0
324649;despesas_es_2024_completo_parte_03.csv;73706;0;0
324655;despesas_es_2024_completo_parte_03.csv;73712;6483441;1
324674;despesas_es_2024_completo_parte_03.csv;73731;80000;1
324751;despesas_es_2024_completo_parte_03.csv;73808;0;0
324763;despesas_es_2024_completo_parte_03.csv;73820;0;0
324779;despesas_es_2024_completo_parte_03.csv;73836;0;0
324813;despesas_es_2024_completo_parte_03.csv;73870;0;0
324851;despesas_es_2024_completo_parte_03.csv;73908;0;0
324854;despesas_es_2024_completo_parte_03.csv;73911;0;0
324960;despesas_es_2024_completo_parte_03.csv;74017;0;0
324988;despesas_es_2024_completo_parte_03.csv;74045;0;0
324997;despesas_es_2024_completo_parte_03.csv;74054;16244;1
325047;despesas_es_2024_completo_parte_03.csv;74104;0;0
325250;despesas_es_2024_completo_parte_03.csv;74307;0;0
325269;despesas_es_2024_completo_parte_03.csv;74326;0;0
325346;despesas_es_2024_completo_parte_03.csv;74403;23400;1
325351;despesas_es_2024_completo_parte_03.csv;74408;96450;1
325444;despesas_es_2024_completo_parte_03.csv;74501;677246;1
325449;despesas_es_2024_completo_parte_03.csv;74506;0;0
325548;despesas_es_2024_completo_parte_03.csv;74605;0;0
325608;despesas_es_2024_completo_parte_03.csv;74665;0;0
325625;despesas_es_2024_completo_parte_03.csv;74682;0;0
325649;despesas_es_2024_completo_parte_03.csv;74706;30800;1
325651;despesas_es_2024_completo_parte_03.csv;74708;809172;1
325691;despesas_es_2024_completo_parte_03.csv;74748;30800;1
325698;despesas_es_2024_completo_parte_03.csv;74755;0;0
325714;despesas_es_2024_completo_parte_03.csv;74771;0;0
325828;despesas_es_2024_completo_parte_03.csv;74885;0;0
325856;despesas_es_2024_completo_parte_03.csv;74913;33234211;1
325929;despesas_es_2024_completo_parte_03.csv;74986;6088;1
325950;despesas_es_2024_completo_parte_03.csv;75007;-516865;0
326065;despesas_es_2024_completo_parte_03.csv;75122;115564;1
326100;despesas_es_2024_completo_parte_03.csv;75157;323250;1
326104;despesas_es_2024_completo_parte_03.csv;75161;1218994;1
326173;despesas_es_2024_completo_parte_03.csv;75230;0;0
326195;despesas_es_2024_completo_parte_03.csv;75252;1109781;1
326259;despesas_es_2024_completo_parte_03.csv;75316;0;0
326280;despesas_es_2024_completo_parte_03.csv;75337;0;0
326371;despesas_es_2024_completo_parte_03.csv;75428;0;0
326488;despesas_es_2024_completo_parte_03.csv;75545;0;0
326538;despesas_es_2024_completo_parte_03.csv;75595;0;0
326549;despesas_es_2024_completo_parte_03.csv;75606;0;0
326591;despesas_es_2024_completo_parte_03.csv;75648;0;0
326744;despesas_es_2024_completo_parte_03.csv;75801;0;0
326787;despesas_es_2024_completo_parte_03.csv;75844;54888;1
326799;despesas_es_2024_completo_parte_03.csv;75856;142478;1
326814;despesas_es_2024_completo_parte_03.csv;75871;47280;1
326882;despesas_es_2024_completo_parte_03.csv;75939;40515;1
326969;despesas_es_2024_completo_parte_03.csv;76026;127394;1
327018;despesas_es_2024_completo_parte_03.csv;76075;0;0
327259;despesas_es_2024_completo_parte_03.csv;76316;824611;1
327434;despesas_es_2024_completo_parte_03.csv;76491;569342;1
327436;despesas_es_2024_completo_parte_03.csv;76493;408687;1
327502;despesas_es_2024_completo_parte_03.csv;76559;200000;1
327593;despesas_es_2024_completo_parte_03.csv;76650;0;0
327607;despesas_es_2024_completo_parte_03.csv;76664;0;0
327626;despesas_es_2024_completo_parte_03.csv;76683;0;0
327994;despesas_es_2024_completo_parte_03.csv;77051;0;0
328029;despesas_es_2024_completo_parte_03.csv;77086;0;0
328043;despesas_es_2024_completo_parte_03.csv;77100;0;0
328224;despesas_es_2024_completo_parte_03.csv;77281;0;0
328239;despesas_es_2024_completo_parte_03.csv;77296;0;0
328274;despesas_es_2024_completo_parte_03.csv;77331;8800;1
328464;despesas_es_2024_completo_parte_03.csv;77521;0;0
328537;despesas_es_2024_completo_parte_03.csv;77594;0;0
328547;despesas_es_2024_completo_parte_03.csv;77604;0;0
328591;despesas_es_2024_completo_parte_03.csv;77648;0;0
328680;despesas_es_2024_completo_parte_03.csv;77737;22216730;1
328685;despesas_es_2024_completo_parte_03.csv;77742;250000;1
328723;despesas_es_2024_completo_parte_03.csv;77780;0;0
328725;despesas_es_2024_completo_parte_03.csv;77782;0;0
328750;despesas_es_2024_completo_parte_03.csv;77807;0;0
328751;despesas_es_2024_completo_parte_03.csv;77808;1141210;1
328848;despesas_es_2024_completo_parte_03.csv;77905;3416;1
328852;despesas_es_2024_completo_parte_03.csv;77909;10838;1
328857;despesas_es_2024_completo_parte_03.csv;77914;0;0
328967;despesas_es_2024_completo_parte_03.csv;78024;0;0
328986;despesas_es_2024_completo_parte_03.csv;78043;0;0
329025;despesas_es_2024_completo_parte_03.csv;78082;184966;1
329040;despesas_es_2024_completo_parte_03.csv;78097;0;0
329127;despesas_es_2024_completo_parte_03.csv;78184;0;0
329131;despesas_es_2024_completo_parte_03.csv;78188;0;0
329132;despesas_es_2024_completo_parte_03.csv;78189;0;0
329146;despesas_es_2024_completo_parte_03.csv;78203;16000;1
329222;despesas_es_2024_completo_parte_03.csv;78279;0;0
329258;despesas_es_2024_completo_parte_03.csv;78315;0;0
329305;despesas_es_2024_completo_parte_03.csv;78362;243092;1
329323;despesas_es_2024_completo_parte_03.csv;78380;0;0
329324;despesas_es_2024_completo_parte_03.csv;78381;0;0
329357;despesas_es_2024_completo_parte_03.csv;78414;0;0
329370;despesas_es_2024_completo_parte_03.csv;78427;8800;1
329441;despesas_es_2024_completo_parte_03.csv;78498;0;0
329498;despesas_es_2024_completo_parte_03.csv;78555;0;0
329586;despesas_es_2024_completo_parte_03.csv;78643;638250;1
329605;despesas_es_2024_completo_parte_03.csv;78662;1048620;1
329685;despesas_es_2024_completo_parte_03.csv;78742;313624;1
329734;despesas_es_2024_completo_parte_03.csv;78791;0;0
329791;despesas_es_2024_completo_parte_03.csv;78848;0;0
329827;despesas_es_2024_completo_parte_03.csv;78884;0;0
329850;despesas_es_2024_completo_parte_03.csv;78907;0;0
329892;despesas_es_2024_completo_parte_03.csv;78949;0;0
329941;despesas_es_2024_completo_parte_03.csv;78998;0;0
330033;despesas_es_2024_completo_parte_03.csv;79090;0;0
330044;despesas_es_2024_completo_parte_03.csv;79101;0;0
330083;despesas_es_2024_completo_parte_03.csv;79140;8800;1
330156;despesas_es_2024_completo_parte_03.csv;79213;0;0
330194;despesas_es_2024_completo_parte_03.csv;79251;0;0
330226;despesas_es_2024_completo_parte_03.csv;79283;0;0
330284;despesas_es_2024_completo_parte_03.csv;79341;1903905;1
330299;despesas_es_2024_completo_parte_03.csv;79356;0;0
330302;despesas_es_2024_completo_parte_03.csv;79359;0;0
330319;despesas_es_2024_completo_parte_03.csv;79376;150000;1
330358;despesas_es_2024_completo_parte_03.csv;79415;5564126;1
330374;despesas_es_2024_completo_parte_03.csv;79431;276000;1
330401;despesas_es_2024_completo_parte_03.csv;79458;0;0
330455;despesas_es_2024_completo_parte_03.csv;79512;0;0
330569;despesas_es_2024_completo_parte_03.csv;79626;8911672;1
330599;despesas_es_2024_completo_parte_03.csv;79656;8800;1
330660;despesas_es_2024_completo_parte_03.csv;79717;296628;1
330742;despesas_es_2024_completo_parte_03.csv;79799;0;0
330767;despesas_es_2024_completo_parte_03.csv;79824;0;0
330794;despesas_es_2024_completo_parte_03.csv;79851;16462;1
330805;despesas_es_2024_completo_parte_03.csv;79862;0;0
330853;despesas_es_2024_completo_parte_03.csv;79910;0;0
330933;despesas_es_2024_completo_parte_03.csv;79990;0;0
330941;despesas_es_2024_completo_parte_03.csv;79998;624;1
331076;despesas_es_2024_completo_parte_03.csv;80133;0;0
331094;despesas_es_2024_completo_parte_03.csv;80151;30800;1
331106;despesas_es_2024_completo_parte_03.csv;80163;0;0
331204;despesas_es_2024_completo_parte_03.csv;80261;0;0
331239;despesas_es_2024_completo_parte_03.csv;80296;0;0
331264;despesas_es_2024_completo_parte_03.csv;80321;0;0
331318;despesas_es_2024_completo_parte_03.csv;80375;0;0
331333;despesas_es_2024_completo_parte_03.csv;80390;0;0
331335;despesas_es_2024_completo_parte_03.csv;80392;0;0
331411;despesas_es_2024_completo_parte_03.csv;80468;0;0
331435;despesas_es_2024_completo_parte_03.csv;80492;0;0
331537;despesas_es_2024_completo_parte_03.csv;80594;0;0
331588;despesas_es_2024_completo_parte_03.csv;80645;264000;1
331617;despesas_es_2024_completo_parte_03.csv;80674;200634;1
331645;despesas_es_2024_completo_parte_03.csv;80702;164533;1
331666;despesas_es_2024_completo_parte_03.csv;80723;0;0
331701;despesas_es_2024_completo_parte_03.csv;80758;0;0
331734;despesas_es_2024_completo_parte_03.csv;80791;0;0
331777;despesas_es_2024_completo_parte_03.csv;80834;0;0
331832;despesas_es_2024_completo_parte_03.csv;80889;0;0
331856;despesas_es_2024_completo_parte_03.csv;80913;0;0
331870;despesas_es_2024_completo_parte_03.csv;80927;0;0
331900;despesas_es_2024_completo_parte_03.csv;80957;0;0
331974;despesas_es_2024_completo_parte_03.csv;81031;0;0
331986;despesas_es_2024_completo_parte_03.csv;81043;544544;1
332019;despesas_es_2024_completo_parte_03.csv;81076;3000000;1
332063;despesas_es_2024_completo_parte_03.csv;81120;200000;1
332099;despesas_es_2024_completo_parte_03.csv;81156;8800;1
332213;despesas_es_2024_completo_parte_03.csv;81270;0;0
332224;despesas_es_2024_completo_parte_03.csv;81281;102157;1
332246;despesas_es_2024_completo_parte_03.csv;81303;0;0
332262;despesas_es_2024_completo_parte_03.csv;81319;0;0
332294;despesas_es_2024_completo_parte_03.csv;81351;0;0
332323;despesas_es_2024_completo_parte_03.csv;81380;94560;1
332354;despesas_es_2024_completo_parte_03.csv;81411;-44580;0
332502;despesas_es_2024_completo_parte_03.csv;81559;0;0
332509;despesas_es_2024_completo_parte_03.csv;81566;0;0
332518;despesas_es_2024_completo_parte_03.csv;81575;0;0
332537;despesas_es_2024_completo_parte_03.csv;81594;0;0
332539;despesas_es_2024_completo_parte_03.csv;81596;0;0
332557;despesas_es_2024_completo_parte_03.csv;81614;275000;1
332632;despesas_es_2024_completo_parte_03.csv;81689;0;0
332650;despesas_es_2024_completo_parte_03.csv;81707;0;0
332916;despesas_es_2024_completo_parte_03.csv;81973;90;1
332992;despesas_es_2024_completo_parte_03.csv;82049;5763385;1
333036;despesas_es_2024_completo_parte_03.csv;82093;0;0
333106;despesas_es_2024_completo_parte_03.csv;82163;0;0
333193;despesas_es_2024_completo_parte_03.csv;82250;154492;1
333256;despesas_es_2024_completo_parte_03.csv;82313;0;0
333337;despesas_es_2024_completo_parte_03.csv;82394;0;0
333346;despesas_es_2024_completo_parte_03.csv;82403;0;0
333359;despesas_es_2024_completo_parte_03.csv;82416;0;0
333453;despesas_es_2024_completo_parte_03.csv;82510;0;0
333505;despesas_es_2024_completo_parte_03.csv;82562;15941;1
333510;despesas_es_2024_completo_parte_03.csv;82567;8800;1
333522;despesas_es_2024_completo_parte_03.csv;82579;42126;1
333525;despesas_es_2024_completo_parte_03.csv;82582;0;0
333595;despesas_es_2024_completo_parte_03.csv;82652;50197742;1
333624;despesas_es_2024_completo_parte_03.csv;82681;6528;1
333650;despesas_es_2024_completo_parte_03.csv;82707;136559;1
333703;despesas_es_2024_completo_parte_03.csv;82760;0;0
333706;despesas_es_2024_completo_parte_03.csv;82763;0;0
333799;despesas_es_2024_completo_parte_03.csv;82856;0;0
333915;despesas_es_2024_completo_parte_03.csv;82972;0;0
333950;despesas_es_2024_completo_parte_03.csv;83007;0;0
333959;despesas_es_2024_completo_parte_03.csv;83016;0;0
334154;despesas_es_2024_completo_parte_03.csv;83211;0;0
334170;despesas_es_2024_completo_parte_03.csv;83227;0;0
334178;despesas_es_2024_completo_parte_03.csv;83235;0;0
334200;despesas_es_2024_completo_parte_03.csv;83257;0;0
334212;despesas_es_2024_completo_parte_03.csv;83269;0;0
334227;despesas_es_2024_completo_parte_03.csv;83284;0;0
334236;despesas_es_2024_completo_parte_03.csv;83293;0;0
334272;despesas_es_2024_completo_parte_03.csv;83329;0;0
334275;despesas_es_2024_completo_parte_03.csv;83332;0;0
334284;despesas_es_2024_completo_parte_03.csv;83341;0;0
334330;despesas_es_2024_completo_parte_03.csv;83387;0;0
334398;despesas_es_2024_completo_parte_03.csv;83455;0;0
334441;despesas_es_2024_completo_parte_03.csv;83498;30800;1
334453;despesas_es_2024_completo_parte_03.csv;83510;584890;1
334517;despesas_es_2024_completo_parte_03.csv;83574;0;0
334555;despesas_es_2024_completo_parte_03.csv;83612;0;0
334631;despesas_es_2024_completo_parte_03.csv;83688;31520;1
334655;despesas_es_2024_completo_parte_03.csv;83712;60465;1
334689;despesas_es_2024_completo_parte_03.csv;83746;0;0
334753;despesas_es_2024_completo_parte_03.csv;83810;263830;1
334764;despesas_es_2024_completo_parte_03.csv;83821;0;0
334783;despesas_es_2024_completo_parte_03.csv;83840;0;0
334786;despesas_es_2024_completo_parte_03.csv;83843;0;0
334861;despesas_es_2024_completo_parte_03.csv;83918;44000;1
334928;despesas_es_2024_completo_parte_03.csv;83985;0;0
334985;despesas_es_2024_completo_parte_03.csv;84042;0;0
335003;despesas_es_2024_completo_parte_03.csv;84060;0;0
335078;despesas_es_2024_completo_parte_03.csv;84135;0;0
335259;despesas_es_2024_completo_parte_03.csv;84316;0;0
335516;despesas_es_2024_completo_parte_03.csv;84573;16732;1
335542;despesas_es_2024_completo_parte_03.csv;84599;271731;1
335582;despesas_es_2024_completo_parte_03.csv;84639;0;0
335594;despesas_es_2024_completo_parte_03.csv;84651;0;0
335700;despesas_es_2024_completo_parte_03.csv;84757;0;0
335701;despesas_es_2024_completo_parte_03.csv;84758;0;0
335713;despesas_es_2024_completo_parte_03.csv;84770;0;0
335747;despesas_es_2024_completo_parte_03.csv;84804;0;0
335773;despesas_es_2024_completo_parte_03.csv;84830;300897;1
335827;despesas_es_2024_completo_parte_03.csv;84884;0;0
335904;despesas_es_2024_completo_parte_03.csv;84961;0;0
335957;despesas_es_2024_completo_parte_03.csv;85014;0;0
335973;despesas_es_2024_completo_parte_03.csv;85030;0;0
335992;despesas_es_2024_completo_parte_03.csv;85049;2581;1
336089;despesas_es_2024_completo_parte_03.csv;85146;0;0
336098;despesas_es_2024_completo_parte_03.csv;85155;0;0
336105;despesas_es_2024_completo_parte_03.csv;85162;0;0
336161;despesas_es_2024_completo_parte_03.csv;85218;1394440;1
336179;despesas_es_2024_completo_parte_03.csv;85236;140800;1
336230;despesas_es_2024_completo_parte_03.csv;85287;0;0
336307;despesas_es_2024_completo_parte_03.csv;85364;0;0
336337;despesas_es_2024_completo_parte_03.csv;85394;0;0
336366;despesas_es_2024_completo_parte_03.csv;85423;8800;1
336400;despesas_es_2024_completo_parte_03.csv;85457;0;0
336540;despesas_es_2024_completo_parte_03.csv;85597;63914;1
336684;despesas_es_2024_completo_parte_03.csv;85741;0;0
336712;despesas_es_2024_completo_parte_03.csv;85769;0;0
336795;despesas_es_2024_completo_parte_03.csv;85852;10548;1
336825;despesas_es_2024_completo_parte_03.csv;85882;327222;1
337006;despesas_es_2024_completo_parte_03.csv;86063;36500000;1
337169;despesas_es_2024_completo_parte_03.csv;86226;0;0
337195;despesas_es_2024_completo_parte_03.csv;86252;0;0
337290;despesas_es_2024_completo_parte_03.csv;86347;1921423;1
337309;despesas_es_2024_completo_parte_03.csv;86366;594930;1
337343;despesas_es_2024_completo_parte_03.csv;86400;709245;1
337395;despesas_es_2024_completo_parte_03.csv;86452;56892;1
337412;despesas_es_2024_completo_parte_03.csv;86469;301757;1
337518;despesas_es_2024_completo_parte_03.csv;86575;8667;1
337593;despesas_es_2024_completo_parte_03.csv;86650;0;0
337804;despesas_es_2024_completo_parte_03.csv;86861;0;0
337866;despesas_es_2024_completo_parte_03.csv;86923;0;0
337931;despesas_es_2024_completo_parte_03.csv;86988;0;0
338011;despesas_es_2024_completo_parte_03.csv;87068;0;0
338014;despesas_es_2024_completo_parte_03.csv;87071;0;0
338055;despesas_es_2024_completo_parte_03.csv;87112;0;0
338159;despesas_es_2024_completo_parte_03.csv;87216;0;0
338194;despesas_es_2024_completo_parte_03.csv;87251;0;0
338212;despesas_es_2024_completo_parte_03.csv;87269;111037035;1
338227;despesas_es_2024_completo_parte_03.csv;87284;0;0
338302;despesas_es_2024_completo_parte_03.csv;87359;0;0
338408;despesas_es_2024_completo_parte_03.csv;87465;0;0
338447;despesas_es_2024_completo_parte_03.csv;87504;11798;1
338531;despesas_es_2024_completo_parte_03.csv;87588;705876;1
338604;despesas_es_2024_completo_parte_03.csv;87661;-7021374;0
338613;despesas_es_2024_completo_parte_03.csv;87670;-879234;0
338618;despesas_es_2024_completo_parte_03.csv;87675;250000;1
338619;despesas_es_2024_completo_parte_03.csv;87676;667066;1
338677;despesas_es_2024_completo_parte_03.csv;87734;0;0
338686;despesas_es_2024_completo_parte_03.csv;87743;0;0
338790;despesas_es_2024_completo_parte_03.csv;87847;0;0
338871;despesas_es_2024_completo_parte_03.csv;87928;0;0
338887;despesas_es_2024_completo_parte_03.csv;87944;0;0
338891;despesas_es_2024_completo_parte_03.csv;87948;0;0
338905;despesas_es_2024_completo_parte_03.csv;87962;73;1
338934;despesas_es_2024_completo_parte_03.csv;87991;3137604;1
338946;despesas_es_2024_completo_parte_03.csv;88003;120000;1
338951;despesas_es_2024_completo_parte_03.csv;88008;337333;1
338953;despesas_es_2024_completo_parte_03.csv;88010;4406695;1
339079;despesas_es_2024_completo_parte_03.csv;88136;17474597;1
339115;despesas_es_2024_completo_parte_03.csv;88172;0;0
339174;despesas_es_2024_completo_parte_03.csv;88231;37346;1
339198;despesas_es_2024_completo_parte_03.csv;88255;1046849;1
339292;despesas_es_2024_completo_parte_03.csv;88349;195653;1
339316;despesas_es_2024_completo_parte_03.csv;88373;-204813;0
339355;despesas_es_2024_completo_parte_03.csv;88412;0;0
339419;despesas_es_2024_completo_parte_03.csv;88476;8800;1
339450;despesas_es_2024_completo_parte_03.csv;88507;915557;1
339503;despesas_es_2024_completo_parte_03.csv;88560;-8800;0
339518;despesas_es_2024_completo_parte_03.csv;88575;0;0
339584;despesas_es_2024_completo_parte_03.csv;88641;0;0
339590;despesas_es_2024_completo_parte_03.csv;88647;0;0
339627;despesas_es_2024_completo_parte_03.csv;88684;202238;1
339679;despesas_es_2024_completo_parte_03.csv;88736;0;0
339698;despesas_es_2024_completo_parte_03.csv;88755;240522;1
339791;despesas_es_2024_completo_parte_03.csv;88848;0;0
339970;despesas_es_2024_completo_parte_03.csv;89027;0;0
339978;despesas_es_2024_completo_parte_03.csv;89035;0;0
340047;despesas_es_2024_completo_parte_03.csv;89104;0;0
340098;despesas_es_2024_completo_parte_03.csv;89155;0;0
340125;despesas_es_2024_completo_parte_03.csv;89182;0;0
340237;despesas_es_2024_completo_parte_03.csv;89294;0;0
340280;despesas_es_2024_completo_parte_03.csv;89337;30800;1
340384;despesas_es_2024_completo_parte_03.csv;89441;0;0
340455;despesas_es_2024_completo_parte_03.csv;89512;0;0
340533;despesas_es_2024_completo_parte_03.csv;89590;0;0
340619;despesas_es_2024_completo_parte_03.csv;89676;0;0
340623;despesas_es_2024_completo_parte_03.csv;89680;0;0
340692;despesas_es_2024_completo_parte_03.csv;89749;0;0
340707;despesas_es_2024_completo_parte_03.csv;89764;0;0
340736;despesas_es_2024_completo_parte_03.csv;89793;0;0
340743;despesas_es_2024_completo_parte_03.csv;89800;0;0
340752;despesas_es_2024_completo_parte_03.csv;89809;0;0
340764;despesas_es_2024_completo_parte_03.csv;89821;0;0
340840;despesas_es_2024_completo_parte_03.csv;89897;0;0
340862;despesas_es_2024_completo_parte_03.csv;89919;0;0
341027;despesas_es_2024_completo_parte_03.csv;90084;0;0
341160;despesas_es_2024_completo_parte_03.csv;90217;0;0
341171;despesas_es_2024_completo_parte_03.csv;90228;0;0
341285;despesas_es_2024_completo_parte_03.csv;90342;0;0
341333;despesas_es_2024_completo_parte_03.csv;90390;0;0
341371;despesas_es_2024_completo_parte_03.csv;90428;0;0
341389;despesas_es_2024_completo_parte_03.csv;90446;0;0
341391;despesas_es_2024_completo_parte_03.csv;90448;0;0
341405;despesas_es_2024_completo_parte_03.csv;90462;0;0
341441;despesas_es_2024_completo_parte_03.csv;90498;0;0
341474;despesas_es_2024_completo_parte_03.csv;90531;0;0
341496;despesas_es_2024_completo_parte_03.csv;90553;0;0
341503;despesas_es_2024_completo_parte_03.csv;90560;0;0
341517;despesas_es_2024_completo_parte_03.csv;90574;0;0
341521;despesas_es_2024_completo_parte_03.csv;90578;0;0
341524;despesas_es_2024_completo_parte_03.csv;90581;0;0
341585;despesas_es_2024_completo_parte_03.csv;90642;0;0
341587;despesas_es_2024_completo_parte_03.csv;90644;0;0
341606;despesas_es_2024_completo_parte_03.csv;90663;0;0
341613;despesas_es_2024_completo_parte_03.csv;90670;0;0
341650;despesas_es_2024_completo_parte_03.csv;90707;0;0
341746;despesas_es_2024_completo_parte_03.csv;90803;0;0
341749;despesas_es_2024_completo_parte_03.csv;90806;0;0
341781;despesas_es_2024_completo_parte_03.csv;90838;0;0
341794;despesas_es_2024_completo_parte_03.csv;90851;0;0
341813;despesas_es_2024_completo_parte_03.csv;90870;0;0
341849;despesas_es_2024_completo_parte_03.csv;90906;0;0
341977;despesas_es_2024_completo_parte_03.csv;91034;0;0
341990;despesas_es_2024_completo_parte_03.csv;91047;0;0
342043;despesas_es_2024_completo_parte_03.csv;91100;0;0
342109;despesas_es_2024_completo_parte_03.csv;91166;0;0
342120;despesas_es_2024_completo_parte_03.csv;91177;0;0
342180;despesas_es_2024_completo_parte_03.csv;91237;0;0
342218;despesas_es_2024_completo_parte_03.csv;91275;0;0
342254;despesas_es_2024_completo_parte_03.csv;91311;0;0
342281;despesas_es_2024_completo_parte_03.csv;91338;0;0
342365;despesas_es_2024_completo_parte_03.csv;91422;0;0
342405;despesas_es_2024_completo_parte_03.csv;91462;0;0
342542;despesas_es_2024_completo_parte_03.csv;91599;0;0
342561;despesas_es_2024_completo_parte_03.csv;91618;0;0
342590;despesas_es_2024_completo_parte_03.csv;91647;0;0
342594;despesas_es_2024_completo_parte_03.csv;91651;8800;1
342629;despesas_es_2024_completo_parte_03.csv;91686;14698;1
342649;despesas_es_2024_completo_parte_03.csv;91706;21620;1
342687;despesas_es_2024_completo_parte_03.csv;91744;6626510;1
342766;despesas_es_2024_completo_parte_03.csv;91823;0;0
342779;despesas_es_2024_completo_parte_03.csv;91836;397472;1
342864;despesas_es_2024_completo_parte_03.csv;91921;270192;1
342949;despesas_es_2024_completo_parte_03.csv;92006;6300;1
342958;despesas_es_2024_completo_parte_03.csv;92015;-826303;0
342988;despesas_es_2024_completo_parte_03.csv;92045;730558;1
343000;despesas_es_2024_completo_parte_03.csv;92057;0;0
343105;despesas_es_2024_completo_parte_03.csv;92162;0;0
343112;despesas_es_2024_completo_parte_03.csv;92169;0;0
343122;despesas_es_2024_completo_parte_03.csv;92179;501640;1
343135;despesas_es_2024_completo_parte_03.csv;92192;0;0
343171;despesas_es_2024_completo_parte_03.csv;92228;-2712862;0
343224;despesas_es_2024_completo_parte_03.csv;92281;0;0
343254;despesas_es_2024_completo_parte_03.csv;92311;0;0
343271;despesas_es_2024_completo_parte_03.csv;92328;0;0
343348;despesas_es_2024_completo_parte_03.csv;92405;0;0
343481;despesas_es_2024_completo_parte_03.csv;92538;0;0
343493;despesas_es_2024_completo_parte_03.csv;92550;0;0
343550;despesas_es_2024_completo_parte_03.csv;92607;0;0
343649;despesas_es_2024_completo_parte_03.csv;92706;0;0
343760;despesas_es_2024_completo_parte_03.csv;92817;0;0
343813;despesas_es_2024_completo_parte_03.csv;92870;0;0
343836;despesas_es_2024_completo_parte_03.csv;92893;0;0
343839;despesas_es_2024_completo_parte_03.csv;92896;0;0
343847;despesas_es_2024_completo_parte_03.csv;92904;0;0
343924;despesas_es_2024_completo_parte_03.csv;92981;0;0
343990;despesas_es_2024_completo_parte_03.csv;93047;0;0
344153;despesas_es_2024_completo_parte_03.csv;93210;0;0
344224;despesas_es_2024_completo_parte_03.csv;93281;0;0
344349;despesas_es_2024_completo_parte_03.csv;93406;28000;1
344414;despesas_es_2024_completo_parte_03.csv;93471;78650;1
344421;despesas_es_2024_completo_parte_03.csv;93478;71667;1
344478;despesas_es_2024_completo_parte_03.csv;93535;0;0
344514;despesas_es_2024_completo_parte_03.csv;93571;0;0
344525;despesas_es_2024_completo_parte_03.csv;93582;0;0
344563;despesas_es_2024_completo_parte_03.csv;93620;0;0
344576;despesas_es_2024_completo_parte_03.csv;93633;0;0
344578;despesas_es_2024_completo_parte_03.csv;93635;0;0
344637;despesas_es_2024_completo_parte_03.csv;93694;0;0
344660;despesas_es_2024_completo_parte_03.csv;93717;0;0
344716;despesas_es_2024_completo_parte_03.csv;93773;0;0
344732;despesas_es_2024_completo_parte_03.csv;93789;0;0
344738;despesas_es_2024_completo_parte_03.csv;93795;0;0
344782;despesas_es_2024_completo_parte_03.csv;93839;114903;1
344836;despesas_es_2024_completo_parte_03.csv;93893;0;0
344839;despesas_es_2024_completo_parte_03.csv;93896;0;0
344840;despesas_es_2024_completo_parte_03.csv;93897;-237;0
344855;despesas_es_2024_completo_parte_03.csv;93912;0;0
344920;despesas_es_2024_completo_parte_03.csv;93977;0;0
344936;despesas_es_2024_completo_parte_03.csv;93993;0;0
344998;despesas_es_2024_completo_parte_03.csv;94055;0;0
345020;despesas_es_2024_completo_parte_03.csv;94077;0;0
345035;despesas_es_2024_completo_parte_03.csv;94092;0;0
345047;despesas_es_2024_completo_parte_03.csv;94104;0;0
345073;despesas_es_2024_completo_parte_03.csv;94130;0;0
345095;despesas_es_2024_completo_parte_03.csv;94152;0;0
345147;despesas_es_2024_completo_parte_03.csv;94204;0;0
345209;despesas_es_2024_completo_parte_03.csv;94266;100367;1
345245;despesas_es_2024_completo_parte_03.csv;94302;0;0
345284;despesas_es_2024_completo_parte_03.csv;94341;0;0
345324;despesas_es_2024_completo_parte_03.csv;94381;0;0
345497;despesas_es_2024_completo_parte_03.csv;94554;4274;1
345557;despesas_es_2024_completo_parte_03.csv;94614;0;0
345573;despesas_es_2024_completo_parte_03.csv;94630;35200;1
345577;despesas_es_2024_completo_parte_03.csv;94634;0;0
345610;despesas_es_2024_completo_parte_03.csv;94667;2424;1
345618;despesas_es_2024_completo_parte_03.csv;94675;289512;1
345647;despesas_es_2024_completo_parte_03.csv;94704;273675;1
345656;despesas_es_2024_completo_parte_03.csv;94713;66000;1
345737;despesas_es_2024_completo_parte_03.csv;94794;0;0
345760;despesas_es_2024_completo_parte_03.csv;94817;0;0
345804;despesas_es_2024_completo_parte_03.csv;94861;0;0
345840;despesas_es_2024_completo_parte_03.csv;94897;0;0
345843;despesas_es_2024_completo_parte_03.csv;94900;0;0
345924;despesas_es_2024_completo_parte_03.csv;94981;0;0
346043;despesas_es_2024_completo_parte_03.csv;95100;0;0
346087;despesas_es_2024_completo_parte_03.csv;95144;0;0
346098;despesas_es_2024_completo_parte_03.csv;95155;0;0
346128;despesas_es_2024_completo_parte_03.csv;95185;565136;1
346219;despesas_es_2024_completo_parte_03.csv;95276;30800;1
346236;despesas_es_2024_completo_parte_03.csv;95293;131600;1
346272;despesas_es_2024_completo_parte_03.csv;95329;33248;1
346340;despesas_es_2024_completo_parte_03.csv;95397;0;0
346362;despesas_es_2024_completo_parte_03.csv;95419;0;0
346373;despesas_es_2024_completo_parte_03.csv;95430;0;0
346474;despesas_es_2024_completo_parte_03.csv;95531;0;0
346609;despesas_es_2024_completo_parte_03.csv;95666;0;0
346619;despesas_es_2024_completo_parte_03.csv;95676;0;0
346657;despesas_es_2024_completo_parte_03.csv;95714;0;0
346784;despesas_es_2024_completo_parte_03.csv;95841;9295;1
346855;despesas_es_2024_completo_parte_03.csv;95912;50585;1
346869;despesas_es_2024_completo_parte_03.csv;95926;0;0
346872;despesas_es_2024_completo_parte_03.csv;95929;0;0
347121;despesas_es_2024_completo_parte_03.csv;96178;218316;1
347128;despesas_es_2024_completo_parte_03.csv;96185;58;1
347141;despesas_es_2024_completo_parte_03.csv;96198;4290;1
347180;despesas_es_2024_completo_parte_03.csv;96237;0;0
347186;despesas_es_2024_completo_parte_03.csv;96243;235000;1
347253;despesas_es_2024_completo_parte_03.csv;96310;83423;1
347254;despesas_es_2024_completo_parte_03.csv;96311;335460;1
347267;despesas_es_2024_completo_parte_03.csv;96324;0;0
347270;despesas_es_2024_completo_parte_03.csv;96327;0;0
347283;despesas_es_2024_completo_parte_03.csv;96340;0;0
347320;despesas_es_2024_completo_parte_03.csv;96377;-899087;0
347332;despesas_es_2024_completo_parte_03.csv;96389;0;0
347363;despesas_es_2024_completo_parte_03.csv;96420;0;0
347394;despesas_es_2024_completo_parte_03.csv;96451;0;0
347437;despesas_es_2024_completo_parte_03.csv;96494;0;0
347470;despesas_es_2024_completo_parte_03.csv;96527;18507;1
347625;despesas_es_2024_completo_parte_03.csv;96682;0;0
347651;despesas_es_2024_completo_parte_03.csv;96708;0;0
347703;despesas_es_2024_completo_parte_03.csv;96760;0;0
347740;despesas_es_2024_completo_parte_03.csv;96797;25740;1
347762;despesas_es_2024_completo_parte_03.csv;96819;0;0
347788;despesas_es_2024_completo_parte_03.csv;96845;-278564;0
347833;despesas_es_2024_completo_parte_03.csv;96890;0;0
347851;despesas_es_2024_completo_parte_03.csv;96908;0;0
347868;despesas_es_2024_completo_parte_03.csv;96925;0;0
347907;despesas_es_2024_completo_parte_03.csv;96964;52800;1
348052;despesas_es_2024_completo_parte_03.csv;97109;0;0
348054;despesas_es_2024_completo_parte_03.csv;97111;0;0
348058;despesas_es_2024_completo_parte_03.csv;97115;0;0
348105;despesas_es_2024_completo_parte_03.csv;97162;23945;1
348164;despesas_es_2024_completo_parte_03.csv;97221;0;0
348182;despesas_es_2024_completo_parte_03.csv;97239;0;0
348336;despesas_es_2024_completo_parte_03.csv;97393;0;0
348384;despesas_es_2024_completo_parte_03.csv;97441;0;0
348409;despesas_es_2024_completo_parte_03.csv;97466;58387;1
348423;despesas_es_2024_completo_parte_03.csv;97480;0;0
348474;despesas_es_2024_completo_parte_03.csv;97531;1334196;1
348499;despesas_es_2024_completo_parte_03.csv;97556;8800;1
348512;despesas_es_2024_completo_parte_03.csv;97569;8800;1
348599;despesas_es_2024_completo_parte_03.csv;97656;0;0
348688;despesas_es_2024_completo_parte_03.csv;97745;0;0
348767;despesas_es_2024_completo_parte_03.csv;97824;0;0
348776;despesas_es_2024_completo_parte_03.csv;97833;-359382;0
348787;despesas_es_2024_completo_parte_03.csv;97844;0;0
348843;despesas_es_2024_completo_parte_03.csv;97900;0;0
348891;despesas_es_2024_completo_parte_03.csv;97948;0;0
348929;despesas_es_2024_completo_parte_03.csv;97986;3506;1
348972;despesas_es_2024_completo_parte_03.csv;98029;-8800;0
349005;despesas_es_2024_completo_parte_03.csv;98062;2415512;1
349008;despesas_es_2024_completo_parte_03.csv;98065;3552000;1
349199;despesas_es_2024_completo_parte_03.csv;98256;0;0
349229;despesas_es_2024_completo_parte_03.csv;98286;144;1
349257;despesas_es_2024_completo_parte_03.csv;98314;8800;1
349395;despesas_es_2024_completo_parte_03.csv;98452;0;0
349500;despesas_es_2024_completo_parte_03.csv;98557;0;0
349518;despesas_es_2024_completo_parte_03.csv;98575;0;0
349599;despesas_es_2024_completo_parte_03.csv;98656;0;0
349600;despesas_es_2024_completo_parte_03.csv;98657;0;0
349620;despesas_es_2024_completo_parte_03.csv;98677;0;0
349642;despesas_es_2024_completo_parte_03.csv;98699;0;0
349655;despesas_es_2024_completo_parte_03.csv;98712;0;0
349666;despesas_es_2024_completo_parte_03.csv;98723;0;0
349705;despesas_es_2024_completo_parte_03.csv;98762;0;0
349762;despesas_es_2024_completo_parte_03.csv;98819;0;0
349852;despesas_es_2024_completo_parte_03.csv;98909;-136197;0
349886;despesas_es_2024_completo_parte_03.csv;98943;353210;1
349887;despesas_es_2024_completo_parte_03.csv;98944;6477;1
349914;despesas_es_2024_completo_parte_03.csv;98971;0;0
349928;despesas_es_2024_completo_parte_03.csv;98985;530;1
349970;despesas_es_2024_completo_parte_03.csv;99027;0;0
349983;despesas_es_2024_completo_parte_03.csv;99040;0;0
350036;despesas_es_2024_completo_parte_03.csv;99093;0;0
350277;despesas_es_2024_completo_parte_03.csv;99334;0;0
350403;despesas_es_2024_completo_parte_03.csv;99460;31795;1
350434;despesas_es_2024_completo_parte_03.csv;99491;192540;1
350589;despesas_es_2024_completo_parte_03.csv;99646;0;0
350619;despesas_es_2024_completo_parte_03.csv;99676;0;0
350657;despesas_es_2024_completo_parte_03.csv;99714;179736;1
350752;despesas_es_2024_completo_parte_03.csv;99809;8800;1
350755;despesas_es_2024_completo_parte_03.csv;99812;278968;1
350757;despesas_es_2024_completo_parte_03.csv;99814;5370;1
350830;despesas_es_2024_completo_parte_03.csv;99887;0;0
350844;despesas_es_2024_completo_parte_03.csv;99901;0;0
350860;despesas_es_2024_completo_parte_03.csv;99917;0;0
350869;despesas_es_2024_completo_parte_03.csv;99926;0;0
350965;despesas_es_2024_completo_parte_03.csv;100022;0;0
350985;despesas_es_2024_completo_parte_03.csv;100042;0;0
351023;despesas_es_2024_completo_parte_03.csv;100080;0;0
351122;despesas_es_2024_completo_parte_03.csv;100179;0;0
351145;despesas_es_2024_completo_parte_03.csv;100202;0;0
351171;despesas_es_2024_completo_parte_03.csv;100228;0;0
351231;despesas_es_2024_completo_parte_03.csv;100288;0;0
351245;despesas_es_2024_completo_parte_03.csv;100302;70557;1
351258;despesas_es_2024_completo_parte_03.csv;100315;238790;1
351342;despesas_es_2024_completo_parte_03.csv;100399;0;0
351348;despesas_es_2024_completo_parte_03.csv;100405;0;0
351354;despesas_es_2024_completo_parte_03.csv;100411;0;0
351396;despesas_es_2024_completo_parte_03.csv;100453;0;0
351564;despesas_es_2024_completo_parte_03.csv;100621;0;0
351597;despesas_es_2024_completo_parte_03.csv;100654;0;0
351645;despesas_es_2024_completo_parte_03.csv;100702;52800;1
351676;despesas_es_2024_completo_parte_03.csv;100733;71500;1
351735;despesas_es_2024_completo_parte_03.csv;100792;0;0
351755;despesas_es_2024_completo_parte_03.csv;100812;0;0
351756;despesas_es_2024_completo_parte_03.csv;100813;0;0
351822;despesas_es_2024_completo_parte_03.csv;100879;0;0
351852;despesas_es_2024_completo_parte_03.csv;100909;100447;1
351887;despesas_es_2024_completo_parte_03.csv;100944;0;0
351961;despesas_es_2024_completo_parte_03.csv;101018;0;0
351998;despesas_es_2024_completo_parte_03.csv;101055;0;0
352011;despesas_es_2024_completo_parte_03.csv;101068;0;0
352036;despesas_es_2024_completo_parte_03.csv;101093;0;0
352126;despesas_es_2024_completo_parte_03.csv;101183;-32646;0
352217;despesas_es_2024_completo_parte_03.csv;101274;0;0
352219;despesas_es_2024_completo_parte_03.csv;101276;0;0
352264;despesas_es_2024_completo_parte_03.csv;101321;0;0
352317;despesas_es_2024_completo_parte_03.csv;101374;0;0
352477;despesas_es_2024_completo_parte_03.csv;101534;0;0
352515;despesas_es_2024_completo_parte_03.csv;101572;0;0
352530;despesas_es_2024_completo_parte_03.csv;101587;0;0
352642;despesas_es_2024_completo_parte_03.csv;101699;0;0
352693;despesas_es_2024_completo_parte_03.csv;101750;0;0
352709;despesas_es_2024_completo_parte_03.csv;101766;0;0
352731;despesas_es_2024_completo_parte_03.csv;101788;0;0
352850;despesas_es_2024_completo_parte_03.csv;101907;0;0
352957;despesas_es_2024_completo_parte_03.csv;102014;0;0
352978;despesas_es_2024_completo_parte_03.csv;102035;0;0
353032;despesas_es_2024_completo_parte_03.csv;102089;2242562;1
353072;despesas_es_2024_completo_parte_03.csv;102129;8800;1
353080;despesas_es_2024_completo_parte_03.csv;102137;599128;1
353084;despesas_es_2024_completo_parte_03.csv;102141;0;0
353090;despesas_es_2024_completo_parte_03.csv;102147;14328;1
353245;despesas_es_2024_completo_parte_03.csv;102302;0;0
353438;despesas_es_2024_completo_parte_03.csv;102495;0;0
353515;despesas_es_2024_completo_parte_03.csv;102572;0;0
353629;despesas_es_2024_completo_parte_03.csv;102686;0;0
353646;despesas_es_2024_completo_parte_03.csv;102703;0;0
353699;despesas_es_2024_completo_parte_03.csv;102756;0;0
353739;despesas_es_2024_completo_parte_03.csv;102796;0;0
353752;despesas_es_2024_completo_parte_03.csv;102809;-39084;0
353773;despesas_es_2024_completo_parte_03.csv;102830;0;0
353902;despesas_es_2024_completo_parte_03.csv;102959;0;0
353921;despesas_es_2024_completo_parte_03.csv;102978;1227597;1
353930;despesas_es_2024_completo_parte_03.csv;102987;0;0
353941;despesas_es_2024_completo_parte_03.csv;102998;0;0
354080;despesas_es_2024_completo_parte_03.csv;103137;1086633;1
354104;despesas_es_2024_completo_parte_03.csv;103161;1279106;1
354193;despesas_es_2024_completo_parte_03.csv;103250;-168569;0
354234;despesas_es_2024_completo_parte_03.csv;103291;0;0
354306;despesas_es_2024_completo_parte_03.csv;103363;0;0
354349;despesas_es_2024_completo_parte_03.csv;103406;0;0
354454;despesas_es_2024_completo_parte_03.csv;103511;0;0
354566;despesas_es_2024_completo_parte_03.csv;103623;0;0
354605;despesas_es_2024_completo_parte_03.csv;103662;0;0
354813;despesas_es_2024_completo_parte_03.csv;103870;87750;1
354834;despesas_es_2024_completo_parte_03.csv;103891;74800;1
354841;despesas_es_2024_completo_parte_03.csv;103898;20450;1
354854;despesas_es_2024_completo_parte_03.csv;103911;0;0
354924;despesas_es_2024_completo_parte_03.csv;103981;110284;1
354949;despesas_es_2024_completo_parte_03.csv;104006;2956;1
355000;despesas_es_2024_completo_parte_03.csv;104057;375386;1
355002;despesas_es_2024_completo_parte_03.csv;104059;141859;1
355060;despesas_es_2024_completo_parte_03.csv;104117;0;0
355108;despesas_es_2024_completo_parte_03.csv;104165;167895;1
355121;despesas_es_2024_completo_parte_03.csv;104178;0;0
355134;despesas_es_2024_completo_parte_03.csv;104191;-816611;0
355152;despesas_es_2024_completo_parte_03.csv;104209;1500;1
355182;despesas_es_2024_completo_parte_03.csv;104239;0;0
355245;despesas_es_2024_completo_parte_03.csv;104302;0;0
355433;despesas_es_2024_completo_parte_03.csv;104490;149600;1
355479;despesas_es_2024_completo_parte_03.csv;104536;0;0
355613;despesas_es_2024_completo_parte_03.csv;104670;0;0
355637;despesas_es_2024_completo_parte_03.csv;104694;0;0
355831;despesas_es_2024_completo_parte_03.csv;104888;0;0
355953;despesas_es_2024_completo_parte_03.csv;105010;0;0
356031;despesas_es_2024_completo_parte_03.csv;105088;0;0
356107;despesas_es_2024_completo_parte_03.csv;105164;0;0
356169;despesas_es_2024_completo_parte_03.csv;105226;0;0
356195;despesas_es_2024_completo_parte_03.csv;105252;3028891;1
356215;despesas_es_2024_completo_parte_03.csv;105272;0;0
356243;despesas_es_2024_completo_parte_03.csv;105300;0;0
356264;despesas_es_2024_completo_parte_03.csv;105321;0;0
356267;despesas_es_2024_completo_parte_03.csv;105324;0;0
356268;despesas_es_2024_completo_parte_03.csv;105325;0;0
356289;despesas_es_2024_completo_parte_03.csv;105346;0;0
356345;despesas_es_2024_completo_parte_03.csv;105402;0;0
356455;despesas_es_2024_completo_parte_03.csv;105512;0;0
356463;despesas_es_2024_completo_parte_03.csv;105520;0;0
356477;despesas_es_2024_completo_parte_03.csv;105534;0;0
356564;despesas_es_2024_completo_parte_03.csv;105621;0;0
356591;despesas_es_2024_completo_parte_03.csv;105648;0;0
356747;despesas_es_2024_completo_parte_03.csv;105804;0;0
356855;despesas_es_2024_completo_parte_03.csv;105912;0;0
356907;despesas_es_2024_completo_parte_03.csv;105964;19305;1
356942;despesas_es_2024_completo_parte_03.csv;105999;0;0
356974;despesas_es_2024_completo_parte_03.csv;106031;30800;1
356991;despesas_es_2024_completo_parte_03.csv;106048;0;0
356992;despesas_es_2024_completo_parte_03.csv;106049;0;0
357043;despesas_es_2024_completo_parte_03.csv;106100;8800;1
357091;despesas_es_2024_completo_parte_03.csv;106148;120056;1
357116;despesas_es_2024_completo_parte_03.csv;106173;0;0
357146;despesas_es_2024_completo_parte_03.csv;106203;0;0
357155;despesas_es_2024_completo_parte_03.csv;106212;0;0
357190;despesas_es_2024_completo_parte_03.csv;106247;0;0
357261;despesas_es_2024_completo_parte_03.csv;106318;0;0
357339;despesas_es_2024_completo_parte_03.csv;106396;0;0
357374;despesas_es_2024_completo_parte_03.csv;106431;0;0
357435;despesas_es_2024_completo_parte_03.csv;106492;8800;1
357443;despesas_es_2024_completo_parte_03.csv;106500;-60000;0
357446;despesas_es_2024_completo_parte_03.csv;106503;-37500;0
357516;despesas_es_2024_completo_parte_03.csv;106573;0;0
357644;despesas_es_2024_completo_parte_03.csv;106701;0;0
357758;despesas_es_2024_completo_parte_03.csv;106815;0;0
357808;despesas_es_2024_completo_parte_03.csv;106865;0;0
357814;despesas_es_2024_completo_parte_03.csv;106871;0;0
357876;despesas_es_2024_completo_parte_03.csv;106933;0;0
357942;despesas_es_2024_completo_parte_03.csv;106999;22000;1
357992;despesas_es_2024_completo_parte_03.csv;107049;20798028;1
357993;despesas_es_2024_completo_parte_03.csv;107050;637774;1
358017;despesas_es_2024_completo_parte_03.csv;107074;0;0
358064;despesas_es_2024_completo_parte_03.csv;107121;5222;1
358189;despesas_es_2024_completo_parte_03.csv;107246;0;0
358249;despesas_es_2024_completo_parte_03.csv;107306;0;0
358259;despesas_es_2024_completo_parte_03.csv;107316;0;0
358299;despesas_es_2024_completo_parte_03.csv;107356;0;0
358408;despesas_es_2024_completo_parte_03.csv;107465;0;0
358523;despesas_es_2024_completo_parte_03.csv;107580;0;0
358558;despesas_es_2024_completo_parte_03.csv;107615;0;0
358613;despesas_es_2024_completo_parte_03.csv;107670;0;0
358628;despesas_es_2024_completo_parte_03.csv;107685;0;0
358652;despesas_es_2024_completo_parte_03.csv;107709;0;0
358667;despesas_es_2024_completo_parte_03.csv;107724;0;0
358686;despesas_es_2024_completo_parte_03.csv;107743;0;0
358701;despesas_es_2024_completo_parte_03.csv;107758;0;0
358783;despesas_es_2024_completo_parte_03.csv;107840;0;0
358803;despesas_es_2024_completo_parte_03.csv;107860;0;0
358804;despesas_es_2024_completo_parte_03.csv;107861;0;0
358808;despesas_es_2024_completo_parte_03.csv;107865;0;0
358827;despesas_es_2024_completo_parte_03.csv;107884;0;0
358937;despesas_es_2024_completo_parte_03.csv;107994;0;0
359014;despesas_es_2024_completo_parte_03.csv;108071;0;0
359289;despesas_es_2024_completo_parte_03.csv;108346;0;0
359295;despesas_es_2024_completo_parte_03.csv;108352;1104907;1
359502;despesas_es_2024_completo_parte_03.csv;108559;0;0
359509;despesas_es_2024_completo_parte_03.csv;108566;0;0
359531;despesas_es_2024_completo_parte_03.csv;108588;0;0
359589;despesas_es_2024_completo_parte_03.csv;108646;107723;1
359698;despesas_es_2024_completo_parte_03.csv;108755;0;0
359752;despesas_es_2024_completo_parte_03.csv;108809;278683;1
359813;despesas_es_2024_completo_parte_03.csv;108870;23689;1
359829;despesas_es_2024_completo_parte_03.csv;108886;0;0
359836;despesas_es_2024_completo_parte_03.csv;108893;0;0
359867;despesas_es_2024_completo_parte_03.csv;108924;118800;1
359869;despesas_es_2024_completo_parte_03.csv;108926;513433;1
359963;despesas_es_2024_completo_parte_03.csv;109020;0;0
359977;despesas_es_2024_completo_parte_03.csv;109034;0;0
359987;despesas_es_2024_completo_parte_03.csv;109044;58414;1
359992;despesas_es_2024_completo_parte_03.csv;109049;0;0
360013;despesas_es_2024_completo_parte_03.csv;109070;0;0
360029;despesas_es_2024_completo_parte_03.csv;109086;0;0
360035;despesas_es_2024_completo_parte_03.csv;109092;38243863;1
360063;despesas_es_2024_completo_parte_03.csv;109120;0;0
360099;despesas_es_2024_completo_parte_03.csv;109156;0;0
360150;despesas_es_2024_completo_parte_03.csv;109207;0;0
360274;despesas_es_2024_completo_parte_03.csv;109331;0;0
360460;despesas_es_2024_completo_parte_03.csv;109517;0;0
360515;despesas_es_2024_completo_parte_03.csv;109572;0;0
360521;despesas_es_2024_completo_parte_03.csv;109578;0;0
360625;despesas_es_2024_completo_parte_03.csv;109682;6303617;1
360688;despesas_es_2024_completo_parte_03.csv;109745;0;0
360731;despesas_es_2024_completo_parte_03.csv;109788;0;0
360800;despesas_es_2024_completo_parte_03.csv;109857;0;0
361019;despesas_es_2024_completo_parte_03.csv;110076;0;0
361022;despesas_es_2024_completo_parte_03.csv;110079;0;0
361100;despesas_es_2024_completo_parte_03.csv;110157;880698;1
361101;despesas_es_2024_completo_parte_03.csv;110158;70151;1
361307;despesas_es_2024_completo_parte_03.csv;110364;0;0
361319;despesas_es_2024_completo_parte_03.csv;110376;0;0
361352;despesas_es_2024_completo_parte_03.csv;110409;0;0
361389;despesas_es_2024_completo_parte_03.csv;110446;115181;1
361405;despesas_es_2024_completo_parte_03.csv;110462;0;0
361424;despesas_es_2024_completo_parte_03.csv;110481;0;0
361533;despesas_es_2024_completo_parte_03.csv;110590;0;0
361604;despesas_es_2024_completo_parte_03.csv;110661;0;0
361623;despesas_es_2024_completo_parte_03.csv;110680;0;0
361682;despesas_es_2024_completo_parte_03.csv;110739;0;0
361697;despesas_es_2024_completo_parte_03.csv;110754;0;0
361704;despesas_es_2024_completo_parte_03.csv;110761;0;0
361765;despesas_es_2024_completo_parte_03.csv;110822;0;0
361834;despesas_es_2024_completo_parte_03.csv;110891;48261;1
361836;despesas_es_2024_completo_parte_03.csv;110893;0;0
361916;despesas_es_2024_completo_parte_03.csv;110973;0;0
361928;despesas_es_2024_completo_parte_03.csv;110985;0;0
362016;despesas_es_2024_completo_parte_03.csv;111073;293365;1
362083;despesas_es_2024_completo_parte_03.csv;111140;0;0
362110;despesas_es_2024_completo_parte_03.csv;111167;0;0
362277;despesas_es_2024_completo_parte_03.csv;111334;0;0
362287;despesas_es_2024_completo_parte_03.csv;111344;644935;1
362296;despesas_es_2024_completo_parte_03.csv;111353;0;0
362443;despesas_es_2024_completo_parte_03.csv;111500;0;0
362481;despesas_es_2024_completo_parte_03.csv;111538;0;0
362485;despesas_es_2024_completo_parte_03.csv;111542;0;0
362662;despesas_es_2024_completo_parte_03.csv;111719;0;0
362739;despesas_es_2024_completo_parte_03.csv;111796;24419;1
362795;despesas_es_2024_completo_parte_03.csv;111852;0;0
362818;despesas_es_2024_completo_parte_03.csv;111875;9350;1
362855;despesas_es_2024_completo_parte_03.csv;111912;0;0
363081;despesas_es_2024_completo_parte_03.csv;112138;3686;1
363176;despesas_es_2024_completo_parte_03.csv;112233;14375;1
363177;despesas_es_2024_completo_parte_03.csv;112234;6445;1
363346;despesas_es_2024_completo_parte_03.csv;112403;0;0
363400;despesas_es_2024_completo_parte_03.csv;112457;0;0
363434;despesas_es_2024_completo_parte_03.csv;112491;4328232;1
363472;despesas_es_2024_completo_parte_03.csv;112529;9542;1
363497;despesas_es_2024_completo_parte_03.csv;112554;200000;1
363498;despesas_es_2024_completo_parte_03.csv;112555;200000;1
363534;despesas_es_2024_completo_parte_03.csv;112591;0;0
363542;despesas_es_2024_completo_parte_03.csv;112599;1307054;1
363575;despesas_es_2024_completo_parte_03.csv;112632;0;0
363664;despesas_es_2024_completo_parte_03.csv;112721;0;0
363741;despesas_es_2024_completo_parte_03.csv;112798;0;0
363785;despesas_es_2024_completo_parte_03.csv;112842;307274;1
363828;despesas_es_2024_completo_parte_03.csv;112885;0;0
363829;despesas_es_2024_completo_parte_03.csv;112886;0;0
363848;despesas_es_2024_completo_parte_03.csv;112905;29336;1
363852;despesas_es_2024_completo_parte_03.csv;112909;677375;1
363873;despesas_es_2024_completo_parte_03.csv;112930;0;0
363911;despesas_es_2024_completo_parte_03.csv;112968;22621;1
363916;despesas_es_2024_completo_parte_03.csv;112973;0;0
363923;despesas_es_2024_completo_parte_03.csv;112980;0;0
364018;despesas_es_2024_completo_parte_03.csv;113075;255877;1
364025;despesas_es_2024_completo_parte_03.csv;113082;0;0
364031;despesas_es_2024_completo_parte_03.csv;113088;0;0
364082;despesas_es_2024_completo_parte_03.csv;113139;845000;1
364129;despesas_es_2024_completo_parte_03.csv;113186;0;0
364134;despesas_es_2024_completo_parte_03.csv;113191;0;0
364140;despesas_es_2024_completo_parte_03.csv;113197;5370085;1
364152;despesas_es_2024_completo_parte_03.csv;113209;0;0
364306;despesas_es_2024_completo_parte_03.csv;113363;209619;1
364352;despesas_es_2024_completo_parte_03.csv;113409;192455;1
364389;despesas_es_2024_completo_parte_03.csv;113446;6084;1
364398;despesas_es_2024_completo_parte_03.csv;113455;0;0
364399;despesas_es_2024_completo_parte_03.csv;113456;0;0
364403;despesas_es_2024_completo_parte_03.csv;113460;0;0
364434;despesas_es_2024_completo_parte_03.csv;113491;0;0
364535;despesas_es_2024_completo_parte_03.csv;113592;0;0
364544;despesas_es_2024_completo_parte_03.csv;113601;113782;1
364557;despesas_es_2024_completo_parte_03.csv;113614;0;0
364619;despesas_es_2024_completo_parte_03.csv;113676;120;1
364658;despesas_es_2024_completo_parte_03.csv;113715;0;0
364663;despesas_es_2024_completo_parte_03.csv;113720;6486000;1
364690;despesas_es_2024_completo_parte_03.csv;113747;0;0
364760;despesas_es_2024_completo_parte_03.csv;113817;0;0
364767;despesas_es_2024_completo_parte_03.csv;113824;0;0
364789;despesas_es_2024_completo_parte_03.csv;113846;0;0
364842;despesas_es_2024_completo_parte_03.csv;113899;0;0
364892;despesas_es_2024_completo_parte_03.csv;113949;0;0
364898;despesas_es_2024_completo_parte_03.csv;113955;0;0
364907;despesas_es_2024_completo_parte_03.csv;113964;301736;1
364937;despesas_es_2024_completo_parte_03.csv;113994;0;0
364945;despesas_es_2024_completo_parte_03.csv;114002;0;0
364948;despesas_es_2024_completo_parte_03.csv;114005;0;0
365073;despesas_es_2024_completo_parte_03.csv;114130;0;0
365107;despesas_es_2024_completo_parte_03.csv;114164;0;0
365162;despesas_es_2024_completo_parte_03.csv;114219;-793818;0
365171;despesas_es_2024_completo_parte_03.csv;114228;-409817;0
365209;despesas_es_2024_completo_parte_03.csv;114266;20603;1
365211;despesas_es_2024_completo_parte_03.csv;114268;137351;1
365223;despesas_es_2024_completo_parte_03.csv;114280;85660;1
365228;despesas_es_2024_completo_parte_03.csv;114285;30800;1
365232;despesas_es_2024_completo_parte_03.csv;114289;105800;1
365372;despesas_es_2024_completo_parte_03.csv;114429;8800;1
365469;despesas_es_2024_completo_parte_03.csv;114526;52800;1
365528;despesas_es_2024_completo_parte_03.csv;114585;0;0
365586;despesas_es_2024_completo_parte_03.csv;114643;0;0
365600;despesas_es_2024_completo_parte_03.csv;114657;0;0
365623;despesas_es_2024_completo_parte_03.csv;114680;13824824;1
365659;despesas_es_2024_completo_parte_03.csv;114716;0;0
365694;despesas_es_2024_completo_parte_03.csv;114751;0;0
365772;despesas_es_2024_completo_parte_03.csv;114829;3107503;1
365789;despesas_es_2024_completo_parte_03.csv;114846;0;0
365792;despesas_es_2024_completo_parte_03.csv;114849;0;0
365820;despesas_es_2024_completo_parte_03.csv;114877;48406;1
365871;despesas_es_2024_completo_parte_03.csv;114928;-15760;0
365873;despesas_es_2024_completo_parte_03.csv;114930;-15760;0
365876;despesas_es_2024_completo_parte_03.csv;114933;0;0
365930;despesas_es_2024_completo_parte_03.csv;114987;0;0
366023;despesas_es_2024_completo_parte_03.csv;115080;-29760000;0
366119;despesas_es_2024_completo_parte_03.csv;115176;-7880;0
366124;despesas_es_2024_completo_parte_03.csv;115181;0;0
366130;despesas_es_2024_completo_parte_03.csv;115187;0;0
366161;despesas_es_2024_completo_parte_03.csv;115218;-8800;0
366166;despesas_es_2024_completo_parte_03.csv;115223;-346436;0
366242;despesas_es_2024_completo_parte_03.csv;115299;22500000;1
366256;despesas_es_2024_completo_parte_03.csv;115313;3044065;1
366263;despesas_es_2024_completo_parte_03.csv;115320;3500000;1
366269;despesas_es_2024_completo_parte_03.csv;115326;400000;1
366285;despesas_es_2024_completo_parte_03.csv;115342;0;0
366296;despesas_es_2024_completo_parte_03.csv;115353;650000;1
366314;despesas_es_2024_completo_parte_03.csv;115371;54121230;1
366324;despesas_es_2024_completo_parte_03.csv;115381;179075;1
366389;despesas_es_2024_completo_parte_03.csv;115446;0;0
366390;despesas_es_2024_completo_parte_03.csv;115447;362702900;1
366425;despesas_es_2024_completo_parte_03.csv;115482;0;0
366431;despesas_es_2024_completo_parte_03.csv;115488;0;0
366434;despesas_es_2024_completo_parte_03.csv;115491;0;0
366527;despesas_es_2024_completo_parte_03.csv;115584;30800;1
366543;despesas_es_2024_completo_parte_03.csv;115600;153511;1
366583;despesas_es_2024_completo_parte_03.csv;115640;22000;1
366599;despesas_es_2024_completo_parte_03.csv;115656;450000;1
366600;despesas_es_2024_completo_parte_03.csv;115657;30800;1
366673;despesas_es_2024_completo_parte_03.csv;115730;0;0
366674;despesas_es_2024_completo_parte_03.csv;115731;0;0
366788;despesas_es_2024_completo_parte_03.csv;115845;0;0
366822;despesas_es_2024_completo_parte_03.csv;115879;0;0
366899;despesas_es_2024_completo_parte_03.csv;115956;472800;1
366911;despesas_es_2024_completo_parte_03.csv;115968;0;0
366947;despesas_es_2024_completo_parte_03.csv;116004;0;0
366960;despesas_es_2024_completo_parte_03.csv;116017;22516;1
367053;despesas_es_2024_completo_parte_03.csv;116110;707506;1
367078;despesas_es_2024_completo_parte_03.csv;116135;0;0
367123;despesas_es_2024_completo_parte_03.csv;116180;0;0
367183;despesas_es_2024_completo_parte_03.csv;116240;0;0
367205;despesas_es_2024_completo_parte_03.csv;116262;8800;1
367284;despesas_es_2024_completo_parte_03.csv;116341;0;0
367292;despesas_es_2024_completo_parte_03.csv;116349;0;0
367460;despesas_es_2024_completo_parte_03.csv;116517;1425684;1
367516;despesas_es_2024_completo_parte_03.csv;116573;0;0
367576;despesas_es_2024_completo_parte_03.csv;116633;300000;1
367604;despesas_es_2024_completo_parte_03.csv;116661;893419;1
367659;despesas_es_2024_completo_parte_03.csv;116716;979;1
367681;despesas_es_2024_completo_parte_03.csv;116738;0;0
367704;despesas_es_2024_completo_parte_03.csv;116761;40925000;1
367869;despesas_es_2024_completo_parte_03.csv;116926;258523;1
367905;despesas_es_2024_completo_parte_03.csv;116962;0;0
367949;despesas_es_2024_completo_parte_03.csv;117006;0;0
367976;despesas_es_2024_completo_parte_03.csv;117033;0;0
368101;despesas_es_2024_completo_parte_03.csv;117158;11307;1
368165;despesas_es_2024_completo_parte_03.csv;117222;0;0
368239;despesas_es_2024_completo_parte_03.csv;117296;0;0
368337;despesas_es_2024_completo_parte_03.csv;117394;0;0
368358;despesas_es_2024_completo_parte_03.csv;117415;0;0
368425;despesas_es_2024_completo_parte_03.csv;117482;15000000;1
368466;despesas_es_2024_completo_parte_03.csv;117523;0;0
368508;despesas_es_2024_completo_parte_03.csv;117565;0;0
368509;despesas_es_2024_completo_parte_03.csv;117566;0;0
368519;despesas_es_2024_completo_parte_03.csv;117576;0;0
368539;despesas_es_2024_completo_parte_03.csv;117596;0;0
368577;despesas_es_2024_completo_parte_03.csv;117634;3119653;1
368592;despesas_es_2024_completo_parte_03.csv;117649;8800;1
368731;despesas_es_2024_completo_parte_03.csv;117788;1179672;1
368848;despesas_es_2024_completo_parte_03.csv;117905;0;0
368867;despesas_es_2024_completo_parte_03.csv;117924;0;0
368961;despesas_es_2024_completo_parte_03.csv;118018;0;0
368967;despesas_es_2024_completo_parte_03.csv;118024;8800;1
368998;despesas_es_2024_completo_parte_03.csv;118055;0;0
369015;despesas_es_2024_completo_parte_03.csv;118072;88247;1
369053;despesas_es_2024_completo_parte_03.csv;118110;0;0
369063;despesas_es_2024_completo_parte_03.csv;118120;0;0
369104;despesas_es_2024_completo_parte_03.csv;118161;0;0
369110;despesas_es_2024_completo_parte_03.csv;118167;17891947;1
369131;despesas_es_2024_completo_parte_03.csv;118188;4249004;1
369176;despesas_es_2024_completo_parte_03.csv;118233;0;0
369181;despesas_es_2024_completo_parte_03.csv;118238;0;0
369229;despesas_es_2024_completo_parte_03.csv;118286;236384;1
369330;despesas_es_2024_completo_parte_03.csv;118387;36000;1
369339;despesas_es_2024_completo_parte_03.csv;118396;0;0
369387;despesas_es_2024_completo_parte_03.csv;118444;0;0
369455;despesas_es_2024_completo_parte_03.csv;118512;316800;1
369471;despesas_es_2024_completo_parte_03.csv;118528;0;0
369528;despesas_es_2024_completo_parte_03.csv;118585;3348725;1
369539;despesas_es_2024_completo_parte_03.csv;118596;61456;1
369544;despesas_es_2024_completo_parte_03.csv;118601;8800;1
369626;despesas_es_2024_completo_parte_03.csv;118683;9462;1
369639;despesas_es_2024_completo_parte_03.csv;118696;0;0
369679;despesas_es_2024_completo_parte_03.csv;118736;0;0
369690;despesas_es_2024_completo_parte_03.csv;118747;177206;1
369706;despesas_es_2024_completo_parte_03.csv;118763;0;0
369756;despesas_es_2024_completo_parte_03.csv;118813;40800;1
369891;despesas_es_2024_completo_parte_03.csv;118948;8800;1
369931;despesas_es_2024_completo_parte_03.csv;118988;263072;1
369954;despesas_es_2024_completo_parte_03.csv;119011;212591;1
370002;despesas_es_2024_completo_parte_03.csv;119059;0;0
370007;despesas_es_2024_completo_parte_03.csv;119064;-361974;0
370069;despesas_es_2024_completo_parte_03.csv;119126;0;0
370073;despesas_es_2024_completo_parte_03.csv;119130;10047;1
370082;despesas_es_2024_completo_parte_03.csv;119139;48746;1
370097;despesas_es_2024_completo_parte_03.csv;119154;0;0
370279;despesas_es_2024_completo_parte_03.csv;119336;0;0
370374;despesas_es_2024_completo_parte_03.csv;119431;15000;1
370412;despesas_es_2024_completo_parte_03.csv;119469;423599;1
370441;despesas_es_2024_completo_parte_03.csv;119498;503880;1
370473;despesas_es_2024_completo_parte_03.csv;119530;0;0
370583;despesas_es_2024_completo_parte_03.csv;119640;0;0
370590;despesas_es_2024_completo_parte_03.csv;119647;344600;1
370601;despesas_es_2024_completo_parte_03.csv;119658;9598;1
370616;despesas_es_2024_completo_parte_03.csv;119673;875600;1
370680;despesas_es_2024_completo_parte_03.csv;119737;0;0
370683;despesas_es_2024_completo_parte_03.csv;119740;0;0
370686;despesas_es_2024_completo_parte_03.csv;119743;0;0
370712;despesas_es_2024_completo_parte_03.csv;119769;0;0
370838;despesas_es_2024_completo_parte_03.csv;119895;0;0
370839;despesas_es_2024_completo_parte_03.csv;119896;0;0
371036;despesas_es_2024_completo_parte_03.csv;120093;0;0
371044;despesas_es_2024_completo_parte_03.csv;120101;0;0
371060;despesas_es_2024_completo_parte_03.csv;120117;0;0
371068;despesas_es_2024_completo_parte_03.csv;120125;0;0
371098;despesas_es_2024_completo_parte_03.csv;120155;8800;1
371200;despesas_es_2024_completo_parte_03.csv;120257;2539391;1
371257;despesas_es_2024_completo_parte_03.csv;120314;0;0
371299;despesas_es_2024_completo_parte_03.csv;120356;0;0
371392;despesas_es_2024_completo_parte_03.csv;120449;-14282500;0
371434;despesas_es_2024_completo_parte_03.csv;120491;8157;1
371467;despesas_es_2024_completo_parte_03.csv;120524;0;0
371473;despesas_es_2024_completo_parte_03.csv;120530;930327;1
371498;despesas_es_2024_completo_parte_03.csv;120555;1827449;1
371564;despesas_es_2024_completo_parte_03.csv;120621;17600;1
371722;despesas_es_2024_completo_parte_03.csv;120779;0;0
371739;despesas_es_2024_completo_parte_03.csv;120796;0;0
371829;despesas_es_2024_completo_parte_03.csv;120886;0;0
371929;despesas_es_2024_completo_parte_03.csv;120986;0;0
372068;despesas_es_2024_completo_parte_03.csv;121125;8800;1
372100;despesas_es_2024_completo_parte_03.csv;121157;178912;1
372135;despesas_es_2024_completo_parte_03.csv;121192;9964;1
372302;despesas_es_2024_completo_parte_03.csv;121359;0;0
372345;despesas_es_2024_completo_parte_03.csv;121402;0;0
372365;despesas_es_2024_completo_parte_03.csv;121422;0;0
372392;despesas_es_2024_completo_parte_03.csv;121449;0;0
372448;despesas_es_2024_completo_parte_03.csv;121505;0;0
372455;despesas_es_2024_completo_parte_03.csv;121512;4120;1
372500;despesas_es_2024_completo_parte_03.csv;121557;715583;1
372558;despesas_es_2024_completo_parte_03.csv;121615;0;0
372566;despesas_es_2024_completo_parte_03.csv;121623;0;0
372655;despesas_es_2024_completo_parte_03.csv;121712;38811;1
372705;despesas_es_2024_completo_parte_03.csv;121762;7185;1
372740;despesas_es_2024_completo_parte_03.csv;121797;0;0
372936;despesas_es_2024_completo_parte_03.csv;121993;0;0
372971;despesas_es_2024_completo_parte_03.csv;122028;17784;1
372997;despesas_es_2024_completo_parte_03.csv;122054;0;0
373075;despesas_es_2024_completo_parte_03.csv;122132;0;0
373142;despesas_es_2024_completo_parte_03.csv;122199;1250846;1
373152;despesas_es_2024_completo_parte_03.csv;122209;0;0
373246;despesas_es_2024_completo_parte_03.csv;122303;986696;1
373253;despesas_es_2024_completo_parte_03.csv;122310;22000;1
373320;despesas_es_2024_completo_parte_03.csv;122377;460320;1
373365;despesas_es_2024_completo_parte_03.csv;122422;0;0
373373;despesas_es_2024_completo_parte_03.csv;122430;0;0
373375;despesas_es_2024_completo_parte_03.csv;122432;0;0
373387;despesas_es_2024_completo_parte_03.csv;122444;0;0
373490;despesas_es_2024_completo_parte_03.csv;122547;0;0
373517;despesas_es_2024_completo_parte_03.csv;122574;0;0
373540;despesas_es_2024_completo_parte_03.csv;122597;372563;1
373547;despesas_es_2024_completo_parte_03.csv;122604;12020;1
373585;despesas_es_2024_completo_parte_03.csv;122642;0;0
373614;despesas_es_2024_completo_parte_03.csv;122671;1233800;1
373685;despesas_es_2024_completo_parte_03.csv;122742;0;0
373689;despesas_es_2024_completo_parte_03.csv;122746;181421;1
373692;despesas_es_2024_completo_parte_03.csv;122749;40830;1
373708;despesas_es_2024_completo_parte_03.csv;122765;1176090;1
373742;despesas_es_2024_completo_parte_03.csv;122799;0;0
373752;despesas_es_2024_completo_parte_03.csv;122809;0;0
373873;despesas_es_2024_completo_parte_03.csv;122930;0;0
373915;despesas_es_2024_completo_parte_03.csv;122972;0;0
374032;despesas_es_2024_completo_parte_03.csv;123089;0;0
374076;despesas_es_2024_completo_parte_03.csv;123133;0;0
374099;despesas_es_2024_completo_parte_03.csv;123156;0;0
374129;despesas_es_2024_completo_parte_03.csv;123186;0;0
374306;despesas_es_2024_completo_parte_03.csv;123363;0;0
374313;despesas_es_2024_completo_parte_03.csv;123370;0;0
374317;despesas_es_2024_completo_parte_03.csv;123374;0;0
374345;despesas_es_2024_completo_parte_03.csv;123402;0;0
374423;despesas_es_2024_completo_parte_03.csv;123480;17313;1
374727;despesas_es_2024_completo_parte_03.csv;123784;42241;1
374749;despesas_es_2024_completo_parte_03.csv;123806;19159;1
374751;despesas_es_2024_completo_parte_03.csv;123808;3236310;1
374804;despesas_es_2024_completo_parte_03.csv;123861;91611054;1
374812;despesas_es_2024_completo_parte_03.csv;123869;108364;1
374820;despesas_es_2024_completo_parte_03.csv;123877;0;0
374862;despesas_es_2024_completo_parte_03.csv;123919;0;0
374880;despesas_es_2024_completo_parte_03.csv;123937;1327612;1
374930;despesas_es_2024_completo_parte_03.csv;123987;139187;1
375057;despesas_es_2024_completo_parte_03.csv;124114;145271;1
375089;despesas_es_2024_completo_parte_03.csv;124146;153133;1
375104;despesas_es_2024_completo_parte_03.csv;124161;0;0
375110;despesas_es_2024_completo_parte_03.csv;124167;0;0
375238;despesas_es_2024_completo_parte_03.csv;124295;0;0
375313;despesas_es_2024_completo_parte_03.csv;124370;0;0
375361;despesas_es_2024_completo_parte_03.csv;124418;144663;1
375365;despesas_es_2024_completo_parte_03.csv;124422;0;0
375449;despesas_es_2024_completo_parte_03.csv;124506;0;0
375453;despesas_es_2024_completo_parte_03.csv;124510;0;0
375593;despesas_es_2024_completo_parte_03.csv;124650;3189250;1
375630;despesas_es_2024_completo_parte_03.csv;124687;7003;1
375662;despesas_es_2024_completo_parte_03.csv;124719;3406;1
375713;despesas_es_2024_completo_parte_03.csv;124770;2120019;1
375728;despesas_es_2024_completo_parte_03.csv;124785;-109505;0
375761;despesas_es_2024_completo_parte_03.csv;124818;0;0
375768;despesas_es_2024_completo_parte_03.csv;124825;0;0
375776;despesas_es_2024_completo_parte_03.csv;124833;0;0
375781;despesas_es_2024_completo_parte_03.csv;124838;0;0
376021;despesas_es_2024_completo_parte_03.csv;125078;0;0
376072;despesas_es_2024_completo_parte_03.csv;125129;22018;1
376075;despesas_es_2024_completo_parte_03.csv;125132;322838;1
376120;despesas_es_2024_completo_parte_03.csv;125177;41472;1
376123;despesas_es_2024_completo_parte_03.csv;125180;210474;1
376178;despesas_es_2024_completo_parte_03.csv;125235;1309200;1
376197;despesas_es_2024_completo_parte_03.csv;125254;0;0
376236;despesas_es_2024_completo_parte_03.csv;125293;0;0
376291;despesas_es_2024_completo_parte_03.csv;125348;214941;1
376459;despesas_es_2024_completo_parte_03.csv;125516;0;0
376552;despesas_es_2024_completo_parte_03.csv;125609;28129;1
376565;despesas_es_2024_completo_parte_03.csv;125622;0;0
376593;despesas_es_2024_completo_parte_03.csv;125650;0;0
376720;despesas_es_2024_completo_parte_03.csv;125777;0;0
376857;despesas_es_2024_completo_parte_03.csv;125914;0;0
376866;despesas_es_2024_completo_parte_03.csv;125923;0;0
376893;despesas_es_2024_completo_parte_03.csv;125950;0;0
376921;despesas_es_2024_completo_parte_03.csv;125978;34091;1
377058;despesas_es_2024_completo_parte_04.csv;25;13728;1
377128;despesas_es_2024_completo_parte_04.csv;95;8800;1
377129;despesas_es_2024_completo_parte_04.csv;96;211200;1
377140;despesas_es_2024_completo_parte_04.csv;107;215443;1
377334;despesas_es_2024_completo_parte_04.csv;301;0;0
377384;despesas_es_2024_completo_parte_04.csv;351;0;0
377411;despesas_es_2024_completo_parte_04.csv;378;16361857;1
377433;despesas_es_2024_completo_parte_04.csv;400;4338;1
377455;despesas_es_2024_completo_parte_04.csv;422;0;0
377521;despesas_es_2024_completo_parte_04.csv;488;0;0
377564;despesas_es_2024_completo_parte_04.csv;531;0;0
377730;despesas_es_2024_completo_parte_04.csv;697;0;0
377767;despesas_es_2024_completo_parte_04.csv;734;0;0
377795;despesas_es_2024_completo_parte_04.csv;762;0;0
377811;despesas_es_2024_completo_parte_04.csv;778;0;0
377853;despesas_es_2024_completo_parte_04.csv;820;41762;1
377858;despesas_es_2024_completo_parte_04.csv;825;0;0
377898;despesas_es_2024_completo_parte_04.csv;865;0;0
377921;despesas_es_2024_completo_parte_04.csv;888;0;0
378026;despesas_es_2024_completo_parte_04.csv;993;0;0
378037;despesas_es_2024_completo_parte_04.csv;1004;-10135;0
378045;despesas_es_2024_completo_parte_04.csv;1012;-8721;0
378076;despesas_es_2024_completo_parte_04.csv;1043;0;0
378083;despesas_es_2024_completo_parte_04.csv;1050;0;0
378125;despesas_es_2024_completo_parte_04.csv;1092;-117750;0
378130;despesas_es_2024_completo_parte_04.csv;1097;-52800;0
378171;despesas_es_2024_completo_parte_04.csv;1138;0;0
378181;despesas_es_2024_completo_parte_04.csv;1148;-77722;0
378196;despesas_es_2024_completo_parte_04.csv;1163;-1281930;0
378281;despesas_es_2024_completo_parte_04.csv;1248;0;0
378384;despesas_es_2024_completo_parte_04.csv;1351;8800;1
378555;despesas_es_2024_completo_parte_04.csv;1522;745245;1
378589;despesas_es_2024_completo_parte_04.csv;1556;0;0
378656;despesas_es_2024_completo_parte_04.csv;1623;168500;1
378666;despesas_es_2024_completo_parte_04.csv;1633;0;0
378684;despesas_es_2024_completo_parte_04.csv;1651;114833;1
378702;despesas_es_2024_completo_parte_04.csv;1669;0;0
378855;despesas_es_2024_completo_parte_04.csv;1822;1247948593;1
378911;despesas_es_2024_completo_parte_04.csv;1878;0;0
379073;despesas_es_2024_completo_parte_04.csv;2040;30800;1
379116;despesas_es_2024_completo_parte_04.csv;2083;11448;1
379171;despesas_es_2024_completo_parte_04.csv;2138;17394;1
379331;despesas_es_2024_completo_parte_04.csv;2298;11998110;1
379377;despesas_es_2024_completo_parte_04.csv;2344;0;0
379381;despesas_es_2024_completo_parte_04.csv;2348;0;0
379390;despesas_es_2024_completo_parte_04.csv;2357;1667744;1
379403;despesas_es_2024_completo_parte_04.csv;2370;105161;1
379503;despesas_es_2024_completo_parte_04.csv;2470;0;0
379564;despesas_es_2024_completo_parte_04.csv;2531;0;0
379596;despesas_es_2024_completo_parte_04.csv;2563;0;0
379598;despesas_es_2024_completo_parte_04.csv;2565;0;0
379667;despesas_es_2024_completo_parte_04.csv;2634;163200;1
379883;despesas_es_2024_completo_parte_04.csv;2850;0;0
380045;despesas_es_2024_completo_parte_04.csv;3012;0;0
380090;despesas_es_2024_completo_parte_04.csv;3057;323332;1
380114;despesas_es_2024_completo_parte_04.csv;3081;0;0
380167;despesas_es_2024_completo_parte_04.csv;3134;5850;1
380185;despesas_es_2024_completo_parte_04.csv;3152;99656;1
380275;despesas_es_2024_completo_parte_04.csv;3242;0;0
380308;despesas_es_2024_completo_parte_04.csv;3275;484120;1
380311;despesas_es_2024_completo_parte_04.csv;3278;4067260;1
380329;despesas_es_2024_completo_parte_04.csv;3296;1152568;1
380375;despesas_es_2024_completo_parte_04.csv;3342;225160;1
380452;despesas_es_2024_completo_parte_04.csv;3419;0;0
380476;despesas_es_2024_completo_parte_04.csv;3443;0;0
380479;despesas_es_2024_completo_parte_04.csv;3446;0;0
380556;despesas_es_2024_completo_parte_04.csv;3523;1233800;1
380649;despesas_es_2024_completo_parte_04.csv;3616;8800;1
380655;despesas_es_2024_completo_parte_04.csv;3622;0;0
380665;despesas_es_2024_completo_parte_04.csv;3632;18905;1
380794;despesas_es_2024_completo_parte_04.csv;3761;0;0
380830;despesas_es_2024_completo_parte_04.csv;3797;0;0
380892;despesas_es_2024_completo_parte_04.csv;3859;0;0
380947;despesas_es_2024_completo_parte_04.csv;3914;52800;1
381025;despesas_es_2024_completo_parte_04.csv;3992;8800;1
381096;despesas_es_2024_completo_parte_04.csv;4063;0;0
381130;despesas_es_2024_completo_parte_04.csv;4097;0;0
381165;despesas_es_2024_completo_parte_04.csv;4132;482661;1
381176;despesas_es_2024_completo_parte_04.csv;4143;49202;1
381270;despesas_es_2024_completo_parte_04.csv;4237;448785;1
381285;despesas_es_2024_completo_parte_04.csv;4252;0;0
381312;despesas_es_2024_completo_parte_04.csv;4279;0;0
381314;despesas_es_2024_completo_parte_04.csv;4281;0;0
381353;despesas_es_2024_completo_parte_04.csv;4320;0;0
381481;despesas_es_2024_completo_parte_04.csv;4448;0;0
381487;despesas_es_2024_completo_parte_04.csv;4454;250000;1
381492;despesas_es_2024_completo_parte_04.csv;4459;4939;1
381519;despesas_es_2024_completo_parte_04.csv;4486;0;0
381556;despesas_es_2024_completo_parte_04.csv;4523;317500;1
381778;despesas_es_2024_completo_parte_04.csv;4745;0;0
381821;despesas_es_2024_completo_parte_04.csv;4788;0;0
382039;despesas_es_2024_completo_parte_04.csv;5006;0;0
382059;despesas_es_2024_completo_parte_04.csv;5026;0;0
382129;despesas_es_2024_completo_parte_04.csv;5096;0;0
382146;despesas_es_2024_completo_parte_04.csv;5113;0;0
382157;despesas_es_2024_completo_parte_04.csv;5124;94000;1
382211;despesas_es_2024_completo_parte_04.csv;5178;0;0
382235;despesas_es_2024_completo_parte_04.csv;5202;-410;0
382338;despesas_es_2024_completo_parte_04.csv;5305;0;0
382403;despesas_es_2024_completo_parte_04.csv;5370;0;0
382551;despesas_es_2024_completo_parte_04.csv;5518;0;0
382612;despesas_es_2024_completo_parte_04.csv;5579;0;0
382631;despesas_es_2024_completo_parte_04.csv;5598;0;0
382730;despesas_es_2024_completo_parte_04.csv;5697;158827;1
382781;despesas_es_2024_completo_parte_04.csv;5748;1037400;1
383082;despesas_es_2024_completo_parte_04.csv;6049;872510;1
383306;despesas_es_2024_completo_parte_04.csv;6273;653940;1
383418;despesas_es_2024_completo_parte_04.csv;6385;0;0
383441;despesas_es_2024_completo_parte_04.csv;6408;1396574;1
383444;despesas_es_2024_completo_parte_04.csv;6411;0;0
383498;despesas_es_2024_completo_parte_04.csv;6465;0;0
383546;despesas_es_2024_completo_parte_04.csv;6513;0;0
383596;despesas_es_2024_completo_parte_04.csv;6563;0;0
383632;despesas_es_2024_completo_parte_04.csv;6599;0;0
383696;despesas_es_2024_completo_parte_04.csv;6663;0;0
383749;despesas_es_2024_completo_parte_04.csv;6716;107222;1
383801;despesas_es_2024_completo_parte_04.csv;6768;0;0
383827;despesas_es_2024_completo_parte_04.csv;6794;0;0
383843;despesas_es_2024_completo_parte_04.csv;6810;0;0
383844;despesas_es_2024_completo_parte_04.csv;6811;0;0
383863;despesas_es_2024_completo_parte_04.csv;6830;0;0
383882;despesas_es_2024_completo_parte_04.csv;6849;0;0
383921;despesas_es_2024_completo_parte_04.csv;6888;0;0
383943;despesas_es_2024_completo_parte_04.csv;6910;0;0
384033;despesas_es_2024_completo_parte_04.csv;7000;0;0
384071;despesas_es_2024_completo_parte_04.csv;7038;0;0
384093;despesas_es_2024_completo_parte_04.csv;7060;0;0
384106;despesas_es_2024_completo_parte_04.csv;7073;0;0
384107;despesas_es_2024_completo_parte_04.csv;7074;0;0
384154;despesas_es_2024_completo_parte_04.csv;7121;0;0
384201;despesas_es_2024_completo_parte_04.csv;7168;0;0
384206;despesas_es_2024_completo_parte_04.csv;7173;0;0
384213;despesas_es_2024_completo_parte_04.csv;7180;535288;1
384276;despesas_es_2024_completo_parte_04.csv;7243;0;0
384299;despesas_es_2024_completo_parte_04.csv;7266;196783;1
384309;despesas_es_2024_completo_parte_04.csv;7276;0;0
384331;despesas_es_2024_completo_parte_04.csv;7298;0;0
384343;despesas_es_2024_completo_parte_04.csv;7310;8800;1
384350;despesas_es_2024_completo_parte_04.csv;7317;30800;1
384496;despesas_es_2024_completo_parte_04.csv;7463;0;0
384578;despesas_es_2024_completo_parte_04.csv;7545;0;0
384600;despesas_es_2024_completo_parte_04.csv;7567;314331;1
384629;despesas_es_2024_completo_parte_04.csv;7596;0;0
384657;despesas_es_2024_completo_parte_04.csv;7624;0;0
384704;despesas_es_2024_completo_parte_04.csv;7671;8800;1
384760;despesas_es_2024_completo_parte_04.csv;7727;0;0
384776;despesas_es_2024_completo_parte_04.csv;7743;7240;1
384780;despesas_es_2024_completo_parte_04.csv;7747;0;0
384892;despesas_es_2024_completo_parte_04.csv;7859;0;0
384943;despesas_es_2024_completo_parte_04.csv;7910;0;0
385096;despesas_es_2024_completo_parte_04.csv;8063;0;0
385222;despesas_es_2024_completo_parte_04.csv;8189;25473;1
385264;despesas_es_2024_completo_parte_04.csv;8231;9371516;1
385347;despesas_es_2024_completo_parte_04.csv;8314;7409;1
385376;despesas_es_2024_completo_parte_04.csv;8343;598;1
385420;despesas_es_2024_completo_parte_04.csv;8387;32175;1
385442;despesas_es_2024_completo_parte_04.csv;8409;39920;1
385444;despesas_es_2024_completo_parte_04.csv;8411;1470199;1
385479;despesas_es_2024_completo_parte_04.csv;8446;0;0
385624;despesas_es_2024_completo_parte_04.csv;8591;218064;1
385637;despesas_es_2024_completo_parte_04.csv;8604;0;0
385787;despesas_es_2024_completo_parte_04.csv;8754;26332;1
385886;despesas_es_2024_completo_parte_04.csv;8853;143000;1
385921;despesas_es_2024_completo_parte_04.csv;8888;472033;1
386037;despesas_es_2024_completo_parte_04.csv;9004;0;0
386170;despesas_es_2024_completo_parte_04.csv;9137;260820;1
386319;despesas_es_2024_completo_parte_04.csv;9286;0;0
386322;despesas_es_2024_completo_parte_04.csv;9289;0;0
386429;despesas_es_2024_completo_parte_04.csv;9396;0;0
386483;despesas_es_2024_completo_parte_04.csv;9450;0;0
386536;despesas_es_2024_completo_parte_04.csv;9503;250071;1
386603;despesas_es_2024_completo_parte_04.csv;9570;0;0
386691;despesas_es_2024_completo_parte_04.csv;9658;0;0
386708;despesas_es_2024_completo_parte_04.csv;9675;87750;1
386709;despesas_es_2024_completo_parte_04.csv;9676;96800;1
386741;despesas_es_2024_completo_parte_04.csv;9708;-1413165;0
386773;despesas_es_2024_completo_parte_04.csv;9740;0;0
386776;despesas_es_2024_completo_parte_04.csv;9743;0;0
386787;despesas_es_2024_completo_parte_04.csv;9754;0;0
386878;despesas_es_2024_completo_parte_04.csv;9845;0;0
386951;despesas_es_2024_completo_parte_04.csv;9918;7641;1
387156;despesas_es_2024_completo_parte_04.csv;10123;880754;1
387232;despesas_es_2024_completo_parte_04.csv;10199;671875;1
387279;despesas_es_2024_completo_parte_04.csv;10246;5803;1
387328;despesas_es_2024_completo_parte_04.csv;10295;0;0
387392;despesas_es_2024_completo_parte_04.csv;10359;0;0
387408;despesas_es_2024_completo_parte_04.csv;10375;0;0
387471;despesas_es_2024_completo_parte_04.csv;10438;57240760;1
387477;despesas_es_2024_completo_parte_04.csv;10444;617700;1
387491;despesas_es_2024_completo_parte_04.csv;10458;2068854;1
387595;despesas_es_2024_completo_parte_04.csv;10562;150416;1
387698;despesas_es_2024_completo_parte_04.csv;10665;0;0
387767;despesas_es_2024_completo_parte_04.csv;10734;8800;1
387787;despesas_es_2024_completo_parte_04.csv;10754;122400;1
387825;despesas_es_2024_completo_parte_04.csv;10792;0;0
387830;despesas_es_2024_completo_parte_04.csv;10797;15000;1
387849;despesas_es_2024_completo_parte_04.csv;10816;45508;1
387987;despesas_es_2024_completo_parte_04.csv;10954;0;0
388055;despesas_es_2024_completo_parte_04.csv;11022;0;0
388100;despesas_es_2024_completo_parte_04.csv;11067;290460;1
388176;despesas_es_2024_completo_parte_04.csv;11143;0;0
388268;despesas_es_2024_completo_parte_04.csv;11235;33442;1
388290;despesas_es_2024_completo_parte_04.csv;11257;435000;1
388338;despesas_es_2024_completo_parte_04.csv;11305;30800;1
388427;despesas_es_2024_completo_parte_04.csv;11394;0;0
388493;despesas_es_2024_completo_parte_04.csv;11460;1520;1
388577;despesas_es_2024_completo_parte_04.csv;11544;19460;1
388646;despesas_es_2024_completo_parte_04.csv;11613;0;0
388648;despesas_es_2024_completo_parte_04.csv;11615;53661;1
388649;despesas_es_2024_completo_parte_04.csv;11616;748212;1
388651;despesas_es_2024_completo_parte_04.csv;11618;0;0
388705;despesas_es_2024_completo_parte_04.csv;11672;0;0
388707;despesas_es_2024_completo_parte_04.csv;11674;0;0
388757;despesas_es_2024_completo_parte_04.csv;11724;0;0
388774;despesas_es_2024_completo_parte_04.csv;11741;0;0
388827;despesas_es_2024_completo_parte_04.csv;11794;0;0
388833;despesas_es_2024_completo_parte_04.csv;11800;0;0
388856;despesas_es_2024_completo_parte_04.csv;11823;-126663;0
388858;despesas_es_2024_completo_parte_04.csv;11825;0;0
388860;despesas_es_2024_completo_parte_04.csv;11827;44000;1
388886;despesas_es_2024_completo_parte_04.csv;11853;737147;1
388919;despesas_es_2024_completo_parte_04.csv;11886;0;0
388965;despesas_es_2024_completo_parte_04.csv;11932;0;0
389011;despesas_es_2024_completo_parte_04.csv;11978;0;0
389018;despesas_es_2024_completo_parte_04.csv;11985;0;0
389146;despesas_es_2024_completo_parte_04.csv;12113;0;0
389154;despesas_es_2024_completo_parte_04.csv;12121;0;0
389202;despesas_es_2024_completo_parte_04.csv;12169;0;0
389216;despesas_es_2024_completo_parte_04.csv;12183;0;0
389290;despesas_es_2024_completo_parte_04.csv;12257;33;1
389358;despesas_es_2024_completo_parte_04.csv;12325;0;0
389450;despesas_es_2024_completo_parte_04.csv;12417;14991110;1
389594;despesas_es_2024_completo_parte_04.csv;12561;18507;1
389625;despesas_es_2024_completo_parte_04.csv;12592;5108112;1
389658;despesas_es_2024_completo_parte_04.csv;12625;0;0
389787;despesas_es_2024_completo_parte_04.csv;12754;0;0
389811;despesas_es_2024_completo_parte_04.csv;12778;201347;1
389824;despesas_es_2024_completo_parte_04.csv;12791;8800;1
389859;despesas_es_2024_completo_parte_04.csv;12826;2290100;1
389865;despesas_es_2024_completo_parte_04.csv;12832;0;0
389930;despesas_es_2024_completo_parte_04.csv;12897;0;0
389970;despesas_es_2024_completo_parte_04.csv;12937;0;0
390004;despesas_es_2024_completo_parte_04.csv;12971;0;0
390075;despesas_es_2024_completo_parte_04.csv;13042;0;0
390383;despesas_es_2024_completo_parte_04.csv;13350;3602265;1
390503;despesas_es_2024_completo_parte_04.csv;13470;15835;1
390511;despesas_es_2024_completo_parte_04.csv;13478;185250;1
390580;despesas_es_2024_completo_parte_04.csv;13547;0;0
390584;despesas_es_2024_completo_parte_04.csv;13551;650399;1
390628;despesas_es_2024_completo_parte_04.csv;13595;0;0
390644;despesas_es_2024_completo_parte_04.csv;13611;0;0
390688;despesas_es_2024_completo_parte_04.csv;13655;0;0
390742;despesas_es_2024_completo_parte_04.csv;13709;0;0
390900;despesas_es_2024_completo_parte_04.csv;13867;0;0
390971;despesas_es_2024_completo_parte_04.csv;13938;15619;1
391082;despesas_es_2024_completo_parte_04.csv;14049;8800;1
391308;despesas_es_2024_completo_parte_04.csv;14275;32814167;1
391413;despesas_es_2024_completo_parte_04.csv;14380;0;0
391421;despesas_es_2024_completo_parte_04.csv;14388;0;0
391550;despesas_es_2024_completo_parte_04.csv;14517;0;0
391598;despesas_es_2024_completo_parte_04.csv;14565;0;0
391623;despesas_es_2024_completo_parte_04.csv;14590;0;0
391641;despesas_es_2024_completo_parte_04.csv;14608;0;0
391668;despesas_es_2024_completo_parte_04.csv;14635;159500;1
391690;despesas_es_2024_completo_parte_04.csv;14657;106115;1
391708;despesas_es_2024_completo_parte_04.csv;14675;0;0
391739;despesas_es_2024_completo_parte_04.csv;14706;0;0
391747;despesas_es_2024_completo_parte_04.csv;14714;0;0
391757;despesas_es_2024_completo_parte_04.csv;14724;397895;1
391817;despesas_es_2024_completo_parte_04.csv;14784;1581110;1
391885;despesas_es_2024_completo_parte_04.csv;14852;2000000;1
391886;despesas_es_2024_completo_parte_04.csv;14853;267756;1
391931;despesas_es_2024_completo_parte_04.csv;14898;26846;1
391941;despesas_es_2024_completo_parte_04.csv;14908;0;0
391998;despesas_es_2024_completo_parte_04.csv;14965;0;0
392044;despesas_es_2024_completo_parte_04.csv;15011;0;0
392173;despesas_es_2024_completo_parte_04.csv;15140;0;0
392185;despesas_es_2024_completo_parte_04.csv;15152;15760;1
392395;despesas_es_2024_completo_parte_04.csv;15362;0;0
392452;despesas_es_2024_completo_parte_04.csv;15419;91;1
392456;despesas_es_2024_completo_parte_04.csv;15423;0;0
392473;despesas_es_2024_completo_parte_04.csv;15440;0;0
392474;despesas_es_2024_completo_parte_04.csv;15441;0;0
392601;despesas_es_2024_completo_parte_04.csv;15568;0;0
392613;despesas_es_2024_completo_parte_04.csv;15580;0;0
392634;despesas_es_2024_completo_parte_04.csv;15601;1465951;1
392657;despesas_es_2024_completo_parte_04.csv;15624;2157562;1
392721;despesas_es_2024_completo_parte_04.csv;15688;0;0
392745;despesas_es_2024_completo_parte_04.csv;15712;0;0
392774;despesas_es_2024_completo_parte_04.csv;15741;0;0
392790;despesas_es_2024_completo_parte_04.csv;15757;1355;1
392841;despesas_es_2024_completo_parte_04.csv;15808;393;1
392845;despesas_es_2024_completo_parte_04.csv;15812;0;0
392862;despesas_es_2024_completo_parte_04.csv;15829;25740;1
392907;despesas_es_2024_completo_parte_04.csv;15874;34607;1
392909;despesas_es_2024_completo_parte_04.csv;15876;904509;1
393009;despesas_es_2024_completo_parte_04.csv;15976;0;0
393019;despesas_es_2024_completo_parte_04.csv;15986;184;1
393053;despesas_es_2024_completo_parte_04.csv;16020;227772;1
393116;despesas_es_2024_completo_parte_04.csv;16083;0;0
393119;despesas_es_2024_completo_parte_04.csv;16086;5868173;1
393169;despesas_es_2024_completo_parte_04.csv;16136;0;0
393204;despesas_es_2024_completo_parte_04.csv;16171;0;0
393211;despesas_es_2024_completo_parte_04.csv;16178;0;0
393283;despesas_es_2024_completo_parte_04.csv;16250;0;0
393295;despesas_es_2024_completo_parte_04.csv;16262;0;0
393302;despesas_es_2024_completo_parte_04.csv;16269;0;0
393325;despesas_es_2024_completo_parte_04.csv;16292;197469;1
393327;despesas_es_2024_completo_parte_04.csv;16294;11736;1
393346;despesas_es_2024_completo_parte_04.csv;16313;88732;1
393367;despesas_es_2024_completo_parte_04.csv;16334;-864174;0
393398;despesas_es_2024_completo_parte_04.csv;16365;-514604;0
393446;despesas_es_2024_completo_parte_04.csv;16413;-3782360;0
393497;despesas_es_2024_completo_parte_04.csv;16464;0;0
393519;despesas_es_2024_completo_parte_04.csv;16486;-400000;0
393549;despesas_es_2024_completo_parte_04.csv;16516;0;0
393598;despesas_es_2024_completo_parte_04.csv;16565;0;0
393717;despesas_es_2024_completo_parte_04.csv;16684;0;0
393777;despesas_es_2024_completo_parte_04.csv;16744;96124;1
393816;despesas_es_2024_completo_parte_04.csv;16783;0;0
393915;despesas_es_2024_completo_parte_04.csv;16882;0;0
394115;despesas_es_2024_completo_parte_04.csv;17082;0;0
394216;despesas_es_2024_completo_parte_04.csv;17183;0;0
394225;despesas_es_2024_completo_parte_04.csv;17192;0;0
394248;despesas_es_2024_completo_parte_04.csv;17215;477616;1
394322;despesas_es_2024_completo_parte_04.csv;17289;8800;1
394323;despesas_es_2024_completo_parte_04.csv;17290;1161194;1
394346;despesas_es_2024_completo_parte_04.csv;17313;94908078;1
394395;despesas_es_2024_completo_parte_04.csv;17362;8800;1
394418;despesas_es_2024_completo_parte_04.csv;17385;0;0
394467;despesas_es_2024_completo_parte_04.csv;17434;1500000;1
394497;despesas_es_2024_completo_parte_04.csv;17464;8800;1
394569;despesas_es_2024_completo_parte_04.csv;17536;0;0
394575;despesas_es_2024_completo_parte_04.csv;17542;9943;1
394594;despesas_es_2024_completo_parte_04.csv;17561;0;0
394680;despesas_es_2024_completo_parte_04.csv;17647;2283515;1
394681;despesas_es_2024_completo_parte_04.csv;17648;35200;1
394760;despesas_es_2024_completo_parte_04.csv;17727;0;0
394824;despesas_es_2024_completo_parte_04.csv;17791;28510315;1
394873;despesas_es_2024_completo_parte_04.csv;17840;1423446;1
394894;despesas_es_2024_completo_parte_04.csv;17861;23379410;1
394943;despesas_es_2024_completo_parte_04.csv;17910;0;0
394981;despesas_es_2024_completo_parte_04.csv;17948;0;0
395050;despesas_es_2024_completo_parte_04.csv;18017;30800;1
395051;despesas_es_2024_completo_parte_04.csv;18018;1773590;1
395054;despesas_es_2024_completo_parte_04.csv;18021;0;0
395056;despesas_es_2024_completo_parte_04.csv;18023;0;0
395150;despesas_es_2024_completo_parte_04.csv;18117;0;0
395367;despesas_es_2024_completo_parte_04.csv;18334;0;0
395428;despesas_es_2024_completo_parte_04.csv;18395;0;0
395558;despesas_es_2024_completo_parte_04.csv;18525;0;0
395559;despesas_es_2024_completo_parte_04.csv;18526;0;0
395629;despesas_es_2024_completo_parte_04.csv;18596;0;0
395662;despesas_es_2024_completo_parte_04.csv;18629;0;0
395672;despesas_es_2024_completo_parte_04.csv;18639;0;0
395675;despesas_es_2024_completo_parte_04.csv;18642;0;0
395739;despesas_es_2024_completo_parte_04.csv;18706;0;0
395771;despesas_es_2024_completo_parte_04.csv;18738;0;0
395860;despesas_es_2024_completo_parte_04.csv;18827;314376;1
395906;despesas_es_2024_completo_parte_04.csv;18873;0;0
395995;despesas_es_2024_completo_parte_04.csv;18962;0;0
396028;despesas_es_2024_completo_parte_04.csv;18995;0;0
396127;despesas_es_2024_completo_parte_04.csv;19094;0;0
396167;despesas_es_2024_completo_parte_04.csv;19134;230398;1
396186;despesas_es_2024_completo_parte_04.csv;19153;0;0
396190;despesas_es_2024_completo_parte_04.csv;19157;0;0
396196;despesas_es_2024_completo_parte_04.csv;19163;-73649;0
396227;despesas_es_2024_completo_parte_04.csv;19194;-3946291;0
396360;despesas_es_2024_completo_parte_04.csv;19327;25491;1
396370;despesas_es_2024_completo_parte_04.csv;19337;0;0
396403;despesas_es_2024_completo_parte_04.csv;19370;-30800;0
396454;despesas_es_2024_completo_parte_04.csv;19421;0;0
396530;despesas_es_2024_completo_parte_04.csv;19497;-2180641;0
396586;despesas_es_2024_completo_parte_04.csv;19553;0;0
396630;despesas_es_2024_completo_parte_04.csv;19597;0;0
396701;despesas_es_2024_completo_parte_04.csv;19668;0;0
396734;despesas_es_2024_completo_parte_04.csv;19701;0;0
396782;despesas_es_2024_completo_parte_04.csv;19749;0;0
396869;despesas_es_2024_completo_parte_04.csv;19836;0;0
396875;despesas_es_2024_completo_parte_04.csv;19842;0;0
396880;despesas_es_2024_completo_parte_04.csv;19847;0;0
396895;despesas_es_2024_completo_parte_04.csv;19862;-3266;0
396958;despesas_es_2024_completo_parte_04.csv;19925;-72000;0
396966;despesas_es_2024_completo_parte_04.csv;19933;0;0
397000;despesas_es_2024_completo_parte_04.csv;19967;0;0
397060;despesas_es_2024_completo_parte_04.csv;20027;0;0
397071;despesas_es_2024_completo_parte_04.csv;20038;1672182;1
397084;despesas_es_2024_completo_parte_04.csv;20051;1260000;1
397157;despesas_es_2024_completo_parte_04.csv;20124;8800;1
397192;despesas_es_2024_completo_parte_04.csv;20159;153000;1
397206;despesas_es_2024_completo_parte_04.csv;20173;1143350;1
397222;despesas_es_2024_completo_parte_04.csv;20189;969328;1
397253;despesas_es_2024_completo_parte_04.csv;20220;272559;1
397286;despesas_es_2024_completo_parte_04.csv;20253;52300;1
397479;despesas_es_2024_completo_parte_04.csv;20446;0;0
397611;despesas_es_2024_completo_parte_04.csv;20578;200000;1
397631;despesas_es_2024_completo_parte_04.csv;20598;0;0
397680;despesas_es_2024_completo_parte_04.csv;20647;679494;1
397687;despesas_es_2024_completo_parte_04.csv;20654;13400;1
397739;despesas_es_2024_completo_parte_04.csv;20706;0;0
397740;despesas_es_2024_completo_parte_04.csv;20707;0;0
397768;despesas_es_2024_completo_parte_04.csv;20735;0;0
397827;despesas_es_2024_completo_parte_04.csv;20794;0;0
397842;despesas_es_2024_completo_parte_04.csv;20809;0;0
397867;despesas_es_2024_completo_parte_04.csv;20834;0;0
397914;despesas_es_2024_completo_parte_04.csv;20881;30800;1
397940;despesas_es_2024_completo_parte_04.csv;20907;154990;1
398044;despesas_es_2024_completo_parte_04.csv;21011;0;0
398068;despesas_es_2024_completo_parte_04.csv;21035;250000;1
398126;despesas_es_2024_completo_parte_04.csv;21093;0;0
398325;despesas_es_2024_completo_parte_04.csv;21292;0;0
398333;despesas_es_2024_completo_parte_04.csv;21300;3710;1
398407;despesas_es_2024_completo_parte_04.csv;21374;0;0
398521;despesas_es_2024_completo_parte_04.csv;21488;379200;1
398527;despesas_es_2024_completo_parte_04.csv;21494;7600;1
398572;despesas_es_2024_completo_parte_04.csv;21539;0;0
398712;despesas_es_2024_completo_parte_04.csv;21679;0;0
398927;despesas_es_2024_completo_parte_04.csv;21894;0;0
398956;despesas_es_2024_completo_parte_04.csv;21923;0;0
398964;despesas_es_2024_completo_parte_04.csv;21931;0;0
399038;despesas_es_2024_completo_parte_04.csv;22005;0;0
399147;despesas_es_2024_completo_parte_04.csv;22114;0;0
399207;despesas_es_2024_completo_parte_04.csv;22174;0;0
399269;despesas_es_2024_completo_parte_04.csv;22236;0;0
399322;despesas_es_2024_completo_parte_04.csv;22289;0;0
399339;despesas_es_2024_completo_parte_04.csv;22306;17782;1
399374;despesas_es_2024_completo_parte_04.csv;22341;0;0
399385;despesas_es_2024_completo_parte_04.csv;22352;0;0
399465;despesas_es_2024_completo_parte_04.csv;22432;0;0
399487;despesas_es_2024_completo_parte_04.csv;22454;0;0
399548;despesas_es_2024_completo_parte_04.csv;22515;0;0
399730;despesas_es_2024_completo_parte_04.csv;22697;0;0
399755;despesas_es_2024_completo_parte_04.csv;22722;0;0
399781;despesas_es_2024_completo_parte_04.csv;22748;0;0
399818;despesas_es_2024_completo_parte_04.csv;22785;-34511;0
399881;despesas_es_2024_completo_parte_04.csv;22848;71;1
399899;despesas_es_2024_completo_parte_04.csv;22866;0;0
399902;despesas_es_2024_completo_parte_04.csv;22869;0;0
399933;despesas_es_2024_completo_parte_04.csv;22900;163726;1
399981;despesas_es_2024_completo_parte_04.csv;22948;0;0
400008;despesas_es_2024_completo_parte_04.csv;22975;0;0
400026;despesas_es_2024_completo_parte_04.csv;22993;0;0
400143;despesas_es_2024_completo_parte_04.csv;23110;161577;1
400157;despesas_es_2024_completo_parte_04.csv;23124;4273;1
400162;despesas_es_2024_completo_parte_04.csv;23129;666000;1
400178;despesas_es_2024_completo_parte_04.csv;23145;26230;1
400188;despesas_es_2024_completo_parte_04.csv;23155;0;0
400208;despesas_es_2024_completo_parte_04.csv;23175;63726;1
400278;despesas_es_2024_completo_parte_04.csv;23245;0;0
400351;despesas_es_2024_completo_parte_04.csv;23318;30800;1
400450;despesas_es_2024_completo_parte_04.csv;23417;163968;1
400451;despesas_es_2024_completo_parte_04.csv;23418;221394;1
400502;despesas_es_2024_completo_parte_04.csv;23469;0;0
400551;despesas_es_2024_completo_parte_04.csv;23518;0;0
400620;despesas_es_2024_completo_parte_04.csv;23587;0;0
400639;despesas_es_2024_completo_parte_04.csv;23606;0;0
400658;despesas_es_2024_completo_parte_04.csv;23625;0;0
400691;despesas_es_2024_completo_parte_04.csv;23658;0;0
400697;despesas_es_2024_completo_parte_04.csv;23664;0;0
400733;despesas_es_2024_completo_parte_04.csv;23700;0;0
400748;despesas_es_2024_completo_parte_04.csv;23715;0;0
400783;despesas_es_2024_completo_parte_04.csv;23750;0;0
400841;despesas_es_2024_completo_parte_04.csv;23808;0;0
400846;despesas_es_2024_completo_parte_04.csv;23813;0;0
400889;despesas_es_2024_completo_parte_04.csv;23856;0;0
400967;despesas_es_2024_completo_parte_04.csv;23934;258187;1
401025;despesas_es_2024_completo_parte_04.csv;23992;8616500;1
401029;despesas_es_2024_completo_parte_04.csv;23996;239081;1
401135;despesas_es_2024_completo_parte_04.csv;24102;18335;1
401169;despesas_es_2024_completo_parte_04.csv;24136;976;1
401220;despesas_es_2024_completo_parte_04.csv;24187;100058;1
401223;despesas_es_2024_completo_parte_04.csv;24190;136;1
401225;despesas_es_2024_completo_parte_04.csv;24192;24698;1
401287;despesas_es_2024_completo_parte_04.csv;24254;379970;1
401307;despesas_es_2024_completo_parte_04.csv;24274;0;0
401316;despesas_es_2024_completo_parte_04.csv;24283;0;0
401338;despesas_es_2024_completo_parte_04.csv;24305;4262297;1
401419;despesas_es_2024_completo_parte_04.csv;24386;0;0
401526;despesas_es_2024_completo_parte_04.csv;24493;-2500000;0
401585;despesas_es_2024_completo_parte_04.csv;24552;-250741;0
401631;despesas_es_2024_completo_parte_04.csv;24598;-78066;0
401661;despesas_es_2024_completo_parte_04.csv;24628;0;0
401773;despesas_es_2024_completo_parte_04.csv;24740;0;0
401842;despesas_es_2024_completo_parte_04.csv;24809;0;0
401883;despesas_es_2024_completo_parte_04.csv;24850;0;0
401937;despesas_es_2024_completo_parte_04.csv;24904;0;0
401951;despesas_es_2024_completo_parte_04.csv;24918;0;0
401998;despesas_es_2024_completo_parte_04.csv;24965;-247096;0
402029;despesas_es_2024_completo_parte_04.csv;24996;-494494;0
402033;despesas_es_2024_completo_parte_04.csv;25000;-2196;0
402127;despesas_es_2024_completo_parte_04.csv;25094;-8800;0
402132;despesas_es_2024_completo_parte_04.csv;25099;-475191;0
402152;despesas_es_2024_completo_parte_04.csv;25119;-6530;0
402185;despesas_es_2024_completo_parte_04.csv;25152;-121155873;0
402200;despesas_es_2024_completo_parte_04.csv;25167;-8800;0
402244;despesas_es_2024_completo_parte_04.csv;25211;314835;1
402261;despesas_es_2024_completo_parte_04.csv;25228;8800;1
402296;despesas_es_2024_completo_parte_04.csv;25263;8800;1
402336;despesas_es_2024_completo_parte_04.csv;25303;138782;1
402343;despesas_es_2024_completo_parte_04.csv;25310;322720;1
402486;despesas_es_2024_completo_parte_04.csv;25453;437609;1
402526;despesas_es_2024_completo_parte_04.csv;25493;75704;1
402560;despesas_es_2024_completo_parte_04.csv;25527;8000;1
402634;despesas_es_2024_completo_parte_04.csv;25601;9060;1
402676;despesas_es_2024_completo_parte_04.csv;25643;53589839;1
402736;despesas_es_2024_completo_parte_04.csv;25703;8436;1
402744;despesas_es_2024_completo_parte_04.csv;25711;113336;1
402753;despesas_es_2024_completo_parte_04.csv;25720;-14297;0
402816;despesas_es_2024_completo_parte_04.csv;25783;0;0
402909;despesas_es_2024_completo_parte_04.csv;25876;0;0
402938;despesas_es_2024_completo_parte_04.csv;25905;0;0
402966;despesas_es_2024_completo_parte_04.csv;25933;0;0
403012;despesas_es_2024_completo_parte_04.csv;25979;0;0
403113;despesas_es_2024_completo_parte_04.csv;26080;0;0
403144;despesas_es_2024_completo_parte_04.csv;26111;0;0
403179;despesas_es_2024_completo_parte_04.csv;26146;0;0
403273;despesas_es_2024_completo_parte_04.csv;26240;0;0
403336;despesas_es_2024_completo_parte_04.csv;26303;0;0
403349;despesas_es_2024_completo_parte_04.csv;26316;0;0
403432;despesas_es_2024_completo_parte_04.csv;26399;0;0
403468;despesas_es_2024_completo_parte_04.csv;26435;0;0
403544;despesas_es_2024_completo_parte_04.csv;26511;0;0
403549;despesas_es_2024_completo_parte_04.csv;26516;0;0
403653;despesas_es_2024_completo_parte_04.csv;26620;0;0
403663;despesas_es_2024_completo_parte_04.csv;26630;0;0
403666;despesas_es_2024_completo_parte_04.csv;26633;0;0
403679;despesas_es_2024_completo_parte_04.csv;26646;0;0
403712;despesas_es_2024_completo_parte_04.csv;26679;0;0
403775;despesas_es_2024_completo_parte_04.csv;26742;0;0
403804;despesas_es_2024_completo_parte_04.csv;26771;0;0
403808;despesas_es_2024_completo_parte_04.csv;26775;0;0
403841;despesas_es_2024_completo_parte_04.csv;26808;0;0
403856;despesas_es_2024_completo_parte_04.csv;26823;0;0
403867;despesas_es_2024_completo_parte_04.csv;26834;0;0
403894;despesas_es_2024_completo_parte_04.csv;26861;0;0
403896;despesas_es_2024_completo_parte_04.csv;26863;0;0
403907;despesas_es_2024_completo_parte_04.csv;26874;0;0
404034;despesas_es_2024_completo_parte_04.csv;27001;0;0
404043;despesas_es_2024_completo_parte_04.csv;27010;0;0
404064;despesas_es_2024_completo_parte_04.csv;27031;0;0
404067;despesas_es_2024_completo_parte_04.csv;27034;0;0
404168;despesas_es_2024_completo_parte_04.csv;27135;0;0
404208;despesas_es_2024_completo_parte_04.csv;27175;0;0
404323;despesas_es_2024_completo_parte_04.csv;27290;0;0
404362;despesas_es_2024_completo_parte_04.csv;27329;0;0
404431;despesas_es_2024_completo_parte_04.csv;27398;0;0
404484;despesas_es_2024_completo_parte_04.csv;27451;0;0
404553;despesas_es_2024_completo_parte_04.csv;27520;0;0
404556;despesas_es_2024_completo_parte_04.csv;27523;0;0
404567;despesas_es_2024_completo_parte_04.csv;27534;0;0
404612;despesas_es_2024_completo_parte_04.csv;27579;3432;1
404639;despesas_es_2024_completo_parte_04.csv;27606;0;0
404662;despesas_es_2024_completo_parte_04.csv;27629;0;0
404805;despesas_es_2024_completo_parte_04.csv;27772;0;0
404837;despesas_es_2024_completo_parte_04.csv;27804;0;0
404896;despesas_es_2024_completo_parte_04.csv;27863;0;0
404963;despesas_es_2024_completo_parte_04.csv;27930;0;0
405009;despesas_es_2024_completo_parte_04.csv;27976;0;0
405020;despesas_es_2024_completo_parte_04.csv;27987;0;0
405041;despesas_es_2024_completo_parte_04.csv;28008;8800;1
405185;despesas_es_2024_completo_parte_04.csv;28152;0;0
405222;despesas_es_2024_completo_parte_04.csv;28189;0;0
405293;despesas_es_2024_completo_parte_04.csv;28260;0;0
405426;despesas_es_2024_completo_parte_04.csv;28393;0;0
405468;despesas_es_2024_completo_parte_04.csv;28435;0;0
405489;despesas_es_2024_completo_parte_04.csv;28456;0;0
405521;despesas_es_2024_completo_parte_04.csv;28488;0;0
405569;despesas_es_2024_completo_parte_04.csv;28536;0;0
405572;despesas_es_2024_completo_parte_04.csv;28539;0;0
405732;despesas_es_2024_completo_parte_04.csv;28699;0;0
405750;despesas_es_2024_completo_parte_04.csv;28717;0;0
405822;despesas_es_2024_completo_parte_04.csv;28789;26813;1
405936;despesas_es_2024_completo_parte_04.csv;28903;0;0
405961;despesas_es_2024_completo_parte_04.csv;28928;0;0
405981;despesas_es_2024_completo_parte_04.csv;28948;0;0
405995;despesas_es_2024_completo_parte_04.csv;28962;0;0
406043;despesas_es_2024_completo_parte_04.csv;29010;0;0
406063;despesas_es_2024_completo_parte_04.csv;29030;0;0
406208;despesas_es_2024_completo_parte_04.csv;29175;0;0
406253;despesas_es_2024_completo_parte_04.csv;29220;0;0
406261;despesas_es_2024_completo_parte_04.csv;29228;0;0
406386;despesas_es_2024_completo_parte_04.csv;29353;0;0
406464;despesas_es_2024_completo_parte_04.csv;29431;0;0
406472;despesas_es_2024_completo_parte_04.csv;29439;0;0
406517;despesas_es_2024_completo_parte_04.csv;29484;0;0
406553;despesas_es_2024_completo_parte_04.csv;29520;0;0
406582;despesas_es_2024_completo_parte_04.csv;29549;0;0
406601;despesas_es_2024_completo_parte_04.csv;29568;0;0
406679;despesas_es_2024_completo_parte_04.csv;29646;0;0
406729;despesas_es_2024_completo_parte_04.csv;29696;0;0
406771;despesas_es_2024_completo_parte_04.csv;29738;0;0
406797;despesas_es_2024_completo_parte_04.csv;29764;0;0
406907;despesas_es_2024_completo_parte_04.csv;29874;0;0
406996;despesas_es_2024_completo_parte_04.csv;29963;0;0
407000;despesas_es_2024_completo_parte_04.csv;29967;0;0
407061;despesas_es_2024_completo_parte_04.csv;30028;0;0
407193;despesas_es_2024_completo_parte_04.csv;30160;0;0
407205;despesas_es_2024_completo_parte_04.csv;30172;0;0
407437;despesas_es_2024_completo_parte_04.csv;30404;0;0
407464;despesas_es_2024_completo_parte_04.csv;30431;0;0
407562;despesas_es_2024_completo_parte_04.csv;30529;0;0
407573;despesas_es_2024_completo_parte_04.csv;30540;0;0
407693;despesas_es_2024_completo_parte_04.csv;30660;0;0
407808;despesas_es_2024_completo_parte_04.csv;30775;0;0
407825;despesas_es_2024_completo_parte_04.csv;30792;0;0
407884;despesas_es_2024_completo_parte_04.csv;30851;0;0
407895;despesas_es_2024_completo_parte_04.csv;30862;0;0
407911;despesas_es_2024_completo_parte_04.csv;30878;0;0
408166;despesas_es_2024_completo_parte_04.csv;31133;0;0
408212;despesas_es_2024_completo_parte_04.csv;31179;0;0
408278;despesas_es_2024_completo_parte_04.csv;31245;0;0
408284;despesas_es_2024_completo_parte_04.csv;31251;0;0
408379;despesas_es_2024_completo_parte_04.csv;31346;0;0
408399;despesas_es_2024_completo_parte_04.csv;31366;0;0
408409;despesas_es_2024_completo_parte_04.csv;31376;0;0
408598;despesas_es_2024_completo_parte_04.csv;31565;0;0
408629;despesas_es_2024_completo_parte_04.csv;31596;0;0
408670;despesas_es_2024_completo_parte_04.csv;31637;0;0
408686;despesas_es_2024_completo_parte_04.csv;31653;0;0
408689;despesas_es_2024_completo_parte_04.csv;31656;0;0
408720;despesas_es_2024_completo_parte_04.csv;31687;0;0
408722;despesas_es_2024_completo_parte_04.csv;31689;0;0
408765;despesas_es_2024_completo_parte_04.csv;31732;0;0
408787;despesas_es_2024_completo_parte_04.csv;31754;0;0
408788;despesas_es_2024_completo_parte_04.csv;31755;0;0
408810;despesas_es_2024_completo_parte_04.csv;31777;0;0
408842;despesas_es_2024_completo_parte_04.csv;31809;0;0
408864;despesas_es_2024_completo_parte_04.csv;31831;0;0
408874;despesas_es_2024_completo_parte_04.csv;31841;0;0
408920;despesas_es_2024_completo_parte_04.csv;31887;0;0
408929;despesas_es_2024_completo_parte_04.csv;31896;0;0
409101;despesas_es_2024_completo_parte_04.csv;32068;0;0
409110;despesas_es_2024_completo_parte_04.csv;32077;0;0
409119;despesas_es_2024_completo_parte_04.csv;32086;0;0
409139;despesas_es_2024_completo_parte_04.csv;32106;0;0
409181;despesas_es_2024_completo_parte_04.csv;32148;0;0
409196;despesas_es_2024_completo_parte_04.csv;32163;0;0
409297;despesas_es_2024_completo_parte_04.csv;32264;0;0
409349;despesas_es_2024_completo_parte_04.csv;32316;0;0
409408;despesas_es_2024_completo_parte_04.csv;32375;0;0
409446;despesas_es_2024_completo_parte_04.csv;32413;0;0
409461;despesas_es_2024_completo_parte_04.csv;32428;0;0
409477;despesas_es_2024_completo_parte_04.csv;32444;0;0
409512;despesas_es_2024_completo_parte_04.csv;32479;0;0
409524;despesas_es_2024_completo_parte_04.csv;32491;0;0
409647;despesas_es_2024_completo_parte_04.csv;32614;0;0
409736;despesas_es_2024_completo_parte_04.csv;32703;0;0
409762;despesas_es_2024_completo_parte_04.csv;32729;0;0
409818;despesas_es_2024_completo_parte_04.csv;32785;0;0
409874;despesas_es_2024_completo_parte_04.csv;32841;0;0
409902;despesas_es_2024_completo_parte_04.csv;32869;0;0
409934;despesas_es_2024_completo_parte_04.csv;32901;0;0
409960;despesas_es_2024_completo_parte_04.csv;32927;0;0
410059;despesas_es_2024_completo_parte_04.csv;33026;0;0
410096;despesas_es_2024_completo_parte_04.csv;33063;0;0
410115;despesas_es_2024_completo_parte_04.csv;33082;0;0
410149;despesas_es_2024_completo_parte_04.csv;33116;0;0
410184;despesas_es_2024_completo_parte_04.csv;33151;0;0
410187;despesas_es_2024_completo_parte_04.csv;33154;0;0
410213;despesas_es_2024_completo_parte_04.csv;33180;0;0
410235;despesas_es_2024_completo_parte_04.csv;33202;0;0
410244;despesas_es_2024_completo_parte_04.csv;33211;0;0
410428;despesas_es_2024_completo_parte_04.csv;33395;0;0
410429;despesas_es_2024_completo_parte_04.csv;33396;0;0
410476;despesas_es_2024_completo_parte_04.csv;33443;0;0
410478;despesas_es_2024_completo_parte_04.csv;33445;0;0
410488;despesas_es_2024_completo_parte_04.csv;33455;0;0
410508;despesas_es_2024_completo_parte_04.csv;33475;0;0
410560;despesas_es_2024_completo_parte_04.csv;33527;0;0
410567;despesas_es_2024_completo_parte_04.csv;33534;0;0
410604;despesas_es_2024_completo_parte_04.csv;33571;0;0
410627;despesas_es_2024_completo_parte_04.csv;33594;0;0
410642;despesas_es_2024_completo_parte_04.csv;33609;0;0
410647;despesas_es_2024_completo_parte_04.csv;33614;0;0
410674;despesas_es_2024_completo_parte_04.csv;33641;0;0
410712;despesas_es_2024_completo_parte_04.csv;33679;0;0
410745;despesas_es_2024_completo_parte_04.csv;33712;0;0
410754;despesas_es_2024_completo_parte_04.csv;33721;0;0
410756;despesas_es_2024_completo_parte_04.csv;33723;0;0
410771;despesas_es_2024_completo_parte_04.csv;33738;0;0
410887;despesas_es_2024_completo_parte_04.csv;33854;0;0
410891;despesas_es_2024_completo_parte_04.csv;33858;0;0
410956;despesas_es_2024_completo_parte_04.csv;33923;0;0
410993;despesas_es_2024_completo_parte_04.csv;33960;0;0
411016;despesas_es_2024_completo_parte_04.csv;33983;0;0
411046;despesas_es_2024_completo_parte_04.csv;34013;0;0
411124;despesas_es_2024_completo_parte_04.csv;34091;0;0
411209;despesas_es_2024_completo_parte_04.csv;34176;0;0
411307;despesas_es_2024_completo_parte_04.csv;34274;0;0
411355;despesas_es_2024_completo_parte_04.csv;34322;0;0
411416;despesas_es_2024_completo_parte_04.csv;34383;0;0
411449;despesas_es_2024_completo_parte_04.csv;34416;0;0
411472;despesas_es_2024_completo_parte_04.csv;34439;0;0
411527;despesas_es_2024_completo_parte_04.csv;34494;0;0
411601;despesas_es_2024_completo_parte_04.csv;34568;0;0
411606;despesas_es_2024_completo_parte_04.csv;34573;0;0
411765;despesas_es_2024_completo_parte_04.csv;34732;0;0
411801;despesas_es_2024_completo_parte_04.csv;34768;0;0
411806;despesas_es_2024_completo_parte_04.csv;34773;0;0
411816;despesas_es_2024_completo_parte_04.csv;34783;0;0
411820;despesas_es_2024_completo_parte_04.csv;34787;0;0
411821;despesas_es_2024_completo_parte_04.csv;34788;0;0
411837;despesas_es_2024_completo_parte_04.csv;34804;0;0
411863;despesas_es_2024_completo_parte_04.csv;34830;0;0
411865;despesas_es_2024_completo_parte_04.csv;34832;0;0
411926;despesas_es_2024_completo_parte_04.csv;34893;0;0
411938;despesas_es_2024_completo_parte_04.csv;34905;0;0
411973;despesas_es_2024_completo_parte_04.csv;34940;0;0
411979;despesas_es_2024_completo_parte_04.csv;34946;0;0
412007;despesas_es_2024_completo_parte_04.csv;34974;0;0
412047;despesas_es_2024_completo_parte_04.csv;35014;0;0
412056;despesas_es_2024_completo_parte_04.csv;35023;0;0
412114;despesas_es_2024_completo_parte_04.csv;35081;0;0
412233;despesas_es_2024_completo_parte_04.csv;35200;0;0
412261;despesas_es_2024_completo_parte_04.csv;35228;0;0
412288;despesas_es_2024_completo_parte_04.csv;35255;0;0
412343;despesas_es_2024_completo_parte_04.csv;35310;0;0
412362;despesas_es_2024_completo_parte_04.csv;35329;0;0
412377;despesas_es_2024_completo_parte_04.csv;35344;0;0
412487;despesas_es_2024_completo_parte_04.csv;35454;0;0
412519;despesas_es_2024_completo_parte_04.csv;35486;0;0
412552;despesas_es_2024_completo_parte_04.csv;35519;0;0
412673;despesas_es_2024_completo_parte_04.csv;35640;0;0
412810;despesas_es_2024_completo_parte_04.csv;35777;0;0
412854;despesas_es_2024_completo_parte_04.csv;35821;0;0
413216;despesas_es_2024_completo_parte_04.csv;36183;0;0
413273;despesas_es_2024_completo_parte_04.csv;36240;0;0
413412;despesas_es_2024_completo_parte_04.csv;36379;0;0
413568;despesas_es_2024_completo_parte_04.csv;36535;0;0
413578;despesas_es_2024_completo_parte_04.csv;36545;0;0
413648;despesas_es_2024_completo_parte_04.csv;36615;0;0
413695;despesas_es_2024_completo_parte_04.csv;36662;0;0
413749;despesas_es_2024_completo_parte_04.csv;36716;0;0
413785;despesas_es_2024_completo_parte_04.csv;36752;0;0
413870;despesas_es_2024_completo_parte_04.csv;36837;0;0
413874;despesas_es_2024_completo_parte_04.csv;36841;0;0
413889;despesas_es_2024_completo_parte_04.csv;36856;0;0
413890;despesas_es_2024_completo_parte_04.csv;36857;0;0
413969;despesas_es_2024_completo_parte_04.csv;36936;0;0
414066;despesas_es_2024_completo_parte_04.csv;37033;0;0
414075;despesas_es_2024_completo_parte_04.csv;37042;0;0
414096;despesas_es_2024_completo_parte_04.csv;37063;0;0
414144;despesas_es_2024_completo_parte_04.csv;37111;0;0
414160;despesas_es_2024_completo_parte_04.csv;37127;0;0
414180;despesas_es_2024_completo_parte_04.csv;37147;0;0
414181;despesas_es_2024_completo_parte_04.csv;37148;0;0
414187;despesas_es_2024_completo_parte_04.csv;37154;0;0
414235;despesas_es_2024_completo_parte_04.csv;37202;0;0
414254;despesas_es_2024_completo_parte_04.csv;37221;0;0
414306;despesas_es_2024_completo_parte_04.csv;37273;0;0
414319;despesas_es_2024_completo_parte_04.csv;37286;0;0
414343;despesas_es_2024_completo_parte_04.csv;37310;0;0
414400;despesas_es_2024_completo_parte_04.csv;37367;0;0
414485;despesas_es_2024_completo_parte_04.csv;37452;0;0
414491;despesas_es_2024_completo_parte_04.csv;37458;0;0
414493;despesas_es_2024_completo_parte_04.csv;37460;0;0
414504;despesas_es_2024_completo_parte_04.csv;37471;0;0
414580;despesas_es_2024_completo_parte_04.csv;37547;0;0
414733;despesas_es_2024_completo_parte_04.csv;37700;0;0
414744;despesas_es_2024_completo_parte_04.csv;37711;0;0
414943;despesas_es_2024_completo_parte_04.csv;37910;0;0
415199;despesas_es_2024_completo_parte_04.csv;38166;0;0
415240;despesas_es_2024_completo_parte_04.csv;38207;0;0
415250;despesas_es_2024_completo_parte_04.csv;38217;0;0
415338;despesas_es_2024_completo_parte_04.csv;38305;0;0
415370;despesas_es_2024_completo_parte_04.csv;38337;0;0
415390;despesas_es_2024_completo_parte_04.csv;38357;0;0
415517;despesas_es_2024_completo_parte_04.csv;38484;0;0
415541;despesas_es_2024_completo_parte_04.csv;38508;0;0
415572;despesas_es_2024_completo_parte_04.csv;38539;0;0
415633;despesas_es_2024_completo_parte_04.csv;38600;0;0
415645;despesas_es_2024_completo_parte_04.csv;38612;0;0
415701;despesas_es_2024_completo_parte_04.csv;38668;0;0
415710;despesas_es_2024_completo_parte_04.csv;38677;0;0
415730;despesas_es_2024_completo_parte_04.csv;38697;0;0
415824;despesas_es_2024_completo_parte_04.csv;38791;0;0
415854;despesas_es_2024_completo_parte_04.csv;38821;0;0
415885;despesas_es_2024_completo_parte_04.csv;38852;0;0
415968;despesas_es_2024_completo_parte_04.csv;38935;0;0
415977;despesas_es_2024_completo_parte_04.csv;38944;0;0
415993;despesas_es_2024_completo_parte_04.csv;38960;0;0
416006;despesas_es_2024_completo_parte_04.csv;38973;0;0
416099;despesas_es_2024_completo_parte_04.csv;39066;0;0
416106;despesas_es_2024_completo_parte_04.csv;39073;0;0
416130;despesas_es_2024_completo_parte_04.csv;39097;0;0
416317;despesas_es_2024_completo_parte_04.csv;39284;0;0
416356;despesas_es_2024_completo_parte_04.csv;39323;2664;1
416415;despesas_es_2024_completo_parte_04.csv;39382;0;0
416644;despesas_es_2024_completo_parte_04.csv;39611;0;0
416785;despesas_es_2024_completo_parte_04.csv;39752;0;0
416793;despesas_es_2024_completo_parte_04.csv;39760;0;0
416877;despesas_es_2024_completo_parte_04.csv;39844;0;0
416883;despesas_es_2024_completo_parte_04.csv;39850;0;0
416919;despesas_es_2024_completo_parte_04.csv;39886;0;0
416934;despesas_es_2024_completo_parte_04.csv;39901;0;0
417021;despesas_es_2024_completo_parte_04.csv;39988;0;0
417023;despesas_es_2024_completo_parte_04.csv;39990;0;0
417037;despesas_es_2024_completo_parte_04.csv;40004;0;0
417040;despesas_es_2024_completo_parte_04.csv;40007;0;0
417243;despesas_es_2024_completo_parte_04.csv;40210;0;0
417255;despesas_es_2024_completo_parte_04.csv;40222;0;0
417367;despesas_es_2024_completo_parte_04.csv;40334;0;0
417369;despesas_es_2024_completo_parte_04.csv;40336;0;0
417383;despesas_es_2024_completo_parte_04.csv;40350;0;0
417399;despesas_es_2024_completo_parte_04.csv;40366;0;0
417440;despesas_es_2024_completo_parte_04.csv;40407;0;0
417506;despesas_es_2024_completo_parte_04.csv;40473;0;0
417559;despesas_es_2024_completo_parte_04.csv;40526;0;0
417675;despesas_es_2024_completo_parte_04.csv;40642;0;0
417763;despesas_es_2024_completo_parte_04.csv;40730;0;0
417823;despesas_es_2024_completo_parte_04.csv;40790;0;0
417833;despesas_es_2024_completo_parte_04.csv;40800;0;0
417845;despesas_es_2024_completo_parte_04.csv;40812;0;0
417937;despesas_es_2024_completo_parte_04.csv;40904;0;0
417970;despesas_es_2024_completo_parte_04.csv;40937;0;0
417982;despesas_es_2024_completo_parte_04.csv;40949;0;0
418047;despesas_es_2024_completo_parte_04.csv;41014;0;0
418096;despesas_es_2024_completo_parte_04.csv;41063;0;0
418192;despesas_es_2024_completo_parte_04.csv;41159;0;0
418240;despesas_es_2024_completo_parte_04.csv;41207;0;0
418347;despesas_es_2024_completo_parte_04.csv;41314;0;0
418422;despesas_es_2024_completo_parte_04.csv;41389;0;0
418460;despesas_es_2024_completo_parte_04.csv;41427;0;0
418489;despesas_es_2024_completo_parte_04.csv;41456;0;0
418531;despesas_es_2024_completo_parte_04.csv;41498;0;0
418548;despesas_es_2024_completo_parte_04.csv;41515;19171;1
418634;despesas_es_2024_completo_parte_04.csv;41601;0;0
418702;despesas_es_2024_completo_parte_04.csv;41669;0;0
418869;despesas_es_2024_completo_parte_04.csv;41836;0;0
418871;despesas_es_2024_completo_parte_04.csv;41838;0;0
418982;despesas_es_2024_completo_parte_04.csv;41949;0;0
419012;despesas_es_2024_completo_parte_04.csv;41979;0;0
419024;despesas_es_2024_completo_parte_04.csv;41991;0;0
419045;despesas_es_2024_completo_parte_04.csv;42012;0;0
419127;despesas_es_2024_completo_parte_04.csv;42094;0;0
419139;despesas_es_2024_completo_parte_04.csv;42106;0;0
419240;despesas_es_2024_completo_parte_04.csv;42207;0;0
419245;despesas_es_2024_completo_parte_04.csv;42212;0;0
419314;despesas_es_2024_completo_parte_04.csv;42281;0;0
419335;despesas_es_2024_completo_parte_04.csv;42302;0;0
419369;despesas_es_2024_completo_parte_04.csv;42336;0;0
419505;despesas_es_2024_completo_parte_04.csv;42472;0;0
419520;despesas_es_2024_completo_parte_04.csv;42487;0;0
419543;despesas_es_2024_completo_parte_04.csv;42510;0;0
419644;despesas_es_2024_completo_parte_04.csv;42611;0;0
419687;despesas_es_2024_completo_parte_04.csv;42654;0;0
419699;despesas_es_2024_completo_parte_04.csv;42666;0;0
419704;despesas_es_2024_completo_parte_04.csv;42671;0;0
419754;despesas_es_2024_completo_parte_04.csv;42721;0;0
419780;despesas_es_2024_completo_parte_04.csv;42747;0;0
419837;despesas_es_2024_completo_parte_04.csv;42804;0;0
419859;despesas_es_2024_completo_parte_04.csv;42826;0;0
420033;despesas_es_2024_completo_parte_04.csv;43000;0;0
420085;despesas_es_2024_completo_parte_04.csv;43052;0;0
420142;despesas_es_2024_completo_parte_04.csv;43109;0;0
420185;despesas_es_2024_completo_parte_04.csv;43152;0;0
420249;despesas_es_2024_completo_parte_04.csv;43216;-30800;0
420285;despesas_es_2024_completo_parte_04.csv;43252;-51458;0
420362;despesas_es_2024_completo_parte_04.csv;43329;17576;1
420405;despesas_es_2024_completo_parte_04.csv;43372;5065000;1
420428;despesas_es_2024_completo_parte_04.csv;43395;165230;1
420453;despesas_es_2024_completo_parte_04.csv;43420;-1160694;0
420496;despesas_es_2024_completo_parte_04.csv;43463;29267;1
420549;despesas_es_2024_completo_parte_04.csv;43516;70000;1
420593;despesas_es_2024_completo_parte_04.csv;43560;41470;1
420610;despesas_es_2024_completo_parte_04.csv;43577;-3027;0
420662;despesas_es_2024_completo_parte_04.csv;43629;1382580;1
420752;despesas_es_2024_completo_parte_04.csv;43719;0;0
420860;despesas_es_2024_completo_parte_04.csv;43827;691962;1
421009;despesas_es_2024_completo_parte_04.csv;43976;0;0
421050;despesas_es_2024_completo_parte_04.csv;44017;168730;1
421052;despesas_es_2024_completo_parte_04.csv;44019;12965;1
421053;despesas_es_2024_completo_parte_04.csv;44020;297053;1
421105;despesas_es_2024_completo_parte_04.csv;44072;0;0
421136;despesas_es_2024_completo_parte_04.csv;44103;0;0
421138;despesas_es_2024_completo_parte_04.csv;44105;0;0
421181;despesas_es_2024_completo_parte_04.csv;44148;389;1
421281;despesas_es_2024_completo_parte_04.csv;44248;0;0
421304;despesas_es_2024_completo_parte_04.csv;44271;1564181;1
421360;despesas_es_2024_completo_parte_04.csv;44327;0;0
421393;despesas_es_2024_completo_parte_04.csv;44360;0;0
421448;despesas_es_2024_completo_parte_04.csv;44415;0;0
421457;despesas_es_2024_completo_parte_04.csv;44424;0;0
421478;despesas_es_2024_completo_parte_04.csv;44445;0;0
421501;despesas_es_2024_completo_parte_04.csv;44468;0;0
421575;despesas_es_2024_completo_parte_04.csv;44542;0;0
421587;despesas_es_2024_completo_parte_04.csv;44554;0;0
421608;despesas_es_2024_completo_parte_04.csv;44575;0;0
421612;despesas_es_2024_completo_parte_04.csv;44579;211926;1
421638;despesas_es_2024_completo_parte_04.csv;44605;0;0
421673;despesas_es_2024_completo_parte_04.csv;44640;0;0
421728;despesas_es_2024_completo_parte_04.csv;44695;0;0
421730;despesas_es_2024_completo_parte_04.csv;44697;0;0
421747;despesas_es_2024_completo_parte_04.csv;44714;0;0
421748;despesas_es_2024_completo_parte_04.csv;44715;0;0
421863;despesas_es_2024_completo_parte_04.csv;44830;0;0
421892;despesas_es_2024_completo_parte_04.csv;44859;0;0
421901;despesas_es_2024_completo_parte_04.csv;44868;0;0
421980;despesas_es_2024_completo_parte_04.csv;44947;0;0
422082;despesas_es_2024_completo_parte_04.csv;45049;0;0
422091;despesas_es_2024_completo_parte_04.csv;45058;0;0
422150;despesas_es_2024_completo_parte_04.csv;45117;0;0
422157;despesas_es_2024_completo_parte_04.csv;45124;0;0
422235;despesas_es_2024_completo_parte_04.csv;45202;0;0
422239;despesas_es_2024_completo_parte_04.csv;45206;0;0
422275;despesas_es_2024_completo_parte_04.csv;45242;0;0
422287;despesas_es_2024_completo_parte_04.csv;45254;0;0
422319;despesas_es_2024_completo_parte_04.csv;45286;0;0
422332;despesas_es_2024_completo_parte_04.csv;45299;0;0
422435;despesas_es_2024_completo_parte_04.csv;45402;0;0
422482;despesas_es_2024_completo_parte_04.csv;45449;0;0
422483;despesas_es_2024_completo_parte_04.csv;45450;0;0
422485;despesas_es_2024_completo_parte_04.csv;45452;0;0
422491;despesas_es_2024_completo_parte_04.csv;45458;0;0
422539;despesas_es_2024_completo_parte_04.csv;45506;0;0
422604;despesas_es_2024_completo_parte_04.csv;45571;0;0
422629;despesas_es_2024_completo_parte_04.csv;45596;0;0
422692;despesas_es_2024_completo_parte_04.csv;45659;0;0
422694;despesas_es_2024_completo_parte_04.csv;45661;0;0
422736;despesas_es_2024_completo_parte_04.csv;45703;0;0
422758;despesas_es_2024_completo_parte_04.csv;45725;0;0
422916;despesas_es_2024_completo_parte_04.csv;45883;0;0
422928;despesas_es_2024_completo_parte_04.csv;45895;0;0
422932;despesas_es_2024_completo_parte_04.csv;45899;0;0
422961;despesas_es_2024_completo_parte_04.csv;45928;0;0
422994;despesas_es_2024_completo_parte_04.csv;45961;0;0
423036;despesas_es_2024_completo_parte_04.csv;46003;0;0
423078;despesas_es_2024_completo_parte_04.csv;46045;0;0
423088;despesas_es_2024_completo_parte_04.csv;46055;0;0
423227;despesas_es_2024_completo_parte_04.csv;46194;0;0
423238;despesas_es_2024_completo_parte_04.csv;46205;0;0
423311;despesas_es_2024_completo_parte_04.csv;46278;0;0
423316;despesas_es_2024_completo_parte_04.csv;46283;0;0
423319;despesas_es_2024_completo_parte_04.csv;46286;0;0
423379;despesas_es_2024_completo_parte_04.csv;46346;0;0
423393;despesas_es_2024_completo_parte_04.csv;46360;0;0
423416;despesas_es_2024_completo_parte_04.csv;46383;0;0
423453;despesas_es_2024_completo_parte_04.csv;46420;0;0
423454;despesas_es_2024_completo_parte_04.csv;46421;0;0
423457;despesas_es_2024_completo_parte_04.csv;46424;0;0
423631;despesas_es_2024_completo_parte_04.csv;46598;0;0
423675;despesas_es_2024_completo_parte_04.csv;46642;0;0
423687;despesas_es_2024_completo_parte_04.csv;46654;0;0
423708;despesas_es_2024_completo_parte_04.csv;46675;0;0
423722;despesas_es_2024_completo_parte_04.csv;46689;0;0
423789;despesas_es_2024_completo_parte_04.csv;46756;0;0
423850;despesas_es_2024_completo_parte_04.csv;46817;0;0
423933;despesas_es_2024_completo_parte_04.csv;46900;0;0
423991;despesas_es_2024_completo_parte_04.csv;46958;0;0
424012;despesas_es_2024_completo_parte_04.csv;46979;0;0
424117;despesas_es_2024_completo_parte_04.csv;47084;0;0
424179;despesas_es_2024_completo_parte_04.csv;47146;0;0
424323;despesas_es_2024_completo_parte_04.csv;47290;0;0
424391;despesas_es_2024_completo_parte_04.csv;47358;0;0
424462;despesas_es_2024_completo_parte_04.csv;47429;0;0
424508;despesas_es_2024_completo_parte_04.csv;47475;0;0
424604;despesas_es_2024_completo_parte_04.csv;47571;0;0
424618;despesas_es_2024_completo_parte_04.csv;47585;0;0
424698;despesas_es_2024_completo_parte_04.csv;47665;0;0
424764;despesas_es_2024_completo_parte_04.csv;47731;0;0
424808;despesas_es_2024_completo_parte_04.csv;47775;0;0
424914;despesas_es_2024_completo_parte_04.csv;47881;0;0
424943;despesas_es_2024_completo_parte_04.csv;47910;0;0
425054;despesas_es_2024_completo_parte_04.csv;48021;0;0
425056;despesas_es_2024_completo_parte_04.csv;48023;0;0
425085;despesas_es_2024_completo_parte_04.csv;48052;0;0
425115;despesas_es_2024_completo_parte_04.csv;48082;0;0
425131;despesas_es_2024_completo_parte_04.csv;48098;0;0
425192;despesas_es_2024_completo_parte_04.csv;48159;0;0
425239;despesas_es_2024_completo_parte_04.csv;48206;0;0
425268;despesas_es_2024_completo_parte_04.csv;48235;0;0
425401;despesas_es_2024_completo_parte_04.csv;48368;0;0
425412;despesas_es_2024_completo_parte_04.csv;48379;0;0
425454;despesas_es_2024_completo_parte_04.csv;48421;0;0
425573;despesas_es_2024_completo_parte_04.csv;48540;0;0
425610;despesas_es_2024_completo_parte_04.csv;48577;0;0
425791;despesas_es_2024_completo_parte_04.csv;48758;0;0
425965;despesas_es_2024_completo_parte_04.csv;48932;0;0
425975;despesas_es_2024_completo_parte_04.csv;48942;0;0
425994;despesas_es_2024_completo_parte_04.csv;48961;0;0
426027;despesas_es_2024_completo_parte_04.csv;48994;0;0
426163;despesas_es_2024_completo_parte_04.csv;49130;0;0
426186;despesas_es_2024_completo_parte_04.csv;49153;-333285;0
426255;despesas_es_2024_completo_parte_04.csv;49222;0;0
426304;despesas_es_2024_completo_parte_04.csv;49271;0;0
426350;despesas_es_2024_completo_parte_04.csv;49317;308237;1
426422;despesas_es_2024_completo_parte_04.csv;49389;4959798;1
426431;despesas_es_2024_completo_parte_04.csv;49398;0;0
426485;despesas_es_2024_completo_parte_04.csv;49452;70657;1
426487;despesas_es_2024_completo_parte_04.csv;49454;115408;1
426533;despesas_es_2024_completo_parte_04.csv;49500;0;0
426694;despesas_es_2024_completo_parte_04.csv;49661;-745;0
426846;despesas_es_2024_completo_parte_04.csv;49813;0;0
426915;despesas_es_2024_completo_parte_04.csv;49882;0;0
426945;despesas_es_2024_completo_parte_04.csv;49912;0;0
426977;despesas_es_2024_completo_parte_04.csv;49944;0;0
426996;despesas_es_2024_completo_parte_04.csv;49963;0;0
427137;despesas_es_2024_completo_parte_04.csv;50104;0;0
427138;despesas_es_2024_completo_parte_04.csv;50105;0;0
427175;despesas_es_2024_completo_parte_04.csv;50142;0;0
427315;despesas_es_2024_completo_parte_04.csv;50282;0;0
427349;despesas_es_2024_completo_parte_04.csv;50316;0;0
427405;despesas_es_2024_completo_parte_04.csv;50372;0;0
427423;despesas_es_2024_completo_parte_04.csv;50390;0;0
427439;despesas_es_2024_completo_parte_04.csv;50406;0;0
427445;despesas_es_2024_completo_parte_04.csv;50412;0;0
427527;despesas_es_2024_completo_parte_04.csv;50494;0;0
427542;despesas_es_2024_completo_parte_04.csv;50509;112465;1
427556;despesas_es_2024_completo_parte_04.csv;50523;-1557784;0
427562;despesas_es_2024_completo_parte_04.csv;50529;272272;1
427614;despesas_es_2024_completo_parte_04.csv;50581;448974;1
427863;despesas_es_2024_completo_parte_04.csv;50830;0;0
427900;despesas_es_2024_completo_parte_04.csv;50867;0;0
427953;despesas_es_2024_completo_parte_04.csv;50920;0;0
428007;despesas_es_2024_completo_parte_04.csv;50974;0;0
428011;despesas_es_2024_completo_parte_04.csv;50978;0;0
428012;despesas_es_2024_completo_parte_04.csv;50979;0;0
428061;despesas_es_2024_completo_parte_04.csv;51028;61966399;1
428145;despesas_es_2024_completo_parte_04.csv;51112;0;0
428257;despesas_es_2024_completo_parte_04.csv;51224;-75070;0
428373;despesas_es_2024_completo_parte_04.csv;51340;0;0
428383;despesas_es_2024_completo_parte_04.csv;51350;0;0
428385;despesas_es_2024_completo_parte_04.csv;51352;0;0
428387;despesas_es_2024_completo_parte_04.csv;51354;0;0
428411;despesas_es_2024_completo_parte_04.csv;51378;436578;1
428470;despesas_es_2024_completo_parte_04.csv;51437;32724;1
428566;despesas_es_2024_completo_parte_04.csv;51533;0;0
428602;despesas_es_2024_completo_parte_04.csv;51569;0;0
428612;despesas_es_2024_completo_parte_04.csv;51579;0;0
428643;despesas_es_2024_completo_parte_04.csv;51610;0;0
428685;despesas_es_2024_completo_parte_04.csv;51652;0;0
428749;despesas_es_2024_completo_parte_04.csv;51716;0;0
428768;despesas_es_2024_completo_parte_04.csv;51735;0;0
428861;despesas_es_2024_completo_parte_04.csv;51828;0;0
428863;despesas_es_2024_completo_parte_04.csv;51830;0;0
428887;despesas_es_2024_completo_parte_04.csv;51854;0;0
428957;despesas_es_2024_completo_parte_04.csv;51924;0;0
429004;despesas_es_2024_completo_parte_04.csv;51971;0;0
429016;despesas_es_2024_completo_parte_04.csv;51983;0;0
429058;despesas_es_2024_completo_parte_04.csv;52025;0;0
429067;despesas_es_2024_completo_parte_04.csv;52034;0;0
429138;despesas_es_2024_completo_parte_04.csv;52105;0;0
429174;despesas_es_2024_completo_parte_04.csv;52141;0;0
429214;despesas_es_2024_completo_parte_04.csv;52181;0;0
429319;despesas_es_2024_completo_parte_04.csv;52286;0;0
429324;despesas_es_2024_completo_parte_04.csv;52291;0;0
429471;despesas_es_2024_completo_parte_04.csv;52438;0;0
429511;despesas_es_2024_completo_parte_04.csv;52478;714675;1
429515;despesas_es_2024_completo_parte_04.csv;52482;0;0
429529;despesas_es_2024_completo_parte_04.csv;52496;0;0
429565;despesas_es_2024_completo_parte_04.csv;52532;0;0
429696;despesas_es_2024_completo_parte_04.csv;52663;0;0
429889;despesas_es_2024_completo_parte_04.csv;52856;1381388;1
429925;despesas_es_2024_completo_parte_04.csv;52892;21300;1
429968;despesas_es_2024_completo_parte_04.csv;52935;0;0
429974;despesas_es_2024_completo_parte_04.csv;52941;169900;1
430007;despesas_es_2024_completo_parte_04.csv;52974;0;0
430028;despesas_es_2024_completo_parte_04.csv;52995;0;0
430072;despesas_es_2024_completo_parte_04.csv;53039;0;0
430098;despesas_es_2024_completo_parte_04.csv;53065;3743570;1
430132;despesas_es_2024_completo_parte_04.csv;53099;3668635;1
430260;despesas_es_2024_completo_parte_04.csv;53227;-22746578;0
430361;despesas_es_2024_completo_parte_04.csv;53328;0;0
430399;despesas_es_2024_completo_parte_04.csv;53366;0;0
430445;despesas_es_2024_completo_parte_04.csv;53412;0;0
430488;despesas_es_2024_completo_parte_04.csv;53455;0;0
430513;despesas_es_2024_completo_parte_04.csv;53480;0;0
430558;despesas_es_2024_completo_parte_04.csv;53525;0;0
430623;despesas_es_2024_completo_parte_04.csv;53590;0;0
430676;despesas_es_2024_completo_parte_04.csv;53643;0;0
430680;despesas_es_2024_completo_parte_04.csv;53647;0;0
430699;despesas_es_2024_completo_parte_04.csv;53666;0;0
430853;despesas_es_2024_completo_parte_04.csv;53820;0;0
430914;despesas_es_2024_completo_parte_04.csv;53881;0;0
430971;despesas_es_2024_completo_parte_04.csv;53938;0;0
431083;despesas_es_2024_completo_parte_04.csv;54050;0;0
431257;despesas_es_2024_completo_parte_04.csv;54224;243000;1
431324;despesas_es_2024_completo_parte_04.csv;54291;79704;1
431325;despesas_es_2024_completo_parte_04.csv;54292;273897;1
431416;despesas_es_2024_completo_parte_04.csv;54383;0;0
431481;despesas_es_2024_completo_parte_04.csv;54448;0;0
431488;despesas_es_2024_completo_parte_04.csv;54455;0;0
431495;despesas_es_2024_completo_parte_04.csv;54462;0;0
431496;despesas_es_2024_completo_parte_04.csv;54463;0;0
431530;despesas_es_2024_completo_parte_04.csv;54497;0;0
431633;despesas_es_2024_completo_parte_04.csv;54600;8145214;1
431635;despesas_es_2024_completo_parte_04.csv;54602;25612;1
431643;despesas_es_2024_completo_parte_04.csv;54610;250;1
431701;despesas_es_2024_completo_parte_04.csv;54668;0;0
431710;despesas_es_2024_completo_parte_04.csv;54677;0;0
431756;despesas_es_2024_completo_parte_04.csv;54723;50261;1
431761;despesas_es_2024_completo_parte_04.csv;54728;1487;1
431832;despesas_es_2024_completo_parte_04.csv;54799;1948;1
431874;despesas_es_2024_completo_parte_04.csv;54841;65440;1
431904;despesas_es_2024_completo_parte_04.csv;54871;0;0
431917;despesas_es_2024_completo_parte_04.csv;54884;0;0
431972;despesas_es_2024_completo_parte_04.csv;54939;52800;1
432015;despesas_es_2024_completo_parte_04.csv;54982;16878;1
432020;despesas_es_2024_completo_parte_04.csv;54987;35460;1
432021;despesas_es_2024_completo_parte_04.csv;54988;78319;1
432348;despesas_es_2024_completo_parte_04.csv;55315;0;0
432362;despesas_es_2024_completo_parte_04.csv;55329;0;0
432371;despesas_es_2024_completo_parte_04.csv;55338;0;0
432474;despesas_es_2024_completo_parte_04.csv;55441;0;0
432574;despesas_es_2024_completo_parte_04.csv;55541;3724380;1
432592;despesas_es_2024_completo_parte_04.csv;55559;88;1
432604;despesas_es_2024_completo_parte_04.csv;55571;0;0
432661;despesas_es_2024_completo_parte_04.csv;55628;10912;1
432694;despesas_es_2024_completo_parte_04.csv;55661;0;0
432719;despesas_es_2024_completo_parte_04.csv;55686;0;0
432821;despesas_es_2024_completo_parte_04.csv;55788;2409491;1
432867;despesas_es_2024_completo_parte_04.csv;55834;0;0
432964;despesas_es_2024_completo_parte_04.csv;55931;0;0
433057;despesas_es_2024_completo_parte_04.csv;56024;0;0
433130;despesas_es_2024_completo_parte_04.csv;56097;0;0
433142;despesas_es_2024_completo_parte_04.csv;56109;0;0
433154;despesas_es_2024_completo_parte_04.csv;56121;0;0
433162;despesas_es_2024_completo_parte_04.csv;56129;0;0
433202;despesas_es_2024_completo_parte_04.csv;56169;0;0
433206;despesas_es_2024_completo_parte_04.csv;56173;0;0
433333;despesas_es_2024_completo_parte_04.csv;56300;8800;1
433334;despesas_es_2024_completo_parte_04.csv;56301;6326310;1
433702;despesas_es_2024_completo_parte_04.csv;56669;0;0
433745;despesas_es_2024_completo_parte_04.csv;56712;0;0
433799;despesas_es_2024_completo_parte_04.csv;56766;0;0
433922;despesas_es_2024_completo_parte_04.csv;56889;0;0
434021;despesas_es_2024_completo_parte_04.csv;56988;0;0
434022;despesas_es_2024_completo_parte_04.csv;56989;0;0
434066;despesas_es_2024_completo_parte_04.csv;57033;0;0
434110;despesas_es_2024_completo_parte_04.csv;57077;0;0
434152;despesas_es_2024_completo_parte_04.csv;57119;0;0
434182;despesas_es_2024_completo_parte_04.csv;57149;30888;1
434207;despesas_es_2024_completo_parte_04.csv;57174;15000;1
434210;despesas_es_2024_completo_parte_04.csv;57177;-9496;0
434329;despesas_es_2024_completo_parte_04.csv;57296;1608;1
434331;despesas_es_2024_completo_parte_04.csv;57298;456567794;1
434345;despesas_es_2024_completo_parte_04.csv;57312;617;1
434406;despesas_es_2024_completo_parte_04.csv;57373;0;0
434413;despesas_es_2024_completo_parte_04.csv;57380;0;0
434548;despesas_es_2024_completo_parte_04.csv;57515;0;0
434601;despesas_es_2024_completo_parte_04.csv;57568;30474;1
434626;despesas_es_2024_completo_parte_04.csv;57593;1452403;1
434629;despesas_es_2024_completo_parte_04.csv;57596;500000;1
434637;despesas_es_2024_completo_parte_04.csv;57604;0;0
434639;despesas_es_2024_completo_parte_04.csv;57606;0;0
434680;despesas_es_2024_completo_parte_04.csv;57647;0;0
434741;despesas_es_2024_completo_parte_04.csv;57708;0;0
434754;despesas_es_2024_completo_parte_04.csv;57721;0;0
434777;despesas_es_2024_completo_parte_04.csv;57744;0;0
434831;despesas_es_2024_completo_parte_04.csv;57798;0;0
434921;despesas_es_2024_completo_parte_04.csv;57888;0;0
434977;despesas_es_2024_completo_parte_04.csv;57944;0;0
435019;despesas_es_2024_completo_parte_04.csv;57986;0;0
435062;despesas_es_2024_completo_parte_04.csv;58029;0;0
435098;despesas_es_2024_completo_parte_04.csv;58065;0;0
435158;despesas_es_2024_completo_parte_04.csv;58125;0;0
435214;despesas_es_2024_completo_parte_04.csv;58181;0;0
435249;despesas_es_2024_completo_parte_04.csv;58216;0;0
435255;despesas_es_2024_completo_parte_04.csv;58222;0;0
435313;despesas_es_2024_completo_parte_04.csv;58280;0;0
435332;despesas_es_2024_completo_parte_04.csv;58299;0;0
435364;despesas_es_2024_completo_parte_04.csv;58331;0;0
435408;despesas_es_2024_completo_parte_04.csv;58375;0;0
435422;despesas_es_2024_completo_parte_04.csv;58389;0;0
435440;despesas_es_2024_completo_parte_04.csv;58407;0;0
435495;despesas_es_2024_completo_parte_04.csv;58462;0;0
435515;despesas_es_2024_completo_parte_04.csv;58482;0;0
435545;despesas_es_2024_completo_parte_04.csv;58512;0;0
435568;despesas_es_2024_completo_parte_04.csv;58535;0;0
435624;despesas_es_2024_completo_parte_04.csv;58591;0;0
435634;despesas_es_2024_completo_parte_04.csv;58601;0;0
435654;despesas_es_2024_completo_parte_04.csv;58621;0;0
435776;despesas_es_2024_completo_parte_04.csv;58743;0;0
435788;despesas_es_2024_completo_parte_04.csv;58755;0;0
435824;despesas_es_2024_completo_parte_04.csv;58791;0;0
435948;despesas_es_2024_completo_parte_04.csv;58915;0;0
435952;despesas_es_2024_completo_parte_04.csv;58919;0;0
435984;despesas_es_2024_completo_parte_04.csv;58951;0;0
435986;despesas_es_2024_completo_parte_04.csv;58953;0;0
436011;despesas_es_2024_completo_parte_04.csv;58978;0;0
436048;despesas_es_2024_completo_parte_04.csv;59015;773067;1
436092;despesas_es_2024_completo_parte_04.csv;59059;8090;1
436299;despesas_es_2024_completo_parte_04.csv;59266;0;0
436356;despesas_es_2024_completo_parte_04.csv;59323;1597;1
436397;despesas_es_2024_completo_parte_04.csv;59364;42961;1
436441;despesas_es_2024_completo_parte_04.csv;59408;0;0
436485;despesas_es_2024_completo_parte_04.csv;59452;2859836;1
436493;despesas_es_2024_completo_parte_04.csv;59460;0;0
436552;despesas_es_2024_completo_parte_04.csv;59519;2929;1
436597;despesas_es_2024_completo_parte_04.csv;59564;-8800;0
436739;despesas_es_2024_completo_parte_04.csv;59706;169493;1
436753;despesas_es_2024_completo_parte_04.csv;59720;0;0
436770;despesas_es_2024_completo_parte_04.csv;59737;0;0
436774;despesas_es_2024_completo_parte_04.csv;59741;0;0
436791;despesas_es_2024_completo_parte_04.csv;59758;0;0
436866;despesas_es_2024_completo_parte_04.csv;59833;18800;1
436889;despesas_es_2024_completo_parte_04.csv;59856;2400;1
436909;despesas_es_2024_completo_parte_04.csv;59876;612612;1
436911;despesas_es_2024_completo_parte_04.csv;59878;563420;1
437086;despesas_es_2024_completo_parte_04.csv;60053;26400;1
437139;despesas_es_2024_completo_parte_04.csv;60106;134801;1
437189;despesas_es_2024_completo_parte_04.csv;60156;0;0
437204;despesas_es_2024_completo_parte_04.csv;60171;0;0
437224;despesas_es_2024_completo_parte_04.csv;60191;0;0
437248;despesas_es_2024_completo_parte_04.csv;60215;0;0
437257;despesas_es_2024_completo_parte_04.csv;60224;0;0
437306;despesas_es_2024_completo_parte_04.csv;60273;0;0
437432;despesas_es_2024_completo_parte_04.csv;60399;0;0
437476;despesas_es_2024_completo_parte_04.csv;60443;0;0
437496;despesas_es_2024_completo_parte_04.csv;60463;76734;1
437522;despesas_es_2024_completo_parte_04.csv;60489;0;0
437541;despesas_es_2024_completo_parte_04.csv;60508;11708;1
437564;despesas_es_2024_completo_parte_04.csv;60531;0;0
437582;despesas_es_2024_completo_parte_04.csv;60549;-2904116;0
437583;despesas_es_2024_completo_parte_04.csv;60550;-1120001;0
437596;despesas_es_2024_completo_parte_04.csv;60563;469573;1
437663;despesas_es_2024_completo_parte_04.csv;60630;0;0
437708;despesas_es_2024_completo_parte_04.csv;60675;0;0
437736;despesas_es_2024_completo_parte_04.csv;60703;0;0
437740;despesas_es_2024_completo_parte_04.csv;60707;0;0
437801;despesas_es_2024_completo_parte_04.csv;60768;0;0
437804;despesas_es_2024_completo_parte_04.csv;60771;0;0
437871;despesas_es_2024_completo_parte_04.csv;60838;0;0
437875;despesas_es_2024_completo_parte_04.csv;60842;0;0
437900;despesas_es_2024_completo_parte_04.csv;60867;0;0
437905;despesas_es_2024_completo_parte_04.csv;60872;0;0
437965;despesas_es_2024_completo_parte_04.csv;60932;0;0
437974;despesas_es_2024_completo_parte_04.csv;60941;0;0
438101;despesas_es_2024_completo_parte_04.csv;61068;0;0
438114;despesas_es_2024_completo_parte_04.csv;61081;0;0
438122;despesas_es_2024_completo_parte_04.csv;61089;8800;1
438153;despesas_es_2024_completo_parte_04.csv;61120;0;0
438214;despesas_es_2024_completo_parte_04.csv;61181;0;0
438244;despesas_es_2024_completo_parte_04.csv;61211;0;0
438279;despesas_es_2024_completo_parte_04.csv;61246;0;0
438285;despesas_es_2024_completo_parte_04.csv;61252;0;0
438322;despesas_es_2024_completo_parte_04.csv;61289;0;0
438348;despesas_es_2024_completo_parte_04.csv;61315;0;0
438408;despesas_es_2024_completo_parte_04.csv;61375;0;0
438485;despesas_es_2024_completo_parte_04.csv;61452;0;0
438492;despesas_es_2024_completo_parte_04.csv;61459;0;0
438554;despesas_es_2024_completo_parte_04.csv;61521;0;0
438556;despesas_es_2024_completo_parte_04.csv;61523;0;0
438575;despesas_es_2024_completo_parte_04.csv;61542;0;0
438623;despesas_es_2024_completo_parte_04.csv;61590;0;0
438709;despesas_es_2024_completo_parte_04.csv;61676;0;0
438718;despesas_es_2024_completo_parte_04.csv;61685;0;0
438802;despesas_es_2024_completo_parte_04.csv;61769;0;0
438864;despesas_es_2024_completo_parte_04.csv;61831;96715;1
438894;despesas_es_2024_completo_parte_04.csv;61861;0;0
438923;despesas_es_2024_completo_parte_04.csv;61890;0;0
438952;despesas_es_2024_completo_parte_04.csv;61919;0;0
438955;despesas_es_2024_completo_parte_04.csv;61922;0;0
439012;despesas_es_2024_completo_parte_04.csv;61979;0;0
439016;despesas_es_2024_completo_parte_04.csv;61983;0;0
439260;despesas_es_2024_completo_parte_04.csv;62227;0;0
439265;despesas_es_2024_completo_parte_04.csv;62232;0;0
439273;despesas_es_2024_completo_parte_04.csv;62240;0;0
439296;despesas_es_2024_completo_parte_04.csv;62263;0;0
439325;despesas_es_2024_completo_parte_04.csv;62292;0;0
439339;despesas_es_2024_completo_parte_04.csv;62306;0;0
439343;despesas_es_2024_completo_parte_04.csv;62310;0;0
439457;despesas_es_2024_completo_parte_04.csv;62424;0;0
439473;despesas_es_2024_completo_parte_04.csv;62440;0;0
439478;despesas_es_2024_completo_parte_04.csv;62445;0;0
439489;despesas_es_2024_completo_parte_04.csv;62456;0;0
439556;despesas_es_2024_completo_parte_04.csv;62523;0;0
439594;despesas_es_2024_completo_parte_04.csv;62561;0;0
439717;despesas_es_2024_completo_parte_04.csv;62684;0;0
439735;despesas_es_2024_completo_parte_04.csv;62702;0;0
439740;despesas_es_2024_completo_parte_04.csv;62707;0;0
439776;despesas_es_2024_completo_parte_04.csv;62743;0;0
439949;despesas_es_2024_completo_parte_04.csv;62916;0;0
439964;despesas_es_2024_completo_parte_04.csv;62931;0;0
439968;despesas_es_2024_completo_parte_04.csv;62935;0;0
439989;despesas_es_2024_completo_parte_04.csv;62956;0;0
440020;despesas_es_2024_completo_parte_04.csv;62987;0;0
440080;despesas_es_2024_completo_parte_04.csv;63047;0;0
440144;despesas_es_2024_completo_parte_04.csv;63111;0;0
440163;despesas_es_2024_completo_parte_04.csv;63130;0;0
440169;despesas_es_2024_completo_parte_04.csv;63136;0;0
440280;despesas_es_2024_completo_parte_04.csv;63247;36620456;1
440320;despesas_es_2024_completo_parte_04.csv;63287;0;0
440327;despesas_es_2024_completo_parte_04.csv;63294;0;0
440336;despesas_es_2024_completo_parte_04.csv;63303;257388;1
440366;despesas_es_2024_completo_parte_04.csv;63333;-165531;0
440387;despesas_es_2024_completo_parte_04.csv;63354;56098;1
440397;despesas_es_2024_completo_parte_04.csv;63364;0;0
440427;despesas_es_2024_completo_parte_04.csv;63394;0;0
440442;despesas_es_2024_completo_parte_04.csv;63409;0;0
440519;despesas_es_2024_completo_parte_04.csv;63486;0;0
440539;despesas_es_2024_completo_parte_04.csv;63506;6808;1
440567;despesas_es_2024_completo_parte_04.csv;63534;330753;1
440575;despesas_es_2024_completo_parte_04.csv;63542;8800;1
440605;despesas_es_2024_completo_parte_04.csv;63572;0;0
440626;despesas_es_2024_completo_parte_04.csv;63593;0;0
440730;despesas_es_2024_completo_parte_04.csv;63697;70920;1
440786;despesas_es_2024_completo_parte_04.csv;63753;0;0
440808;despesas_es_2024_completo_parte_04.csv;63775;0;0
440925;despesas_es_2024_completo_parte_04.csv;63892;0;0
440926;despesas_es_2024_completo_parte_04.csv;63893;0;0
440949;despesas_es_2024_completo_parte_04.csv;63916;0;0
441000;despesas_es_2024_completo_parte_04.csv;63967;46890;1
441136;despesas_es_2024_completo_parte_04.csv;64103;0;0
441166;despesas_es_2024_completo_parte_04.csv;64133;0;0
441280;despesas_es_2024_completo_parte_04.csv;64247;0;0
441319;despesas_es_2024_completo_parte_04.csv;64286;0;0
441393;despesas_es_2024_completo_parte_04.csv;64360;-10944;0
441487;despesas_es_2024_completo_parte_04.csv;64454;0;0
441488;despesas_es_2024_completo_parte_04.csv;64455;0;0
441498;despesas_es_2024_completo_parte_04.csv;64465;0;0
441537;despesas_es_2024_completo_parte_04.csv;64504;0;0
441538;despesas_es_2024_completo_parte_04.csv;64505;0;0
441798;despesas_es_2024_completo_parte_04.csv;64765;0;0
441833;despesas_es_2024_completo_parte_04.csv;64800;0;0
441837;despesas_es_2024_completo_parte_04.csv;64804;0;0
441919;despesas_es_2024_completo_parte_04.csv;64886;87750;1
441929;despesas_es_2024_completo_parte_04.csv;64896;658995;1
442125;despesas_es_2024_completo_parte_04.csv;65092;121770;1
442147;despesas_es_2024_completo_parte_04.csv;65114;200372;1
442203;despesas_es_2024_completo_parte_04.csv;65170;-9964;0
442214;despesas_es_2024_completo_parte_04.csv;65181;154008;1
442241;despesas_es_2024_completo_parte_04.csv;65208;-8800;0
442267;despesas_es_2024_completo_parte_04.csv;65234;0;0
442348;despesas_es_2024_completo_parte_04.csv;65315;0;0
442350;despesas_es_2024_completo_parte_04.csv;65317;0;0
442369;despesas_es_2024_completo_parte_04.csv;65336;0;0
442372;despesas_es_2024_completo_parte_04.csv;65339;0;0
442478;despesas_es_2024_completo_parte_04.csv;65445;0;0
442523;despesas_es_2024_completo_parte_04.csv;65490;0;0
442553;despesas_es_2024_completo_parte_04.csv;65520;8014;1
442572;despesas_es_2024_completo_parte_04.csv;65539;0;0
442629;despesas_es_2024_completo_parte_04.csv;65596;0;0
442664;despesas_es_2024_completo_parte_04.csv;65631;0;0
442738;despesas_es_2024_completo_parte_04.csv;65705;0;0
442802;despesas_es_2024_completo_parte_04.csv;65769;0;0
442807;despesas_es_2024_completo_parte_04.csv;65774;7632;1
442924;despesas_es_2024_completo_parte_04.csv;65891;0;0
442964;despesas_es_2024_completo_parte_04.csv;65931;0;0
443075;despesas_es_2024_completo_parte_04.csv;66042;0;0
443169;despesas_es_2024_completo_parte_04.csv;66136;0;0
443187;despesas_es_2024_completo_parte_04.csv;66154;0;0
443220;despesas_es_2024_completo_parte_04.csv;66187;0;0
443241;despesas_es_2024_completo_parte_04.csv;66208;0;0
443379;despesas_es_2024_completo_parte_04.csv;66346;0;0
443462;despesas_es_2024_completo_parte_04.csv;66429;0;0
443477;despesas_es_2024_completo_parte_04.csv;66444;0;0
443500;despesas_es_2024_completo_parte_04.csv;66467;0;0
443541;despesas_es_2024_completo_parte_04.csv;66508;0;0
443596;despesas_es_2024_completo_parte_04.csv;66563;0;0
443609;despesas_es_2024_completo_parte_04.csv;66576;0;0
443653;despesas_es_2024_completo_parte_04.csv;66620;0;0
443675;despesas_es_2024_completo_parte_04.csv;66642;0;0
443679;despesas_es_2024_completo_parte_04.csv;66646;0;0
443737;despesas_es_2024_completo_parte_04.csv;66704;0;0
443743;despesas_es_2024_completo_parte_04.csv;66710;0;0
443791;despesas_es_2024_completo_parte_04.csv;66758;0;0
443813;despesas_es_2024_completo_parte_04.csv;66780;71917;1
443825;despesas_es_2024_completo_parte_04.csv;66792;-8800;0
443885;despesas_es_2024_completo_parte_04.csv;66852;0;0
443894;despesas_es_2024_completo_parte_04.csv;66861;89872;1
443930;despesas_es_2024_completo_parte_04.csv;66897;30800;1
444065;despesas_es_2024_completo_parte_04.csv;67032;74800;1
444185;despesas_es_2024_completo_parte_04.csv;67152;22327;1
444207;despesas_es_2024_completo_parte_04.csv;67174;641881;1
444340;despesas_es_2024_completo_parte_04.csv;67307;341346;1
444369;despesas_es_2024_completo_parte_04.csv;67336;0;0
444377;despesas_es_2024_completo_parte_04.csv;67344;412117;1
444399;despesas_es_2024_completo_parte_04.csv;67366;0;0
444413;despesas_es_2024_completo_parte_04.csv;67380;18338;1
444429;despesas_es_2024_completo_parte_04.csv;67396;0;0
444483;despesas_es_2024_completo_parte_04.csv;67450;-3561;0
444492;despesas_es_2024_completo_parte_04.csv;67459;77162;1
444692;despesas_es_2024_completo_parte_04.csv;67659;0;0
444694;despesas_es_2024_completo_parte_04.csv;67661;0;0
444713;despesas_es_2024_completo_parte_04.csv;67680;0;0
444728;despesas_es_2024_completo_parte_04.csv;67695;0;0
444754;despesas_es_2024_completo_parte_04.csv;67721;-2500;0
444777;despesas_es_2024_completo_parte_04.csv;67744;0;0
444831;despesas_es_2024_completo_parte_04.csv;67798;0;0
445002;despesas_es_2024_completo_parte_04.csv;67969;0;0
445063;despesas_es_2024_completo_parte_04.csv;68030;0;0
445073;despesas_es_2024_completo_parte_04.csv;68040;0;0
445094;despesas_es_2024_completo_parte_04.csv;68061;0;0
445103;despesas_es_2024_completo_parte_04.csv;68070;0;0
445125;despesas_es_2024_completo_parte_04.csv;68092;0;0
445159;despesas_es_2024_completo_parte_04.csv;68126;0;0
445284;despesas_es_2024_completo_parte_04.csv;68251;0;0
445452;despesas_es_2024_completo_parte_04.csv;68419;0;0
445464;despesas_es_2024_completo_parte_04.csv;68431;0;0
445530;despesas_es_2024_completo_parte_04.csv;68497;0;0
445597;despesas_es_2024_completo_parte_04.csv;68564;0;0
445630;despesas_es_2024_completo_parte_04.csv;68597;0;0
445667;despesas_es_2024_completo_parte_04.csv;68634;0;0
445736;despesas_es_2024_completo_parte_04.csv;68703;0;0
445778;despesas_es_2024_completo_parte_04.csv;68745;20000;1
445806;despesas_es_2024_completo_parte_04.csv;68773;4432;1
445876;despesas_es_2024_completo_parte_04.csv;68843;414447;1
445878;despesas_es_2024_completo_parte_04.csv;68845;418310;1
445920;despesas_es_2024_completo_parte_04.csv;68887;0;0
445998;despesas_es_2024_completo_parte_04.csv;68965;0;0
446064;despesas_es_2024_completo_parte_04.csv;69031;8800;1
446072;despesas_es_2024_completo_parte_04.csv;69039;0;0
446157;despesas_es_2024_completo_parte_04.csv;69124;0;0
446163;despesas_es_2024_completo_parte_04.csv;69130;0;0
446305;despesas_es_2024_completo_parte_04.csv;69272;0;0
446349;despesas_es_2024_completo_parte_04.csv;69316;0;0
446376;despesas_es_2024_completo_parte_04.csv;69343;0;0
446563;despesas_es_2024_completo_parte_04.csv;69530;532217;1
446587;despesas_es_2024_completo_parte_04.csv;69554;8333;1
446613;despesas_es_2024_completo_parte_04.csv;69580;7155831;1
446641;despesas_es_2024_completo_parte_04.csv;69608;0;0
446702;despesas_es_2024_completo_parte_04.csv;69669;0;0
446717;despesas_es_2024_completo_parte_04.csv;69684;0;0
446784;despesas_es_2024_completo_parte_04.csv;69751;0;0
446790;despesas_es_2024_completo_parte_04.csv;69757;0;0
446801;despesas_es_2024_completo_parte_04.csv;69768;160203;1
446953;despesas_es_2024_completo_parte_04.csv;69920;0;0
446969;despesas_es_2024_completo_parte_04.csv;69936;0;0
447052;despesas_es_2024_completo_parte_04.csv;70019;8874;1
447172;despesas_es_2024_completo_parte_04.csv;70139;0;0
447173;despesas_es_2024_completo_parte_04.csv;70140;0;0
447183;despesas_es_2024_completo_parte_04.csv;70150;0;0
447193;despesas_es_2024_completo_parte_04.csv;70160;0;0
447195;despesas_es_2024_completo_parte_04.csv;70162;0;0
447239;despesas_es_2024_completo_parte_04.csv;70206;0;0
447320;despesas_es_2024_completo_parte_04.csv;70287;0;0
447349;despesas_es_2024_completo_parte_04.csv;70316;0;0
447361;despesas_es_2024_completo_parte_04.csv;70328;0;0
447398;despesas_es_2024_completo_parte_04.csv;70365;0;0
447428;despesas_es_2024_completo_parte_04.csv;70395;0;0
447457;despesas_es_2024_completo_parte_04.csv;70424;0;0
447503;despesas_es_2024_completo_parte_04.csv;70470;0;0
447510;despesas_es_2024_completo_parte_04.csv;70477;81314;1
447592;despesas_es_2024_completo_parte_04.csv;70559;28403;1
447605;despesas_es_2024_completo_parte_04.csv;70572;13750;1
447687;despesas_es_2024_completo_parte_04.csv;70654;1050000;1
447785;despesas_es_2024_completo_parte_04.csv;70752;0;0
447817;despesas_es_2024_completo_parte_04.csv;70784;1000;1
447866;despesas_es_2024_completo_parte_04.csv;70833;0;0
447877;despesas_es_2024_completo_parte_04.csv;70844;0;0
447996;despesas_es_2024_completo_parte_04.csv;70963;106390;1
448133;despesas_es_2024_completo_parte_04.csv;71100;0;0
448215;despesas_es_2024_completo_parte_04.csv;71182;35425;1
448227;despesas_es_2024_completo_parte_04.csv;71194;0;0
448452;despesas_es_2024_completo_parte_04.csv;71419;0;0
448521;despesas_es_2024_completo_parte_04.csv;71488;0;0
448533;despesas_es_2024_completo_parte_04.csv;71500;0;0
448553;despesas_es_2024_completo_parte_04.csv;71520;0;0
448572;despesas_es_2024_completo_parte_04.csv;71539;0;0
448610;despesas_es_2024_completo_parte_04.csv;71577;0;0
448696;despesas_es_2024_completo_parte_04.csv;71663;0;0
448718;despesas_es_2024_completo_parte_04.csv;71685;0;0
448760;despesas_es_2024_completo_parte_04.csv;71727;0;0
448874;despesas_es_2024_completo_parte_04.csv;71841;0;0
448894;despesas_es_2024_completo_parte_04.csv;71861;0;0
448914;despesas_es_2024_completo_parte_04.csv;71881;0;0
448923;despesas_es_2024_completo_parte_04.csv;71890;0;0
448940;despesas_es_2024_completo_parte_04.csv;71907;0;0
448948;despesas_es_2024_completo_parte_04.csv;71915;0;0
449001;despesas_es_2024_completo_parte_04.csv;71968;0;0
449115;despesas_es_2024_completo_parte_04.csv;72082;0;0
449134;despesas_es_2024_completo_parte_04.csv;72101;0;0
449172;despesas_es_2024_completo_parte_04.csv;72139;0;0
449193;despesas_es_2024_completo_parte_04.csv;72160;0;0
449214;despesas_es_2024_completo_parte_04.csv;72181;0;0
449433;despesas_es_2024_completo_parte_04.csv;72400;0;0
449491;despesas_es_2024_completo_parte_04.csv;72458;0;0
449498;despesas_es_2024_completo_parte_04.csv;72465;0;0
449530;despesas_es_2024_completo_parte_04.csv;72497;0;0
449558;despesas_es_2024_completo_parte_04.csv;72525;0;0
449624;despesas_es_2024_completo_parte_04.csv;72591;0;0
449626;despesas_es_2024_completo_parte_04.csv;72593;0;0
449675;despesas_es_2024_completo_parte_04.csv;72642;0;0
449735;despesas_es_2024_completo_parte_04.csv;72702;0;0
449836;despesas_es_2024_completo_parte_04.csv;72803;0;0
449913;despesas_es_2024_completo_parte_04.csv;72880;0;0
449985;despesas_es_2024_completo_parte_04.csv;72952;0;0
449994;despesas_es_2024_completo_parte_04.csv;72961;0;0
450094;despesas_es_2024_completo_parte_04.csv;73061;0;0
450098;despesas_es_2024_completo_parte_04.csv;73065;0;0
450166;despesas_es_2024_completo_parte_04.csv;73133;5420;1
450178;despesas_es_2024_completo_parte_04.csv;73145;0;0
450196;despesas_es_2024_completo_parte_04.csv;73163;-335361;0
450201;despesas_es_2024_completo_parte_04.csv;73168;19740;1
450230;despesas_es_2024_completo_parte_04.csv;73197;68;1
450310;despesas_es_2024_completo_parte_04.csv;73277;0;0
450322;despesas_es_2024_completo_parte_04.csv;73289;123778;1
450353;despesas_es_2024_completo_parte_04.csv;73320;4401260;1
450470;despesas_es_2024_completo_parte_04.csv;73437;0;0
450491;despesas_es_2024_completo_parte_04.csv;73458;0;0
450524;despesas_es_2024_completo_parte_04.csv;73491;0;0
450564;despesas_es_2024_completo_parte_04.csv;73531;0;0
450572;despesas_es_2024_completo_parte_04.csv;73539;0;0
450733;despesas_es_2024_completo_parte_04.csv;73700;0;0
450734;despesas_es_2024_completo_parte_04.csv;73701;0;0
450780;despesas_es_2024_completo_parte_04.csv;73747;0;0
450786;despesas_es_2024_completo_parte_04.csv;73753;0;0
450871;despesas_es_2024_completo_parte_04.csv;73838;27456;1
450959;despesas_es_2024_completo_parte_04.csv;73926;613692;1
450963;despesas_es_2024_completo_parte_04.csv;73930;15000;1
450988;despesas_es_2024_completo_parte_04.csv;73955;47835463;1
451106;despesas_es_2024_completo_parte_04.csv;74073;0;0
451122;despesas_es_2024_completo_parte_04.csv;74089;0;0
451209;despesas_es_2024_completo_parte_04.csv;74176;0;0
451273;despesas_es_2024_completo_parte_04.csv;74240;0;0
451360;despesas_es_2024_completo_parte_04.csv;74327;276907;1
451379;despesas_es_2024_completo_parte_04.csv;74346;22000;1
451474;despesas_es_2024_completo_parte_04.csv;74441;0;0
451499;despesas_es_2024_completo_parte_04.csv;74466;187809;1
451507;despesas_es_2024_completo_parte_04.csv;74474;0;0
451509;despesas_es_2024_completo_parte_04.csv;74476;0;0
451536;despesas_es_2024_completo_parte_04.csv;74503;0;0
451560;despesas_es_2024_completo_parte_04.csv;74527;0;0
451575;despesas_es_2024_completo_parte_04.csv;74542;0;0
451579;despesas_es_2024_completo_parte_04.csv;74546;1565138;1
451620;despesas_es_2024_completo_parte_04.csv;74587;85153;1
451669;despesas_es_2024_completo_parte_04.csv;74636;2624;1
451691;despesas_es_2024_completo_parte_04.csv;74658;141273;1
451725;despesas_es_2024_completo_parte_04.csv;74692;0;0
451753;despesas_es_2024_completo_parte_04.csv;74720;0;0
451797;despesas_es_2024_completo_parte_04.csv;74764;0;0
451900;despesas_es_2024_completo_parte_04.csv;74867;40683600;1
451923;despesas_es_2024_completo_parte_04.csv;74890;0;0
451957;despesas_es_2024_completo_parte_04.csv;74924;0;0
452012;despesas_es_2024_completo_parte_04.csv;74979;0;0
452093;despesas_es_2024_completo_parte_04.csv;75060;0;0
452142;despesas_es_2024_completo_parte_04.csv;75109;0;0
452162;despesas_es_2024_completo_parte_04.csv;75129;0;0
452165;despesas_es_2024_completo_parte_04.csv;75132;0;0
452206;despesas_es_2024_completo_parte_04.csv;75173;0;0
452249;despesas_es_2024_completo_parte_04.csv;75216;0;0
452250;despesas_es_2024_completo_parte_04.csv;75217;0;0
452308;despesas_es_2024_completo_parte_04.csv;75275;0;0
452363;despesas_es_2024_completo_parte_04.csv;75330;0;0
452366;despesas_es_2024_completo_parte_04.csv;75333;0;0
452367;despesas_es_2024_completo_parte_04.csv;75334;0;0
452369;despesas_es_2024_completo_parte_04.csv;75336;0;0
452374;despesas_es_2024_completo_parte_04.csv;75341;720;1
452838;despesas_es_2024_completo_parte_04.csv;75805;143000;1
452845;despesas_es_2024_completo_parte_04.csv;75812;35460;1
452877;despesas_es_2024_completo_parte_04.csv;75844;19263694;1
453004;despesas_es_2024_completo_parte_04.csv;75971;0;0
453014;despesas_es_2024_completo_parte_04.csv;75981;0;0
453164;despesas_es_2024_completo_parte_04.csv;76131;0;0
453211;despesas_es_2024_completo_parte_04.csv;76178;0;0
453390;despesas_es_2024_completo_parte_04.csv;76357;0;0
453437;despesas_es_2024_completo_parte_04.csv;76404;389132;1
453456;despesas_es_2024_completo_parte_04.csv;76423;0;0
453512;despesas_es_2024_completo_parte_04.csv;76479;0;0
453590;despesas_es_2024_completo_parte_04.csv;76557;0;0
453592;despesas_es_2024_completo_parte_04.csv;76559;0;0
453665;despesas_es_2024_completo_parte_04.csv;76632;0;0
453726;despesas_es_2024_completo_parte_04.csv;76693;-500;0
453757;despesas_es_2024_completo_parte_04.csv;76724;8800;1
453893;despesas_es_2024_completo_parte_04.csv;76860;0;0
453924;despesas_es_2024_completo_parte_04.csv;76891;0;0
453945;despesas_es_2024_completo_parte_04.csv;76912;0;0
453948;despesas_es_2024_completo_parte_04.csv;76915;0;0
453962;despesas_es_2024_completo_parte_04.csv;76929;840895;1
454098;despesas_es_2024_completo_parte_04.csv;77065;0;0
454165;despesas_es_2024_completo_parte_04.csv;77132;459946;1
454180;despesas_es_2024_completo_parte_04.csv;77147;0;0
454181;despesas_es_2024_completo_parte_04.csv;77148;0;0
454204;despesas_es_2024_completo_parte_04.csv;77171;0;0
454308;despesas_es_2024_completo_parte_04.csv;77275;49795078;1
454322;despesas_es_2024_completo_parte_04.csv;77289;0;0
454336;despesas_es_2024_completo_parte_04.csv;77303;0;0
454396;despesas_es_2024_completo_parte_04.csv;77363;0;0
454399;despesas_es_2024_completo_parte_04.csv;77366;0;0
454480;despesas_es_2024_completo_parte_04.csv;77447;0;0
454529;despesas_es_2024_completo_parte_04.csv;77496;0;0
454556;despesas_es_2024_completo_parte_04.csv;77523;0;0
454596;despesas_es_2024_completo_parte_04.csv;77563;0;0
454612;despesas_es_2024_completo_parte_04.csv;77579;0;0
454673;despesas_es_2024_completo_parte_04.csv;77640;0;0
454727;despesas_es_2024_completo_parte_04.csv;77694;0;0
454744;despesas_es_2024_completo_parte_04.csv;77711;0;0
454777;despesas_es_2024_completo_parte_04.csv;77744;0;0
454783;despesas_es_2024_completo_parte_04.csv;77750;125000;1
454798;despesas_es_2024_completo_parte_04.csv;77765;140110;1
454800;despesas_es_2024_completo_parte_04.csv;77767;64240;1
454815;despesas_es_2024_completo_parte_04.csv;77782;82888481;1
454859;despesas_es_2024_completo_parte_04.csv;77826;0;0
454869;despesas_es_2024_completo_parte_04.csv;77836;125000;1
454875;despesas_es_2024_completo_parte_04.csv;77842;0;0
454880;despesas_es_2024_completo_parte_04.csv;77847;0;0
454921;despesas_es_2024_completo_parte_04.csv;77888;0;0
454957;despesas_es_2024_completo_parte_04.csv;77924;397500;1
454975;despesas_es_2024_completo_parte_04.csv;77942;0;0
454978;despesas_es_2024_completo_parte_04.csv;77945;0;0
454993;despesas_es_2024_completo_parte_04.csv;77960;0;0
455033;despesas_es_2024_completo_parte_04.csv;78000;159000;1
455041;despesas_es_2024_completo_parte_04.csv;78008;0;0
455204;despesas_es_2024_completo_parte_04.csv;78171;1430556;1
455312;despesas_es_2024_completo_parte_04.csv;78279;137726;1
455384;despesas_es_2024_completo_parte_04.csv;78351;0;0
455457;despesas_es_2024_completo_parte_04.csv;78424;0;0
455475;despesas_es_2024_completo_parte_04.csv;78442;0;0
455678;despesas_es_2024_completo_parte_04.csv;78645;0;0
455705;despesas_es_2024_completo_parte_04.csv;78672;1810369;1
455870;despesas_es_2024_completo_parte_04.csv;78837;52800;1
455876;despesas_es_2024_completo_parte_04.csv;78843;112936;1
455907;despesas_es_2024_completo_parte_04.csv;78874;0;0
455926;despesas_es_2024_completo_parte_04.csv;78893;0;0
455955;despesas_es_2024_completo_parte_04.csv;78922;0;0
455984;despesas_es_2024_completo_parte_04.csv;78951;0;0
456024;despesas_es_2024_completo_parte_04.csv;78991;0;0
456083;despesas_es_2024_completo_parte_04.csv;79050;0;0
456247;despesas_es_2024_completo_parte_04.csv;79214;0;0
456285;despesas_es_2024_completo_parte_04.csv;79252;100000;1
456347;despesas_es_2024_completo_parte_04.csv;79314;-30000;0
456366;despesas_es_2024_completo_parte_04.csv;79333;-763275;0
456518;despesas_es_2024_completo_parte_04.csv;79485;35200;1
456556;despesas_es_2024_completo_parte_04.csv;79523;30800;1
456683;despesas_es_2024_completo_parte_04.csv;79650;8800;1
456739;despesas_es_2024_completo_parte_04.csv;79706;0;0
456776;despesas_es_2024_completo_parte_04.csv;79743;0;0
456818;despesas_es_2024_completo_parte_04.csv;79785;750000;1
456911;despesas_es_2024_completo_parte_04.csv;79878;129188;1
456919;despesas_es_2024_completo_parte_04.csv;79886;0;0
457109;despesas_es_2024_completo_parte_04.csv;80076;168024;1
457131;despesas_es_2024_completo_parte_04.csv;80098;8800;1
457260;despesas_es_2024_completo_parte_04.csv;80227;169900;1
457277;despesas_es_2024_completo_parte_04.csv;80244;0;0
457280;despesas_es_2024_completo_parte_04.csv;80247;1997;1
457344;despesas_es_2024_completo_parte_04.csv;80311;39400;1
457409;despesas_es_2024_completo_parte_04.csv;80376;191859;1
457574;despesas_es_2024_completo_parte_04.csv;80541;0;0
457616;despesas_es_2024_completo_parte_04.csv;80583;0;0
457842;despesas_es_2024_completo_parte_04.csv;80809;0;0
457885;despesas_es_2024_completo_parte_04.csv;80852;0;0
458049;despesas_es_2024_completo_parte_04.csv;81016;0;0
458163;despesas_es_2024_completo_parte_04.csv;81130;0;0
458193;despesas_es_2024_completo_parte_04.csv;81160;0;0
458210;despesas_es_2024_completo_parte_04.csv;81177;0;0
458227;despesas_es_2024_completo_parte_04.csv;81194;0;0
458299;despesas_es_2024_completo_parte_04.csv;81266;0;0
458325;despesas_es_2024_completo_parte_04.csv;81292;0;0
458372;despesas_es_2024_completo_parte_04.csv;81339;0;0
458417;despesas_es_2024_completo_parte_04.csv;81384;0;0
458470;despesas_es_2024_completo_parte_04.csv;81437;0;0
458499;despesas_es_2024_completo_parte_04.csv;81466;0;0
458546;despesas_es_2024_completo_parte_04.csv;81513;0;0
458620;despesas_es_2024_completo_parte_04.csv;81587;0;0
458645;despesas_es_2024_completo_parte_04.csv;81612;4459981;1
458647;despesas_es_2024_completo_parte_04.csv;81614;0;0
458753;despesas_es_2024_completo_parte_04.csv;81720;108566;1
458784;despesas_es_2024_completo_parte_04.csv;81751;174159;1
458870;despesas_es_2024_completo_parte_04.csv;81837;0;0
458875;despesas_es_2024_completo_parte_04.csv;81842;0;0
458909;despesas_es_2024_completo_parte_04.csv;81876;0;0
458931;despesas_es_2024_completo_parte_04.csv;81898;482975;1
458969;despesas_es_2024_completo_parte_04.csv;81936;0;0
459007;despesas_es_2024_completo_parte_04.csv;81974;0;0
459040;despesas_es_2024_completo_parte_04.csv;82007;0;0
459045;despesas_es_2024_completo_parte_04.csv;82012;0;0
459075;despesas_es_2024_completo_parte_04.csv;82042;0;0
459131;despesas_es_2024_completo_parte_04.csv;82098;0;0
459139;despesas_es_2024_completo_parte_04.csv;82106;197154;1
459190;despesas_es_2024_completo_parte_04.csv;82157;1121364;1
459220;despesas_es_2024_completo_parte_04.csv;82187;0;0
459372;despesas_es_2024_completo_parte_04.csv;82339;0;0
459378;despesas_es_2024_completo_parte_04.csv;82345;0;0
459523;despesas_es_2024_completo_parte_04.csv;82490;1383826;1
459533;despesas_es_2024_completo_parte_04.csv;82500;10608;1
459621;despesas_es_2024_completo_parte_04.csv;82588;0;0
459639;despesas_es_2024_completo_parte_04.csv;82606;0;0
459674;despesas_es_2024_completo_parte_04.csv;82641;0;0
459746;despesas_es_2024_completo_parte_04.csv;82713;0;0
459770;despesas_es_2024_completo_parte_04.csv;82737;0;0
459794;despesas_es_2024_completo_parte_04.csv;82761;0;0
459981;despesas_es_2024_completo_parte_04.csv;82948;0;0
459994;despesas_es_2024_completo_parte_04.csv;82961;0;0
460025;despesas_es_2024_completo_parte_04.csv;82992;0;0
460094;despesas_es_2024_completo_parte_04.csv;83061;0;0
460145;despesas_es_2024_completo_parte_04.csv;83112;35200;1
460159;despesas_es_2024_completo_parte_04.csv;83126;0;0
460214;despesas_es_2024_completo_parte_04.csv;83181;0;0
460294;despesas_es_2024_completo_parte_04.csv;83261;0;0
460323;despesas_es_2024_completo_parte_04.csv;83290;0;0
460337;despesas_es_2024_completo_parte_04.csv;83304;0;0
460339;despesas_es_2024_completo_parte_04.csv;83306;0;0
460345;despesas_es_2024_completo_parte_04.csv;83312;0;0
460448;despesas_es_2024_completo_parte_04.csv;83415;0;0
460453;despesas_es_2024_completo_parte_04.csv;83420;0;0
460539;despesas_es_2024_completo_parte_04.csv;83506;5354;1
460559;despesas_es_2024_completo_parte_04.csv;83526;104262;1
460589;despesas_es_2024_completo_parte_04.csv;83556;0;0
460617;despesas_es_2024_completo_parte_04.csv;83584;0;0
460708;despesas_es_2024_completo_parte_04.csv;83675;0;0
460753;despesas_es_2024_completo_parte_04.csv;83720;0;0
460773;despesas_es_2024_completo_parte_04.csv;83740;-52800;0
460778;despesas_es_2024_completo_parte_04.csv;83745;-1898744;0
460813;despesas_es_2024_completo_parte_04.csv;83780;0;0
460821;despesas_es_2024_completo_parte_04.csv;83788;0;0
460869;despesas_es_2024_completo_parte_04.csv;83836;200784;1
460903;despesas_es_2024_completo_parte_04.csv;83870;-579795;0
460928;despesas_es_2024_completo_parte_04.csv;83895;-5363700;0
460933;despesas_es_2024_completo_parte_04.csv;83900;-580867;0
460949;despesas_es_2024_completo_parte_04.csv;83916;-510303;0
460950;despesas_es_2024_completo_parte_04.csv;83917;-70809;0
460978;despesas_es_2024_completo_parte_04.csv;83945;272680;1
461014;despesas_es_2024_completo_parte_04.csv;83981;0;0
461114;despesas_es_2024_completo_parte_04.csv;84081;-2261448;0
461129;despesas_es_2024_completo_parte_04.csv;84096;0;0
461159;despesas_es_2024_completo_parte_04.csv;84126;0;0
461188;despesas_es_2024_completo_parte_04.csv;84155;0;0
461192;despesas_es_2024_completo_parte_04.csv;84159;8800;1
461234;despesas_es_2024_completo_parte_04.csv;84201;-1049529;0
461265;despesas_es_2024_completo_parte_04.csv;84232;0;0
461295;despesas_es_2024_completo_parte_04.csv;84262;8800;1
461306;despesas_es_2024_completo_parte_04.csv;84273;258932;1
461367;despesas_es_2024_completo_parte_04.csv;84334;0;0
461405;despesas_es_2024_completo_parte_04.csv;84372;0;0
461435;despesas_es_2024_completo_parte_04.csv;84402;915600;1
461452;despesas_es_2024_completo_parte_04.csv;84419;1186500;1
461453;despesas_es_2024_completo_parte_04.csv;84420;13400;1
461547;despesas_es_2024_completo_parte_04.csv;84514;30800;1
461629;despesas_es_2024_completo_parte_04.csv;84596;4186;1
461692;despesas_es_2024_completo_parte_04.csv;84659;0;0
461721;despesas_es_2024_completo_parte_04.csv;84688;12357450;1
461764;despesas_es_2024_completo_parte_04.csv;84731;5000000;1
461781;despesas_es_2024_completo_parte_04.csv;84748;0;0
461801;despesas_es_2024_completo_parte_04.csv;84768;0;0
461987;despesas_es_2024_completo_parte_04.csv;84954;0;0
462000;despesas_es_2024_completo_parte_04.csv;84967;0;0
462043;despesas_es_2024_completo_parte_04.csv;85010;0;0
462070;despesas_es_2024_completo_parte_04.csv;85037;0;0
462111;despesas_es_2024_completo_parte_04.csv;85078;592276;1
462113;despesas_es_2024_completo_parte_04.csv;85080;837340;1
462141;despesas_es_2024_completo_parte_04.csv;85108;0;0
462165;despesas_es_2024_completo_parte_04.csv;85132;0;0
462217;despesas_es_2024_completo_parte_04.csv;85184;0;0
462240;despesas_es_2024_completo_parte_04.csv;85207;0;0
462253;despesas_es_2024_completo_parte_04.csv;85220;193030;1
462262;despesas_es_2024_completo_parte_04.csv;85229;0;0
462302;despesas_es_2024_completo_parte_04.csv;85269;8800;1
462501;despesas_es_2024_completo_parte_04.csv;85468;0;0
462562;despesas_es_2024_completo_parte_04.csv;85529;0;0
462625;despesas_es_2024_completo_parte_04.csv;85592;-106554;0
462692;despesas_es_2024_completo_parte_04.csv;85659;0;0
462701;despesas_es_2024_completo_parte_04.csv;85668;0;0
462713;despesas_es_2024_completo_parte_04.csv;85680;0;0
462776;despesas_es_2024_completo_parte_04.csv;85743;0;0
462784;despesas_es_2024_completo_parte_04.csv;85751;31520;1
462848;despesas_es_2024_completo_parte_04.csv;85815;0;0
462866;despesas_es_2024_completo_parte_04.csv;85833;0;0
462923;despesas_es_2024_completo_parte_04.csv;85890;548842;1
463152;despesas_es_2024_completo_parte_04.csv;86119;0;0
463182;despesas_es_2024_completo_parte_04.csv;86149;0;0
463253;despesas_es_2024_completo_parte_04.csv;86220;0;0
463438;despesas_es_2024_completo_parte_04.csv;86405;0;0
463499;despesas_es_2024_completo_parte_04.csv;86466;0;0
463565;despesas_es_2024_completo_parte_04.csv;86532;0;0
463650;despesas_es_2024_completo_parte_04.csv;86617;0;0
463653;despesas_es_2024_completo_parte_04.csv;86620;0;0
463654;despesas_es_2024_completo_parte_04.csv;86621;0;0
463657;despesas_es_2024_completo_parte_04.csv;86624;0;0
463761;despesas_es_2024_completo_parte_04.csv;86728;0;0
463816;despesas_es_2024_completo_parte_04.csv;86783;0;0
463859;despesas_es_2024_completo_parte_04.csv;86826;0;0
463875;despesas_es_2024_completo_parte_04.csv;86842;30760;1
463878;despesas_es_2024_completo_parte_04.csv;86845;0;0
463931;despesas_es_2024_completo_parte_04.csv;86898;331351;1
463957;despesas_es_2024_completo_parte_04.csv;86924;0;0
463972;despesas_es_2024_completo_parte_04.csv;86939;0;0
464022;despesas_es_2024_completo_parte_04.csv;86989;0;0
464031;despesas_es_2024_completo_parte_04.csv;86998;0;0
464057;despesas_es_2024_completo_parte_04.csv;87024;18148;1
464208;despesas_es_2024_completo_parte_04.csv;87175;0;0
464277;despesas_es_2024_completo_parte_04.csv;87244;0;0
464288;despesas_es_2024_completo_parte_04.csv;87255;0;0
464310;despesas_es_2024_completo_parte_04.csv;87277;0;0
464354;despesas_es_2024_completo_parte_04.csv;87321;0;0
464368;despesas_es_2024_completo_parte_04.csv;87335;0;0
464407;despesas_es_2024_completo_parte_04.csv;87374;0;0
464516;despesas_es_2024_completo_parte_04.csv;87483;1175511;1
464656;despesas_es_2024_completo_parte_04.csv;87623;30888;1
464688;despesas_es_2024_completo_parte_04.csv;87655;0;0
464754;despesas_es_2024_completo_parte_04.csv;87721;0;0
464766;despesas_es_2024_completo_parte_04.csv;87733;0;0
464813;despesas_es_2024_completo_parte_04.csv;87780;29919;1
464816;despesas_es_2024_completo_parte_04.csv;87783;0;0
464849;despesas_es_2024_completo_parte_04.csv;87816;71326;1
464889;despesas_es_2024_completo_parte_04.csv;87856;145445;1
464918;despesas_es_2024_completo_parte_04.csv;87885;437;1
464926;despesas_es_2024_completo_parte_04.csv;87893;0;0
464948;despesas_es_2024_completo_parte_04.csv;87915;17868;1
464952;despesas_es_2024_completo_parte_04.csv;87919;0;0
465096;despesas_es_2024_completo_parte_04.csv;88063;0;0
465124;despesas_es_2024_completo_parte_04.csv;88091;27203;1
465168;despesas_es_2024_completo_parte_04.csv;88135;8800;1
465200;despesas_es_2024_completo_parte_04.csv;88167;0;0
465206;despesas_es_2024_completo_parte_04.csv;88173;0;0
465240;despesas_es_2024_completo_parte_04.csv;88207;0;0
465248;despesas_es_2024_completo_parte_04.csv;88215;0;0
465289;despesas_es_2024_completo_parte_04.csv;88256;0;0
465318;despesas_es_2024_completo_parte_04.csv;88285;0;0
465374;despesas_es_2024_completo_parte_04.csv;88341;0;0
465383;despesas_es_2024_completo_parte_04.csv;88350;0;0
465465;despesas_es_2024_completo_parte_04.csv;88432;0;0
465546;despesas_es_2024_completo_parte_04.csv;88513;0;0
465620;despesas_es_2024_completo_parte_04.csv;88587;0;0
465699;despesas_es_2024_completo_parte_04.csv;88666;0;0
465750;despesas_es_2024_completo_parte_04.csv;88717;0;0
465760;despesas_es_2024_completo_parte_04.csv;88727;0;0
465991;despesas_es_2024_completo_parte_04.csv;88958;0;0
466077;despesas_es_2024_completo_parte_04.csv;89044;0;0
466078;despesas_es_2024_completo_parte_04.csv;89045;0;0
466163;despesas_es_2024_completo_parte_04.csv;89130;0;0
466201;despesas_es_2024_completo_parte_04.csv;89168;411632;1
466308;despesas_es_2024_completo_parte_04.csv;89275;0;0
466325;despesas_es_2024_completo_parte_04.csv;89292;0;0
466354;despesas_es_2024_completo_parte_04.csv;89321;0;0
466517;despesas_es_2024_completo_parte_04.csv;89484;0;0
466530;despesas_es_2024_completo_parte_04.csv;89497;0;0
466533;despesas_es_2024_completo_parte_04.csv;89500;0;0
466559;despesas_es_2024_completo_parte_04.csv;89526;637724;1
466594;despesas_es_2024_completo_parte_04.csv;89561;3222;1
466599;despesas_es_2024_completo_parte_04.csv;89566;0;0
466790;despesas_es_2024_completo_parte_04.csv;89757;0;0
466822;despesas_es_2024_completo_parte_04.csv;89789;0;0
466830;despesas_es_2024_completo_parte_04.csv;89797;0;0
466881;despesas_es_2024_completo_parte_04.csv;89848;0;0
466977;despesas_es_2024_completo_parte_04.csv;89944;0;0
466988;despesas_es_2024_completo_parte_04.csv;89955;24007;1
467075;despesas_es_2024_completo_parte_04.csv;90042;3272220;1
467148;despesas_es_2024_completo_parte_04.csv;90115;0;0
467189;despesas_es_2024_completo_parte_04.csv;90156;-138180;0
467261;despesas_es_2024_completo_parte_04.csv;90228;21458;1
467320;despesas_es_2024_completo_parte_04.csv;90287;0;0
467340;despesas_es_2024_completo_parte_04.csv;90307;0;0
467346;despesas_es_2024_completo_parte_04.csv;90313;0;0
467356;despesas_es_2024_completo_parte_04.csv;90323;-8800;0
467510;despesas_es_2024_completo_parte_04.csv;90477;0;0
467547;despesas_es_2024_completo_parte_04.csv;90514;90780;1
467676;despesas_es_2024_completo_parte_04.csv;90643;0;0
467681;despesas_es_2024_completo_parte_04.csv;90648;0;0
467691;despesas_es_2024_completo_parte_04.csv;90658;0;0
467752;despesas_es_2024_completo_parte_04.csv;90719;0;0
467875;despesas_es_2024_completo_parte_04.csv;90842;0;0
467879;despesas_es_2024_completo_parte_04.csv;90846;0;0
467931;despesas_es_2024_completo_parte_04.csv;90898;0;0
467954;despesas_es_2024_completo_parte_04.csv;90921;0;0
468001;despesas_es_2024_completo_parte_04.csv;90968;644174;1
468077;despesas_es_2024_completo_parte_04.csv;91044;8564800;1
468161;despesas_es_2024_completo_parte_04.csv;91128;0;0
468278;despesas_es_2024_completo_parte_04.csv;91245;-8800;0
468304;despesas_es_2024_completo_parte_04.csv;91271;0;0
468390;despesas_es_2024_completo_parte_04.csv;91357;-6203937;0
468424;despesas_es_2024_completo_parte_04.csv;91391;79200;1
468436;despesas_es_2024_completo_parte_04.csv;91403;0;0
468477;despesas_es_2024_completo_parte_04.csv;91444;0;0
468539;despesas_es_2024_completo_parte_04.csv;91506;0;0
468662;despesas_es_2024_completo_parte_04.csv;91629;0;0
468852;despesas_es_2024_completo_parte_04.csv;91819;0;0
468931;despesas_es_2024_completo_parte_04.csv;91898;0;0
468961;despesas_es_2024_completo_parte_04.csv;91928;0;0
468970;despesas_es_2024_completo_parte_04.csv;91937;0;0
468979;despesas_es_2024_completo_parte_04.csv;91946;0;0
469025;despesas_es_2024_completo_parte_04.csv;91992;0;0
469042;despesas_es_2024_completo_parte_04.csv;92009;0;0
469080;despesas_es_2024_completo_parte_04.csv;92047;0;0
469204;despesas_es_2024_completo_parte_04.csv;92171;0;0
469215;despesas_es_2024_completo_parte_04.csv;92182;0;0
469337;despesas_es_2024_completo_parte_04.csv;92304;19115;1
469348;despesas_es_2024_completo_parte_04.csv;92315;8800;1
469371;despesas_es_2024_completo_parte_04.csv;92338;475780;1
469415;despesas_es_2024_completo_parte_04.csv;92382;1530218;1
469425;despesas_es_2024_completo_parte_04.csv;92392;0;0
469476;despesas_es_2024_completo_parte_04.csv;92443;0;0
469486;despesas_es_2024_completo_parte_04.csv;92453;50571;1
469540;despesas_es_2024_completo_parte_04.csv;92507;0;0
469707;despesas_es_2024_completo_parte_04.csv;92674;240000;1
469832;despesas_es_2024_completo_parte_04.csv;92799;0;0
469872;despesas_es_2024_completo_parte_04.csv;92839;0;0
469875;despesas_es_2024_completo_parte_04.csv;92842;0;0
469898;despesas_es_2024_completo_parte_04.csv;92865;0;0
469899;despesas_es_2024_completo_parte_04.csv;92866;0;0
469926;despesas_es_2024_completo_parte_04.csv;92893;2353524;1
469971;despesas_es_2024_completo_parte_04.csv;92938;0;0
470066;despesas_es_2024_completo_parte_04.csv;93033;1412644;1
470098;despesas_es_2024_completo_parte_04.csv;93065;3684;1
470100;despesas_es_2024_completo_parte_04.csv;93067;1680;1
470143;despesas_es_2024_completo_parte_04.csv;93110;0;0
470209;despesas_es_2024_completo_parte_04.csv;93176;250544;1
470239;despesas_es_2024_completo_parte_04.csv;93206;2256;1
470405;despesas_es_2024_completo_parte_04.csv;93372;0;0
470417;despesas_es_2024_completo_parte_04.csv;93384;0;0
470440;despesas_es_2024_completo_parte_04.csv;93407;44701;1
470500;despesas_es_2024_completo_parte_04.csv;93467;0;0
470626;despesas_es_2024_completo_parte_04.csv;93593;0;0
470660;despesas_es_2024_completo_parte_04.csv;93627;0;0
470691;despesas_es_2024_completo_parte_04.csv;93658;0;0
470775;despesas_es_2024_completo_parte_04.csv;93742;0;0
470780;despesas_es_2024_completo_parte_04.csv;93747;0;0
470804;despesas_es_2024_completo_parte_04.csv;93771;0;0
470884;despesas_es_2024_completo_parte_04.csv;93851;2431;1
470896;despesas_es_2024_completo_parte_04.csv;93863;579144;1
470898;despesas_es_2024_completo_parte_04.csv;93865;30800;1
471005;despesas_es_2024_completo_parte_04.csv;93972;0;0
471068;despesas_es_2024_completo_parte_04.csv;94035;550680;1
471088;despesas_es_2024_completo_parte_04.csv;94055;0;0
471129;despesas_es_2024_completo_parte_04.csv;94096;0;0
471132;despesas_es_2024_completo_parte_04.csv;94099;1092;1
471158;despesas_es_2024_completo_parte_04.csv;94125;0;0
471199;despesas_es_2024_completo_parte_04.csv;94166;-7880;0
471216;despesas_es_2024_completo_parte_04.csv;94183;0;0
471289;despesas_es_2024_completo_parte_04.csv;94256;0;0
471325;despesas_es_2024_completo_parte_04.csv;94292;0;0
471365;despesas_es_2024_completo_parte_04.csv;94332;0;0
471391;despesas_es_2024_completo_parte_04.csv;94358;0;0
471469;despesas_es_2024_completo_parte_04.csv;94436;0;0
471536;despesas_es_2024_completo_parte_04.csv;94503;0;0
471564;despesas_es_2024_completo_parte_04.csv;94531;0;0
471573;despesas_es_2024_completo_parte_04.csv;94540;0;0
471622;despesas_es_2024_completo_parte_04.csv;94589;0;0
471630;despesas_es_2024_completo_parte_04.csv;94597;0;0
471667;despesas_es_2024_completo_parte_04.csv;94634;0;0
471791;despesas_es_2024_completo_parte_04.csv;94758;0;0
471827;despesas_es_2024_completo_parte_04.csv;94794;0;0
471836;despesas_es_2024_completo_parte_04.csv;94803;0;0
471839;despesas_es_2024_completo_parte_04.csv;94806;0;0
471860;despesas_es_2024_completo_parte_04.csv;94827;0;0
471868;despesas_es_2024_completo_parte_04.csv;94835;0;0
471926;despesas_es_2024_completo_parte_04.csv;94893;2971143;1
471961;despesas_es_2024_completo_parte_04.csv;94928;0;0
471975;despesas_es_2024_completo_parte_04.csv;94942;8003;1
471981;despesas_es_2024_completo_parte_04.csv;94948;43240;1
471986;despesas_es_2024_completo_parte_04.csv;94953;2841483;1
471999;despesas_es_2024_completo_parte_04.csv;94966;1005475;1
472032;despesas_es_2024_completo_parte_04.csv;94999;0;0
472195;despesas_es_2024_completo_parte_04.csv;95162;315200;1
472251;despesas_es_2024_completo_parte_04.csv;95218;0;0
472272;despesas_es_2024_completo_parte_04.csv;95239;0;0
472299;despesas_es_2024_completo_parte_04.csv;95266;0;0
472324;despesas_es_2024_completo_parte_04.csv;95291;0;0
472336;despesas_es_2024_completo_parte_04.csv;95303;0;0
472342;despesas_es_2024_completo_parte_04.csv;95309;0;0
472421;despesas_es_2024_completo_parte_04.csv;95388;-94000;0
472482;despesas_es_2024_completo_parte_04.csv;95449;0;0
472555;despesas_es_2024_completo_parte_04.csv;95522;0;0
472568;despesas_es_2024_completo_parte_04.csv;95535;0;0
472613;despesas_es_2024_completo_parte_04.csv;95580;0;0
472631;despesas_es_2024_completo_parte_04.csv;95598;0;0
472635;despesas_es_2024_completo_parte_04.csv;95602;0;0
472637;despesas_es_2024_completo_parte_04.csv;95604;0;0
472647;despesas_es_2024_completo_parte_04.csv;95614;0;0
472722;despesas_es_2024_completo_parte_04.csv;95689;0;0
472792;despesas_es_2024_completo_parte_04.csv;95759;0;0
472798;despesas_es_2024_completo_parte_04.csv;95765;0;0
472826;despesas_es_2024_completo_parte_04.csv;95793;0;0
472890;despesas_es_2024_completo_parte_04.csv;95857;0;0
472930;despesas_es_2024_completo_parte_04.csv;95897;0;0
473075;despesas_es_2024_completo_parte_04.csv;96042;0;0
473150;despesas_es_2024_completo_parte_04.csv;96117;0;0
473189;despesas_es_2024_completo_parte_04.csv;96156;0;0
473219;despesas_es_2024_completo_parte_04.csv;96186;0;0
473241;despesas_es_2024_completo_parte_04.csv;96208;0;0
473285;despesas_es_2024_completo_parte_04.csv;96252;0;0
473366;despesas_es_2024_completo_parte_04.csv;96333;0;0
473500;despesas_es_2024_completo_parte_04.csv;96467;0;0
473584;despesas_es_2024_completo_parte_04.csv;96551;0;0
473785;despesas_es_2024_completo_parte_04.csv;96752;0;0
473826;despesas_es_2024_completo_parte_04.csv;96793;0;0
473835;despesas_es_2024_completo_parte_04.csv;96802;0;0
473933;despesas_es_2024_completo_parte_04.csv;96900;0;0
473935;despesas_es_2024_completo_parte_04.csv;96902;0;0
473958;despesas_es_2024_completo_parte_04.csv;96925;0;0
474071;despesas_es_2024_completo_parte_04.csv;97038;0;0
474098;despesas_es_2024_completo_parte_04.csv;97065;0;0
474203;despesas_es_2024_completo_parte_04.csv;97170;0;0
474291;despesas_es_2024_completo_parte_04.csv;97258;543344;1
474309;despesas_es_2024_completo_parte_04.csv;97276;0;0
474335;despesas_es_2024_completo_parte_04.csv;97302;24726;1
474454;despesas_es_2024_completo_parte_04.csv;97421;-181298;0
474503;despesas_es_2024_completo_parte_04.csv;97470;0;0
474513;despesas_es_2024_completo_parte_04.csv;97480;160000;1
474591;despesas_es_2024_completo_parte_04.csv;97558;0;0
474641;despesas_es_2024_completo_parte_04.csv;97608;0;0
474669;despesas_es_2024_completo_parte_04.csv;97636;0;0
474734;despesas_es_2024_completo_parte_04.csv;97701;18507;1
474762;despesas_es_2024_completo_parte_04.csv;97729;10933;1
474881;despesas_es_2024_completo_parte_04.csv;97848;0;0
474933;despesas_es_2024_completo_parte_04.csv;97900;0;0
474986;despesas_es_2024_completo_parte_04.csv;97953;0;0
474996;despesas_es_2024_completo_parte_04.csv;97963;0;0
475044;despesas_es_2024_completo_parte_04.csv;98011;0;0
475218;despesas_es_2024_completo_parte_04.csv;98185;0;0
475272;despesas_es_2024_completo_parte_04.csv;98239;0;0
475275;despesas_es_2024_completo_parte_04.csv;98242;0;0
475357;despesas_es_2024_completo_parte_04.csv;98324;0;0
475487;despesas_es_2024_completo_parte_04.csv;98454;0;0
475498;despesas_es_2024_completo_parte_04.csv;98465;0;0
475501;despesas_es_2024_completo_parte_04.csv;98468;0;0
475530;despesas_es_2024_completo_parte_04.csv;98497;0;0
475698;despesas_es_2024_completo_parte_04.csv;98665;0;0
475722;despesas_es_2024_completo_parte_04.csv;98689;0;0
475796;despesas_es_2024_completo_parte_04.csv;98763;0;0
475878;despesas_es_2024_completo_parte_04.csv;98845;0;0
475938;despesas_es_2024_completo_parte_04.csv;98905;0;0
475979;despesas_es_2024_completo_parte_04.csv;98946;0;0
476016;despesas_es_2024_completo_parte_04.csv;98983;0;0
476030;despesas_es_2024_completo_parte_04.csv;98997;0;0
476064;despesas_es_2024_completo_parte_04.csv;99031;0;0
476077;despesas_es_2024_completo_parte_04.csv;99044;0;0
476079;despesas_es_2024_completo_parte_04.csv;99046;0;0
476196;despesas_es_2024_completo_parte_04.csv;99163;0;0
476262;despesas_es_2024_completo_parte_04.csv;99229;21352;1
476310;despesas_es_2024_completo_parte_04.csv;99277;0;0
476522;despesas_es_2024_completo_parte_04.csv;99489;52466;1
476647;despesas_es_2024_completo_parte_04.csv;99614;8800;1
476650;despesas_es_2024_completo_parte_04.csv;99617;837514;1
476665;despesas_es_2024_completo_parte_04.csv;99632;0;0
476744;despesas_es_2024_completo_parte_04.csv;99711;0;0
476808;despesas_es_2024_completo_parte_04.csv;99775;0;0
476844;despesas_es_2024_completo_parte_04.csv;99811;0;0
476858;despesas_es_2024_completo_parte_04.csv;99825;0;0
476883;despesas_es_2024_completo_parte_04.csv;99850;30800;1
476904;despesas_es_2024_completo_parte_04.csv;99871;550000;1
476987;despesas_es_2024_completo_parte_04.csv;99954;0;0
477029;despesas_es_2024_completo_parte_04.csv;99996;0;0
477089;despesas_es_2024_completo_parte_04.csv;100056;0;0
477096;despesas_es_2024_completo_parte_04.csv;100063;0;0
477100;despesas_es_2024_completo_parte_04.csv;100067;0;0
477158;despesas_es_2024_completo_parte_04.csv;100125;253127;1
477163;despesas_es_2024_completo_parte_04.csv;100130;10804;1
477174;despesas_es_2024_completo_parte_04.csv;100141;0;0
477194;despesas_es_2024_completo_parte_04.csv;100161;0;0
477420;despesas_es_2024_completo_parte_04.csv;100387;0;0
477464;despesas_es_2024_completo_parte_04.csv;100431;0;0
477578;despesas_es_2024_completo_parte_04.csv;100545;0;0
477628;despesas_es_2024_completo_parte_04.csv;100595;0;0
477694;despesas_es_2024_completo_parte_04.csv;100661;0;0
477768;despesas_es_2024_completo_parte_04.csv;100735;0;0
477784;despesas_es_2024_completo_parte_04.csv;100751;0;0
477789;despesas_es_2024_completo_parte_04.csv;100756;0;0
477935;despesas_es_2024_completo_parte_04.csv;100902;0;0
477995;despesas_es_2024_completo_parte_04.csv;100962;32568613;1
478045;despesas_es_2024_completo_parte_04.csv;101012;0;0
478047;despesas_es_2024_completo_parte_04.csv;101014;0;0
478173;despesas_es_2024_completo_parte_04.csv;101140;0;0
478217;despesas_es_2024_completo_parte_04.csv;101184;0;0
478248;despesas_es_2024_completo_parte_04.csv;101215;0;0
478333;despesas_es_2024_completo_parte_04.csv;101300;3180954;1
478428;despesas_es_2024_completo_parte_04.csv;101395;0;0
478680;despesas_es_2024_completo_parte_04.csv;101647;0;0
478714;despesas_es_2024_completo_parte_04.csv;101681;0;0
478740;despesas_es_2024_completo_parte_04.csv;101707;0;0
478812;despesas_es_2024_completo_parte_04.csv;101779;0;0
478848;despesas_es_2024_completo_parte_04.csv;101815;0;0
478883;despesas_es_2024_completo_parte_04.csv;101850;0;0
478895;despesas_es_2024_completo_parte_04.csv;101862;0;0
478924;despesas_es_2024_completo_parte_04.csv;101891;0;0
478958;despesas_es_2024_completo_parte_04.csv;101925;0;0
478991;despesas_es_2024_completo_parte_04.csv;101958;0;0
479121;despesas_es_2024_completo_parte_04.csv;102088;0;0
479123;despesas_es_2024_completo_parte_04.csv;102090;0;0
479144;despesas_es_2024_completo_parte_04.csv;102111;0;0
479200;despesas_es_2024_completo_parte_04.csv;102167;0;0
479204;despesas_es_2024_completo_parte_04.csv;102171;4948716;1
479206;despesas_es_2024_completo_parte_04.csv;102173;513000;1
479214;despesas_es_2024_completo_parte_04.csv;102181;0;0
479229;despesas_es_2024_completo_parte_04.csv;102196;0;0
479239;despesas_es_2024_completo_parte_04.csv;102206;0;0
479251;despesas_es_2024_completo_parte_04.csv;102218;0;0
479381;despesas_es_2024_completo_parte_04.csv;102348;0;0
479392;despesas_es_2024_completo_parte_04.csv;102359;0;0
479437;despesas_es_2024_completo_parte_04.csv;102404;0;0
479445;despesas_es_2024_completo_parte_04.csv;102412;0;0
479499;despesas_es_2024_completo_parte_04.csv;102466;0;0
479506;despesas_es_2024_completo_parte_04.csv;102473;0;0
479715;despesas_es_2024_completo_parte_04.csv;102682;473860;1
479788;despesas_es_2024_completo_parte_04.csv;102755;230169;1
479825;despesas_es_2024_completo_parte_04.csv;102792;0;0
479880;despesas_es_2024_completo_parte_04.csv;102847;0;0
479903;despesas_es_2024_completo_parte_04.csv;102870;186059;1
479918;despesas_es_2024_completo_parte_04.csv;102885;9166;1
479967;despesas_es_2024_completo_parte_04.csv;102934;0;0
479972;despesas_es_2024_completo_parte_04.csv;102939;0;0
479986;despesas_es_2024_completo_parte_04.csv;102953;0;0
480010;despesas_es_2024_completo_parte_04.csv;102977;0;0
480018;despesas_es_2024_completo_parte_04.csv;102985;0;0
480129;despesas_es_2024_completo_parte_04.csv;103096;0;0
480170;despesas_es_2024_completo_parte_04.csv;103137;85009;1
480238;despesas_es_2024_completo_parte_04.csv;103205;0;0
480352;despesas_es_2024_completo_parte_04.csv;103319;0;0
480370;despesas_es_2024_completo_parte_04.csv;103337;0;0
480371;despesas_es_2024_completo_parte_04.csv;103338;0;0
480439;despesas_es_2024_completo_parte_04.csv;103406;0;0
480469;despesas_es_2024_completo_parte_04.csv;103436;0;0
480491;despesas_es_2024_completo_parte_04.csv;103458;0;0
480500;despesas_es_2024_completo_parte_04.csv;103467;0;0
480530;despesas_es_2024_completo_parte_04.csv;103497;0;0
480544;despesas_es_2024_completo_parte_04.csv;103511;0;0
480585;despesas_es_2024_completo_parte_04.csv;103552;0;0
480633;despesas_es_2024_completo_parte_04.csv;103600;0;0
480708;despesas_es_2024_completo_parte_04.csv;103675;117541;1
480754;despesas_es_2024_completo_parte_04.csv;103721;332166;1
480840;despesas_es_2024_completo_parte_04.csv;103807;538495;1
480854;despesas_es_2024_completo_parte_04.csv;103821;0;0
480927;despesas_es_2024_completo_parte_04.csv;103894;0;0
480957;despesas_es_2024_completo_parte_04.csv;103924;0;0
480983;despesas_es_2024_completo_parte_04.csv;103950;0;0
481049;despesas_es_2024_completo_parte_04.csv;104016;0;0
481062;despesas_es_2024_completo_parte_04.csv;104029;0;0
481082;despesas_es_2024_completo_parte_04.csv;104049;178471;1
481194;despesas_es_2024_completo_parte_04.csv;104161;0;0
481224;despesas_es_2024_completo_parte_04.csv;104191;0;0
481255;despesas_es_2024_completo_parte_04.csv;104222;0;0
481285;despesas_es_2024_completo_parte_04.csv;104252;0;0
481319;despesas_es_2024_completo_parte_04.csv;104286;0;0
481330;despesas_es_2024_completo_parte_04.csv;104297;0;0
481473;despesas_es_2024_completo_parte_04.csv;104440;0;0
481500;despesas_es_2024_completo_parte_04.csv;104467;0;0
481509;despesas_es_2024_completo_parte_04.csv;104476;0;0
481550;despesas_es_2024_completo_parte_04.csv;104517;0;0
481557;despesas_es_2024_completo_parte_04.csv;104524;0;0
481558;despesas_es_2024_completo_parte_04.csv;104525;0;0
481621;despesas_es_2024_completo_parte_04.csv;104588;0;0
481646;despesas_es_2024_completo_parte_04.csv;104613;0;0
481751;despesas_es_2024_completo_parte_04.csv;104718;75845;1
481794;despesas_es_2024_completo_parte_04.csv;104761;0;0
481860;despesas_es_2024_completo_parte_04.csv;104827;0;0
481922;despesas_es_2024_completo_parte_04.csv;104889;0;0
481972;despesas_es_2024_completo_parte_04.csv;104939;0;0
481976;despesas_es_2024_completo_parte_04.csv;104943;0;0
481993;despesas_es_2024_completo_parte_04.csv;104960;0;0
482193;despesas_es_2024_completo_parte_04.csv;105160;0;0
482232;despesas_es_2024_completo_parte_04.csv;105199;0;0
482292;despesas_es_2024_completo_parte_04.csv;105259;0;0
482332;despesas_es_2024_completo_parte_04.csv;105299;1267695;1
482382;despesas_es_2024_completo_parte_04.csv;105349;177840;1
482446;despesas_es_2024_completo_parte_04.csv;105413;0;0
482543;despesas_es_2024_completo_parte_04.csv;105510;0;0
482662;despesas_es_2024_completo_parte_04.csv;105629;0;0
482663;despesas_es_2024_completo_parte_04.csv;105630;0;0
482667;despesas_es_2024_completo_parte_04.csv;105634;0;0
482727;despesas_es_2024_completo_parte_04.csv;105694;0;0
482744;despesas_es_2024_completo_parte_04.csv;105711;0;0
482874;despesas_es_2024_completo_parte_04.csv;105841;0;0
482885;despesas_es_2024_completo_parte_04.csv;105852;0;0
482897;despesas_es_2024_completo_parte_04.csv;105864;5337;1
483002;despesas_es_2024_completo_parte_04.csv;105969;0;0
483126;despesas_es_2024_completo_parte_04.csv;106093;0;0
483160;despesas_es_2024_completo_parte_04.csv;106127;0;0
483200;despesas_es_2024_completo_parte_04.csv;106167;0;0
483231;despesas_es_2024_completo_parte_04.csv;106198;0;0
483244;despesas_es_2024_completo_parte_04.csv;106211;0;0
483250;despesas_es_2024_completo_parte_04.csv;106217;0;0
483334;despesas_es_2024_completo_parte_04.csv;106301;0;0
483386;despesas_es_2024_completo_parte_04.csv;106353;0;0
483454;despesas_es_2024_completo_parte_04.csv;106421;0;0
483462;despesas_es_2024_completo_parte_04.csv;106429;0;0
483622;despesas_es_2024_completo_parte_04.csv;106589;0;0
483691;despesas_es_2024_completo_parte_04.csv;106658;222352;1
483714;despesas_es_2024_completo_parte_04.csv;106681;0;0
483737;despesas_es_2024_completo_parte_04.csv;106704;249;1
483755;despesas_es_2024_completo_parte_04.csv;106722;2257451;1
483762;despesas_es_2024_completo_parte_04.csv;106729;30800;1
483924;despesas_es_2024_completo_parte_04.csv;106891;0;0
483993;despesas_es_2024_completo_parte_04.csv;106960;0;0
484057;despesas_es_2024_completo_parte_04.csv;107024;0;0
484272;despesas_es_2024_completo_parte_04.csv;107239;122400;1
484311;despesas_es_2024_completo_parte_04.csv;107278;0;0
484342;despesas_es_2024_completo_parte_04.csv;107309;0;0
484411;despesas_es_2024_completo_parte_04.csv;107378;0;0
484422;despesas_es_2024_completo_parte_04.csv;107389;0;0
484541;despesas_es_2024_completo_parte_04.csv;107508;355600;1
484547;despesas_es_2024_completo_parte_04.csv;107514;0;0
484606;despesas_es_2024_completo_parte_04.csv;107573;0;0
484617;despesas_es_2024_completo_parte_04.csv;107584;0;0
484627;despesas_es_2024_completo_parte_04.csv;107594;0;0
484661;despesas_es_2024_completo_parte_04.csv;107628;0;0
484685;despesas_es_2024_completo_parte_04.csv;107652;0;0
484697;despesas_es_2024_completo_parte_04.csv;107664;0;0
484701;despesas_es_2024_completo_parte_04.csv;107668;0;0
484717;despesas_es_2024_completo_parte_04.csv;107684;0;0
484741;despesas_es_2024_completo_parte_04.csv;107708;0;0
484760;despesas_es_2024_completo_parte_04.csv;107727;0;0
484793;despesas_es_2024_completo_parte_04.csv;107760;0;0
484794;despesas_es_2024_completo_parte_04.csv;107761;0;0
484833;despesas_es_2024_completo_parte_04.csv;107800;0;0
484851;despesas_es_2024_completo_parte_04.csv;107818;0;0
484886;despesas_es_2024_completo_parte_04.csv;107853;0;0
484937;despesas_es_2024_completo_parte_04.csv;107904;0;0
484995;despesas_es_2024_completo_parte_04.csv;107962;0;0
485007;despesas_es_2024_completo_parte_04.csv;107974;0;0
485106;despesas_es_2024_completo_parte_04.csv;108073;0;0
485112;despesas_es_2024_completo_parte_04.csv;108079;0;0
485212;despesas_es_2024_completo_parte_04.csv;108179;0;0
485290;despesas_es_2024_completo_parte_04.csv;108257;0;0
485331;despesas_es_2024_completo_parte_04.csv;108298;0;0
485340;despesas_es_2024_completo_parte_04.csv;108307;0;0
485458;despesas_es_2024_completo_parte_04.csv;108425;0;0
485462;despesas_es_2024_completo_parte_04.csv;108429;0;0
485474;despesas_es_2024_completo_parte_04.csv;108441;0;0
485496;despesas_es_2024_completo_parte_04.csv;108463;200000;1
485513;despesas_es_2024_completo_parte_04.csv;108480;0;0
485553;despesas_es_2024_completo_parte_04.csv;108520;0;0
485590;despesas_es_2024_completo_parte_04.csv;108557;11961;1
485624;despesas_es_2024_completo_parte_04.csv;108591;860207;1
485649;despesas_es_2024_completo_parte_04.csv;108616;8800;1
485713;despesas_es_2024_completo_parte_04.csv;108680;41425972;1
485724;despesas_es_2024_completo_parte_04.csv;108691;0;0
485749;despesas_es_2024_completo_parte_04.csv;108716;2016;1
485756;despesas_es_2024_completo_parte_04.csv;108723;0;0
485773;despesas_es_2024_completo_parte_04.csv;108740;0;0
485778;despesas_es_2024_completo_parte_04.csv;108745;0;0
485921;despesas_es_2024_completo_parte_04.csv;108888;0;0
485959;despesas_es_2024_completo_parte_04.csv;108926;0;0
485993;despesas_es_2024_completo_parte_04.csv;108960;0;0
486139;despesas_es_2024_completo_parte_04.csv;109106;0;0
486229;despesas_es_2024_completo_parte_04.csv;109196;0;0
486264;despesas_es_2024_completo_parte_04.csv;109231;0;0
486308;despesas_es_2024_completo_parte_04.csv;109275;0;0
486309;despesas_es_2024_completo_parte_04.csv;109276;0;0
486336;despesas_es_2024_completo_parte_04.csv;109303;0;0
486399;despesas_es_2024_completo_parte_04.csv;109366;0;0
486425;despesas_es_2024_completo_parte_04.csv;109392;0;0
486444;despesas_es_2024_completo_parte_04.csv;109411;151898;1
486464;despesas_es_2024_completo_parte_04.csv;109431;0;0
486470;despesas_es_2024_completo_parte_04.csv;109437;0;0
486495;despesas_es_2024_completo_parte_04.csv;109462;0;0
486508;despesas_es_2024_completo_parte_04.csv;109475;0;0
486519;despesas_es_2024_completo_parte_04.csv;109486;0;0
486602;despesas_es_2024_completo_parte_04.csv;109569;1200000;1
486693;despesas_es_2024_completo_parte_04.csv;109660;0;0
486767;despesas_es_2024_completo_parte_04.csv;109734;0;0
486773;despesas_es_2024_completo_parte_04.csv;109740;0;0
486993;despesas_es_2024_completo_parte_04.csv;109960;16760;1
487094;despesas_es_2024_completo_parte_04.csv;110061;0;0
487095;despesas_es_2024_completo_parte_04.csv;110062;0;0
487159;despesas_es_2024_completo_parte_04.csv;110126;450000;1
487213;despesas_es_2024_completo_parte_04.csv;110180;0;0
487230;despesas_es_2024_completo_parte_04.csv;110197;0;0
487323;despesas_es_2024_completo_parte_04.csv;110290;520358;1
487351;despesas_es_2024_completo_parte_04.csv;110318;0;0
487359;despesas_es_2024_completo_parte_04.csv;110326;725549;1
487423;despesas_es_2024_completo_parte_04.csv;110390;0;0
487496;despesas_es_2024_completo_parte_04.csv;110463;3752460;1
487563;despesas_es_2024_completo_parte_04.csv;110530;0;0
487591;despesas_es_2024_completo_parte_04.csv;110558;0;0
487636;despesas_es_2024_completo_parte_04.csv;110603;0;0
487699;despesas_es_2024_completo_parte_04.csv;110666;73835;1
487715;despesas_es_2024_completo_parte_04.csv;110682;0;0
487719;despesas_es_2024_completo_parte_04.csv;110686;0;0
487723;despesas_es_2024_completo_parte_04.csv;110690;0;0
487784;despesas_es_2024_completo_parte_04.csv;110751;0;0
487874;despesas_es_2024_completo_parte_04.csv;110841;0;0
487953;despesas_es_2024_completo_parte_04.csv;110920;0;0
488157;despesas_es_2024_completo_parte_04.csv;111124;0;0
488232;despesas_es_2024_completo_parte_04.csv;111199;270000;1
488252;despesas_es_2024_completo_parte_04.csv;111219;34522;1
488255;despesas_es_2024_completo_parte_04.csv;111222;1802128;1
488320;despesas_es_2024_completo_parte_04.csv;111287;783484;1
488618;despesas_es_2024_completo_parte_04.csv;111585;329182;1
488647;despesas_es_2024_completo_parte_04.csv;111614;0;0
488655;despesas_es_2024_completo_parte_04.csv;111622;0;0
488690;despesas_es_2024_completo_parte_04.csv;111657;0;0
488716;despesas_es_2024_completo_parte_04.csv;111683;0;0
488758;despesas_es_2024_completo_parte_04.csv;111725;0;0
488807;despesas_es_2024_completo_parte_04.csv;111774;4563698;1
488860;despesas_es_2024_completo_parte_04.csv;111827;0;0
488875;despesas_es_2024_completo_parte_04.csv;111842;0;0
488925;despesas_es_2024_completo_parte_04.csv;111892;0;0
488956;despesas_es_2024_completo_parte_04.csv;111923;0;0
488981;despesas_es_2024_completo_parte_04.csv;111948;0;0
489014;despesas_es_2024_completo_parte_04.csv;111981;0;0
489101;despesas_es_2024_completo_parte_04.csv;112068;246709;1
489118;despesas_es_2024_completo_parte_04.csv;112085;1926414;1
489223;despesas_es_2024_completo_parte_04.csv;112190;760;1
489249;despesas_es_2024_completo_parte_04.csv;112216;8800;1
489299;despesas_es_2024_completo_parte_04.csv;112266;93171;1
489418;despesas_es_2024_completo_parte_04.csv;112385;634600;1
489522;despesas_es_2024_completo_parte_04.csv;112489;0;0
489642;despesas_es_2024_completo_parte_04.csv;112609;0;0
489687;despesas_es_2024_completo_parte_04.csv;112654;0;0
489754;despesas_es_2024_completo_parte_04.csv;112721;0;0
489770;despesas_es_2024_completo_parte_04.csv;112737;0;0
489778;despesas_es_2024_completo_parte_04.csv;112745;0;0
489785;despesas_es_2024_completo_parte_04.csv;112752;0;0
489905;despesas_es_2024_completo_parte_04.csv;112872;0;0
490130;despesas_es_2024_completo_parte_04.csv;113097;0;0
490251;despesas_es_2024_completo_parte_04.csv;113218;0;0
490314;despesas_es_2024_completo_parte_04.csv;113281;0;0
490343;despesas_es_2024_completo_parte_04.csv;113310;0;0
490353;despesas_es_2024_completo_parte_04.csv;113320;0;0
490361;despesas_es_2024_completo_parte_04.csv;113328;0;0
490364;despesas_es_2024_completo_parte_04.csv;113331;0;0
490365;despesas_es_2024_completo_parte_04.csv;113332;0;0
490376;despesas_es_2024_completo_parte_04.csv;113343;0;0
490402;despesas_es_2024_completo_parte_04.csv;113369;0;0
490454;despesas_es_2024_completo_parte_04.csv;113421;0;0
490457;despesas_es_2024_completo_parte_04.csv;113424;0;0
490500;despesas_es_2024_completo_parte_04.csv;113467;0;0
490514;despesas_es_2024_completo_parte_04.csv;113481;0;0
490555;despesas_es_2024_completo_parte_04.csv;113522;0;0
490618;despesas_es_2024_completo_parte_04.csv;113585;0;0
490756;despesas_es_2024_completo_parte_04.csv;113723;0;0
490761;despesas_es_2024_completo_parte_04.csv;113728;0;0
490803;despesas_es_2024_completo_parte_04.csv;113770;0;0
490864;despesas_es_2024_completo_parte_04.csv;113831;0;0
490865;despesas_es_2024_completo_parte_04.csv;113832;0;0
490970;despesas_es_2024_completo_parte_04.csv;113937;0;0
491041;despesas_es_2024_completo_parte_04.csv;114008;0;0
491058;despesas_es_2024_completo_parte_04.csv;114025;0;0
491069;despesas_es_2024_completo_parte_04.csv;114036;0;0
491089;despesas_es_2024_completo_parte_04.csv;114056;0;0
491175;despesas_es_2024_completo_parte_04.csv;114142;0;0
491242;despesas_es_2024_completo_parte_04.csv;114209;0;0
491300;despesas_es_2024_completo_parte_04.csv;114267;0;0
491372;despesas_es_2024_completo_parte_04.csv;114339;0;0
491467;despesas_es_2024_completo_parte_04.csv;114434;0;0
491615;despesas_es_2024_completo_parte_04.csv;114582;0;0
491741;despesas_es_2024_completo_parte_04.csv;114708;0;0
491849;despesas_es_2024_completo_parte_04.csv;114816;0;0
491854;despesas_es_2024_completo_parte_04.csv;114821;0;0
491861;despesas_es_2024_completo_parte_04.csv;114828;0;0
491875;despesas_es_2024_completo_parte_04.csv;114842;0;0
492060;despesas_es_2024_completo_parte_04.csv;115027;0;0
492092;despesas_es_2024_completo_parte_04.csv;115059;0;0
492250;despesas_es_2024_completo_parte_04.csv;115217;0;0
492315;despesas_es_2024_completo_parte_04.csv;115282;0;0
492342;despesas_es_2024_completo_parte_04.csv;115309;3918288;1
492387;despesas_es_2024_completo_parte_04.csv;115354;0;0
492443;despesas_es_2024_completo_parte_04.csv;115410;0;0
492495;despesas_es_2024_completo_parte_04.csv;115462;8800;1
492540;despesas_es_2024_completo_parte_04.csv;115507;0;0
492542;despesas_es_2024_completo_parte_04.csv;115509;0;0
492548;despesas_es_2024_completo_parte_04.csv;115515;0;0
492552;despesas_es_2024_completo_parte_04.csv;115519;0;0
492639;despesas_es_2024_completo_parte_04.csv;115606;1500;1
492712;despesas_es_2024_completo_parte_04.csv;115679;0;0
492855;despesas_es_2024_completo_parte_04.csv;115822;24024;1
492858;despesas_es_2024_completo_parte_04.csv;115825;0;0
492888;despesas_es_2024_completo_parte_04.csv;115855;0;0
492946;despesas_es_2024_completo_parte_04.csv;115913;0;0
493072;despesas_es_2024_completo_parte_04.csv;116039;0;0
493117;despesas_es_2024_completo_parte_04.csv;116084;8207986;1
493215;despesas_es_2024_completo_parte_04.csv;116182;0;0
493424;despesas_es_2024_completo_parte_04.csv;116391;0;0
493535;despesas_es_2024_completo_parte_04.csv;116502;0;0
493585;despesas_es_2024_completo_parte_04.csv;116552;0;0
493599;despesas_es_2024_completo_parte_04.csv;116566;0;0
493688;despesas_es_2024_completo_parte_04.csv;116655;0;0
493749;despesas_es_2024_completo_parte_04.csv;116716;0;0
493816;despesas_es_2024_completo_parte_04.csv;116783;0;0
493820;despesas_es_2024_completo_parte_04.csv;116787;0;0
493832;despesas_es_2024_completo_parte_04.csv;116799;0;0
493846;despesas_es_2024_completo_parte_04.csv;116813;0;0
493863;despesas_es_2024_completo_parte_04.csv;116830;0;0
493950;despesas_es_2024_completo_parte_04.csv;116917;0;0
493961;despesas_es_2024_completo_parte_04.csv;116928;0;0
494044;despesas_es_2024_completo_parte_04.csv;117011;0;0
494143;despesas_es_2024_completo_parte_04.csv;117110;0;0
494195;despesas_es_2024_completo_parte_04.csv;117162;0;0
494209;despesas_es_2024_completo_parte_04.csv;117176;0;0
494285;despesas_es_2024_completo_parte_04.csv;117252;0;0
494323;despesas_es_2024_completo_parte_04.csv;117290;0;0
494332;despesas_es_2024_completo_parte_04.csv;117299;87750;1
494342;despesas_es_2024_completo_parte_04.csv;117309;0;0
494399;despesas_es_2024_completo_parte_04.csv;117366;0;0
494438;despesas_es_2024_completo_parte_04.csv;117405;0;0
494505;despesas_es_2024_completo_parte_04.csv;117472;0;0
494548;despesas_es_2024_completo_parte_04.csv;117515;0;0
494563;despesas_es_2024_completo_parte_04.csv;117530;0;0
494572;despesas_es_2024_completo_parte_04.csv;117539;0;0
494708;despesas_es_2024_completo_parte_04.csv;117675;0;0
494717;despesas_es_2024_completo_parte_04.csv;117684;0;0
494882;despesas_es_2024_completo_parte_04.csv;117849;0;0
495068;despesas_es_2024_completo_parte_04.csv;118035;0;0
495094;despesas_es_2024_completo_parte_04.csv;118061;0;0
495109;despesas_es_2024_completo_parte_04.csv;118076;17985;1
495131;despesas_es_2024_completo_parte_04.csv;118098;0;0
495150;despesas_es_2024_completo_parte_04.csv;118117;0;0
495242;despesas_es_2024_completo_parte_04.csv;118209;38330;1
495411;despesas_es_2024_completo_parte_04.csv;118378;591232;1
495429;despesas_es_2024_completo_parte_04.csv;118396;698165;1
495440;despesas_es_2024_completo_parte_04.csv;118407;123200;1
495455;despesas_es_2024_completo_parte_04.csv;118422;31520;1
495479;despesas_es_2024_completo_parte_04.csv;118446;3756834;1
495556;despesas_es_2024_completo_parte_04.csv;118523;9600;1
495771;despesas_es_2024_completo_parte_04.csv;118738;0;0
496032;despesas_es_2024_completo_parte_04.csv;118999;0;0
496034;despesas_es_2024_completo_parte_04.csv;119001;0;0
496064;despesas_es_2024_completo_parte_04.csv;119031;0;0
496139;despesas_es_2024_completo_parte_04.csv;119106;0;0
496167;despesas_es_2024_completo_parte_04.csv;119134;0;0
496213;despesas_es_2024_completo_parte_04.csv;119180;0;0
496447;despesas_es_2024_completo_parte_04.csv;119414;0;0
496482;despesas_es_2024_completo_parte_04.csv;119449;6782;1
496489;despesas_es_2024_completo_parte_04.csv;119456;66943;1
496581;despesas_es_2024_completo_parte_04.csv;119548;0;0
496621;despesas_es_2024_completo_parte_04.csv;119588;0;0
496631;despesas_es_2024_completo_parte_04.csv;119598;0;0
496634;despesas_es_2024_completo_parte_04.csv;119601;0;0
496636;despesas_es_2024_completo_parte_04.csv;119603;0;0
496677;despesas_es_2024_completo_parte_04.csv;119644;24057;1
496692;despesas_es_2024_completo_parte_04.csv;119659;0;0
496702;despesas_es_2024_completo_parte_04.csv;119669;0;0
496711;despesas_es_2024_completo_parte_04.csv;119678;0;0
496848;despesas_es_2024_completo_parte_04.csv;119815;0;0
496853;despesas_es_2024_completo_parte_04.csv;119820;0;0
496866;despesas_es_2024_completo_parte_04.csv;119833;0;0
496925;despesas_es_2024_completo_parte_04.csv;119892;0;0
497009;despesas_es_2024_completo_parte_04.csv;119976;0;0
497062;despesas_es_2024_completo_parte_04.csv;120029;0;0
497158;despesas_es_2024_completo_parte_04.csv;120125;2295456;1
497296;despesas_es_2024_completo_parte_04.csv;120263;0;0
497297;despesas_es_2024_completo_parte_04.csv;120264;0;0
497315;despesas_es_2024_completo_parte_04.csv;120282;0;0
497392;despesas_es_2024_completo_parte_04.csv;120359;4290;1
497408;despesas_es_2024_completo_parte_04.csv;120375;0;0
497475;despesas_es_2024_completo_parte_04.csv;120442;0;0
497487;despesas_es_2024_completo_parte_04.csv;120454;0;0
497522;despesas_es_2024_completo_parte_04.csv;120489;0;0
497659;despesas_es_2024_completo_parte_04.csv;120626;0;0
497765;despesas_es_2024_completo_parte_04.csv;120732;0;0
497805;despesas_es_2024_completo_parte_04.csv;120772;0;0
497946;despesas_es_2024_completo_parte_04.csv;120913;0;0
498014;despesas_es_2024_completo_parte_04.csv;120981;0;0
498078;despesas_es_2024_completo_parte_04.csv;121045;0;0
498137;despesas_es_2024_completo_parte_04.csv;121104;0;0
498179;despesas_es_2024_completo_parte_04.csv;121146;30925;1
498189;despesas_es_2024_completo_parte_04.csv;121156;0;0
498226;despesas_es_2024_completo_parte_04.csv;121193;0;0
498275;despesas_es_2024_completo_parte_04.csv;121242;0;0
498278;despesas_es_2024_completo_parte_04.csv;121245;0;0
498393;despesas_es_2024_completo_parte_04.csv;121360;0;0
498421;despesas_es_2024_completo_parte_04.csv;121388;0;0
498423;despesas_es_2024_completo_parte_04.csv;121390;0;0
498434;despesas_es_2024_completo_parte_04.csv;121401;0;0
498472;despesas_es_2024_completo_parte_04.csv;121439;0;0
498480;despesas_es_2024_completo_parte_04.csv;121447;0;0
498496;despesas_es_2024_completo_parte_04.csv;121463;0;0
498573;despesas_es_2024_completo_parte_04.csv;121540;31520;1
498577;despesas_es_2024_completo_parte_04.csv;121544;136000;1
498693;despesas_es_2024_completo_parte_04.csv;121660;0;0
498777;despesas_es_2024_completo_parte_04.csv;121744;0;0
498795;despesas_es_2024_completo_parte_04.csv;121762;0;0
498921;despesas_es_2024_completo_parte_04.csv;121888;0;0
498924;despesas_es_2024_completo_parte_04.csv;121891;0;0
498930;despesas_es_2024_completo_parte_04.csv;121897;809200;1
498949;despesas_es_2024_completo_parte_04.csv;121916;0;0
498984;despesas_es_2024_completo_parte_04.csv;121951;0;0
499186;despesas_es_2024_completo_parte_04.csv;122153;0;0
499201;despesas_es_2024_completo_parte_04.csv;122168;0;0
499202;despesas_es_2024_completo_parte_04.csv;122169;0;0
499239;despesas_es_2024_completo_parte_04.csv;122206;0;0
499270;despesas_es_2024_completo_parte_04.csv;122237;0;0
499330;despesas_es_2024_completo_parte_04.csv;122297;0;0
499405;despesas_es_2024_completo_parte_04.csv;122372;0;0
499450;despesas_es_2024_completo_parte_04.csv;122417;0;0
499457;despesas_es_2024_completo_parte_04.csv;122424;0;0
499510;despesas_es_2024_completo_parte_04.csv;122477;0;0
499511;despesas_es_2024_completo_parte_04.csv;122478;0;0
499591;despesas_es_2024_completo_parte_04.csv;122558;0;0
499666;despesas_es_2024_completo_parte_04.csv;122633;0;0
499669;despesas_es_2024_completo_parte_04.csv;122636;0;0
499705;despesas_es_2024_completo_parte_04.csv;122672;0;0
499707;despesas_es_2024_completo_parte_04.csv;122674;0;0
499906;despesas_es_2024_completo_parte_04.csv;122873;0;0
499956;despesas_es_2024_completo_parte_04.csv;122923;0;0
500026;despesas_es_2024_completo_parte_04.csv;122993;0;0
500079;despesas_es_2024_completo_parte_04.csv;123046;0;0
500260;despesas_es_2024_completo_parte_04.csv;123227;0;0
500288;despesas_es_2024_completo_parte_04.csv;123255;0;0
500320;despesas_es_2024_completo_parte_04.csv;123287;0;0
500349;despesas_es_2024_completo_parte_04.csv;123316;0;0
500374;despesas_es_2024_completo_parte_04.csv;123341;0;0
500427;despesas_es_2024_completo_parte_04.csv;123394;0;0
500441;despesas_es_2024_completo_parte_04.csv;123408;0;0
500443;despesas_es_2024_completo_parte_04.csv;123410;0;0
500462;despesas_es_2024_completo_parte_04.csv;123429;0;0
500478;despesas_es_2024_completo_parte_04.csv;123445;0;0
500484;despesas_es_2024_completo_parte_04.csv;123451;0;0
500505;despesas_es_2024_completo_parte_04.csv;123472;0;0
500561;despesas_es_2024_completo_parte_04.csv;123528;0;0
500599;despesas_es_2024_completo_parte_04.csv;123566;0;0
500607;despesas_es_2024_completo_parte_04.csv;123574;0;0
500611;despesas_es_2024_completo_parte_04.csv;123578;0;0
500664;despesas_es_2024_completo_parte_04.csv;123631;0;0
500665;despesas_es_2024_completo_parte_04.csv;123632;0;0
500697;despesas_es_2024_completo_parte_04.csv;123664;0;0
500794;despesas_es_2024_completo_parte_04.csv;123761;0;0
500834;despesas_es_2024_completo_parte_04.csv;123801;0;0
500889;despesas_es_2024_completo_parte_04.csv;123856;0;0
500890;despesas_es_2024_completo_parte_04.csv;123857;0;0
500911;despesas_es_2024_completo_parte_04.csv;123878;0;0
500984;despesas_es_2024_completo_parte_04.csv;123951;0;0
500989;despesas_es_2024_completo_parte_04.csv;123956;0;0
501016;despesas_es_2024_completo_parte_04.csv;123983;0;0
501076;despesas_es_2024_completo_parte_04.csv;124043;0;0
501128;despesas_es_2024_completo_parte_04.csv;124095;0;0
501167;despesas_es_2024_completo_parte_04.csv;124134;0;0
501189;despesas_es_2024_completo_parte_04.csv;124156;0;0
501196;despesas_es_2024_completo_parte_04.csv;124163;0;0
501247;despesas_es_2024_completo_parte_04.csv;124214;0;0
501289;despesas_es_2024_completo_parte_04.csv;124256;0;0
501375;despesas_es_2024_completo_parte_04.csv;124342;0;0
501511;despesas_es_2024_completo_parte_04.csv;124478;0;0
501582;despesas_es_2024_completo_parte_04.csv;124549;0;0
501587;despesas_es_2024_completo_parte_04.csv;124554;0;0
501738;despesas_es_2024_completo_parte_04.csv;124705;0;0
501798;despesas_es_2024_completo_parte_04.csv;124765;0;0
501850;despesas_es_2024_completo_parte_04.csv;124817;0;0
501867;despesas_es_2024_completo_parte_04.csv;124834;0;0
501894;despesas_es_2024_completo_parte_04.csv;124861;0;0
501925;despesas_es_2024_completo_parte_04.csv;124892;0;0
501951;despesas_es_2024_completo_parte_04.csv;124918;0;0
502017;despesas_es_2024_completo_parte_04.csv;124984;0;0
502077;despesas_es_2024_completo_parte_04.csv;125044;0;0
502151;despesas_es_2024_completo_parte_04.csv;125118;0;0
502370;despesas_es_2024_completo_parte_04.csv;125337;0;0
502388;despesas_es_2024_completo_parte_04.csv;125355;0;0
502409;despesas_es_2024_completo_parte_04.csv;125376;0;0
502493;despesas_es_2024_completo_parte_04.csv;125460;0;0
502500;despesas_es_2024_completo_parte_04.csv;125467;0;0
502505;despesas_es_2024_completo_parte_04.csv;125472;0;0
502542;despesas_es_2024_completo_parte_04.csv;125509;0;0
502613;despesas_es_2024_completo_parte_04.csv;125580;0;0
502625;despesas_es_2024_completo_parte_04.csv;125592;0;0
502644;despesas_es_2024_completo_parte_04.csv;125611;0;0
502691;despesas_es_2024_completo_parte_04.csv;125658;0;0
502701;despesas_es_2024_completo_parte_04.csv;125668;0;0
502776;despesas_es_2024_completo_parte_04.csv;125743;0;0
502817;despesas_es_2024_completo_parte_04.csv;125784;0;0
502912;despesas_es_2024_completo_parte_04.csv;125879;0;0
502917;despesas_es_2024_completo_parte_04.csv;125884;0;0
502930;despesas_es_2024_completo_parte_04.csv;125897;0;0
502947;despesas_es_2024_completo_parte_04.csv;125914;0;0
502990;despesas_es_2024_completo_parte_04.csv;125957;154676;1
503064;despesas_es_2024_completo_parte_04.csv;126031;0;0
503139;despesas_es_2024_completo_parte_04.csv;126106;0;0
503232;despesas_es_2024_completo_parte_04.csv;126199;0;0
503233;despesas_es_2024_completo_parte_04.csv;126200;0;0
503280;despesas_es_2024_completo_parte_04.csv;126247;0;0
503337;despesas_es_2024_completo_parte_04.csv;126304;0;0
503380;despesas_es_2024_completo_parte_04.csv;126347;0;0
503405;despesas_es_2024_completo_parte_04.csv;126372;0;0
503414;despesas_es_2024_completo_parte_04.csv;126381;0;0
503465;despesas_es_2024_completo_parte_04.csv;126432;0;0
503498;despesas_es_2024_completo_parte_04.csv;126465;0;0
503519;despesas_es_2024_completo_parte_04.csv;126486;0;0
503542;despesas_es_2024_completo_parte_04.csv;126509;0;0
503604;despesas_es_2024_completo_parte_04.csv;126571;0;0
503629;despesas_es_2024_completo_parte_04.csv;126596;0;0
503657;despesas_es_2024_completo_parte_04.csv;126624;0;0
503721;despesas_es_2024_completo_parte_04.csv;126688;0;0
503738;despesas_es_2024_completo_parte_04.csv;126705;0;0
503789;despesas_es_2024_completo_parte_04.csv;126756;0;0
503832;despesas_es_2024_completo_parte_04.csv;126799;0;0
503881;despesas_es_2024_completo_parte_04.csv;126848;0;0
503927;despesas_es_2024_completo_parte_04.csv;126894;0;0
503992;despesas_es_2024_completo_parte_04.csv;126959;0;0
504085;despesas_es_2024_completo_parte_04.csv;127052;0;0
504206;despesas_es_2024_completo_parte_04.csv;127173;0;0
504228;despesas_es_2024_completo_parte_04.csv;127195;0;0
504326;despesas_es_2024_completo_parte_04.csv;127293;0;0
504345;despesas_es_2024_completo_parte_04.csv;127312;0;0
504353;despesas_es_2024_completo_parte_04.csv;127320;0;0
504382;despesas_es_2024_completo_parte_04.csv;127349;0;0
504628;despesas_es_2024_completo_parte_04.csv;127595;0;0
504631;despesas_es_2024_completo_parte_04.csv;127598;0;0
504728;despesas_es_2024_completo_parte_04.csv;127695;0;0
504787;despesas_es_2024_completo_parte_04.csv;127754;0;0
504831;despesas_es_2024_completo_parte_04.csv;127798;0;0
504866;despesas_es_2024_completo_parte_04.csv;127833;0;0
504885;despesas_es_2024_completo_parte_04.csv;127852;0;0
504945;despesas_es_2024_completo_parte_04.csv;127912;0;0
505021;despesas_es_2024_completo_parte_04.csv;127988;0;0
505124;despesas_es_2024_completo_parte_04.csv;128091;0;0
505177;despesas_es_2024_completo_parte_04.csv;128144;0;0
505220;despesas_es_2024_completo_parte_04.csv;128187;0;0
505244;despesas_es_2024_completo_parte_04.csv;128211;0;0
505265;despesas_es_2024_completo_parte_04.csv;128232;0;0
505412;despesas_es_2024_completo_parte_04.csv;128379;16883174;1
505528;despesas_es_2024_completo_parte_04.csv;128495;206809;1
505545;despesas_es_2024_completo_parte_04.csv;128512;0;0
505563;despesas_es_2024_completo_parte_04.csv;128530;0;0
505570;despesas_es_2024_completo_parte_04.csv;128537;405288;1
505659;despesas_es_2024_completo_parte_04.csv;128626;3462000;1
505727;despesas_es_2024_completo_parte_04.csv;128694;5098;1
505802;despesas_es_2024_completo_parte_04.csv;128769;0;0
505858;despesas_es_2024_completo_parte_04.csv;128825;0;0
505906;despesas_es_2024_completo_parte_04.csv;128873;0;0
505912;despesas_es_2024_completo_parte_04.csv;128879;0;0
